№;Игрок;Команда;Возраст;Рост;Вес;Гражданство;Index;Минут на поле;Позиция;Единоборства;Единоборства удачные, %;Единоборства в атаке;Единоборства в атаке удачные, %;ТТД в штрафной соперника;Голы;Передачи голевые;Голевые моменты;Голевые моменты удачные, %;Голевые моменты создал;Фолы на игроке;Удары;Удары в створ;Удары точные, %;Передачи в штрафную;Передачи под удар;Офсайды;Обводки;Обводки в финальной трети;Обводки в финальной трети удачные, %;xG (ожидаемые голы);xA (ожидаемые передачи);ТТД в штрафной соперника удачные;ТТД в штрафной соперника удачные, %;Фолы;Участие в голевых атаках;Голевые моменты удачные;Удары из штрафной;Удары из штрафной точные;Удары из штрафной точные, %;Удары головой;Удары головой точные;Удары головой точные, %;Голы забитые головой;Передачи в штрафную точные;Передачи в штрафную точные, %;Полученные передачи чистые в финальной трети;Полученные передачи чистые в штрафной соперника;Овладевания мячом на половине поля соперника;Обработки мяча неудачные;Потери;Потери при передачах;Потери индивидуальные;Единоборства неудачные;Обводки неудачные;Единоборства в атаке выигранные;Единоборства вверху;Единоборства вверху выигранные;Единоборства вверху удачные, %;Обводки удачные;Обводки в финальной трети удачные;Отборы;Отборы удачные;Отборы удачные, %;xGPS (xG на удар);xGPG (xG на гол);NxG (чистый xG, разница xGT - xGOPP);Удары из-за штрафной точные, %;Удары из-за штрафной точные;Удары из-за штрафной;Обводки удачные, %;ТТД неудачные;ТТД удачные, %;ТТД;ТТД удачные;Грубые ошибки;Голевые ошибки;Входы в финальную треть;Входы в финальную треть через пас;Входы в финальную треть через продвижение;Передачи точные;Передачи;Передачи точные, %;Навесы точные, %;Навесы точные;Навесы;Передачи длинные точные, %;Передачи длинные;Передачи длинные точные;Передачи вперед в финальную треть точные, %;Передачи вперед в финальную треть точные;Передачи вперед в финальную треть;Потери мяча на своей половине;Ведения мяча;Овладевания мячом
3;Abdel Alhassane;Реал Овьедо;24;184;75;Нигер, Нигерия;173;1884;З Л;6,26;60,31%;2,48;53,85%;0,24;-;-;-;-;0,24;0,38;0,14;-;0%;1,39;0,24;0,43;0,81;0,19;50%;0;0,04;0,05;20%;0,48;0,05;-;0,05;-;0%;-;-;-;-;0,72;51,72%;7,31;0,1;1;-;6,78;4,3;2,48;2,48;0,43;1,34;1,58;1;63,64%;0,38;0,1;1,58;1,19;75,76%;0,03;-;-0,87;0%;-;0,1;47,06%;12;79,03%;56,94;45;-;-;0,62;0,62;-;34,97;44,28;78,96%;12%;0,29;2,39;37,04%;1,29;0,48;52,78%;1,82;3,44;2,01;-;5,06
19;Adama Boiro;Атлетик Бильбао;24;182;-;Испания, Сенегал;182;898;З Л;8,52;58,82%;3,31;60,61%;0,3;-;-;-;-;-;1,1;0,2;-;0%;1,1;-;-;1,7;1,1;54,55%;0,01;0,01;-;0%;0,6;0,2;-;0,1;-;0%;-;-;-;-;0,5;45,45%;5,01;0,2;1,1;-;3,81;2,61;1,2;3,51;0,9;2;2,2;1,1;50%;0,8;0,6;1,7;1,2;70,59%;0,03;-;0,39;0%;-;0,1;47,06%;9;83%;54,82;45,5;-;-;1,7;1,7;-;35,48;41,09;86,34%;29,41%;0,5;1,7;44,44%;0,9;0,4;76,92%;4,01;5,21;0,8;-;4,11
10;Aimar Oroz;Осасуна;24;177;-;Испания;184;2270;АП Ц;10,86;46,35%;6,9;50%;2,22;-;0,08;0,28;0%;0,91;2,7;1,15;0,16;13,79%;2,18;0,83;0,04;2,62;1,35;44,12%;0,08;0,16;1,11;50%;1,31;0,4;-;0,48;0,08;16,67%;0,08;-;0%;-;1,31;60%;9,44;0,59;0,56;-;6,03;3,21;2,81;5,83;1,47;3,45;2,62;1,27;48,48%;1,15;0,59;1,19;0,52;43,33%;0,07;-;0,09;11,76%;0,08;0,67;43,94%;14;71,08%;48,25;34,3;-;-;0,99;0,99;-;27,32;34,45;79,29%;15%;0,12;0,79;73,91%;0,91;0,67;69,23%;2,14;3,09;1,55;-;1,55
4;Aitor Paredes;Атлетик Бильбао;26;175;75;Испания;183;1784;З ЛЦ;4,69;67,74%;1,46;75,86%;1,21;0,1;-;0,4;25%;0,05;0,35;0,66;0,2;30,77%;0,45;0,1;-;0,15;-;-;0,06;0,02;0,55;45,83%;0,96;0,1;0,1;0,5;0,2;40%;0,5;0,2;40%;0,1;0,1;22,22%;1,01;0,25;2,17;-;2,52;2,07;0,45;1,51;0;1,11;2,42;1,51;62,5%;0,15;-;1,01;0,76;75%;0,1;0,64;0,5;0%;-;0,15;100%;8;86,52%;58,77;50,85;-;-;0,96;0,96;-;41,67;47,62;87,5%;-;-;-;52,63%;2,88;1,51;51,02%;2,52;4,94;0,86;-;7,01
15;Alvaro Nunez;Эльче;25;177;60;Испания;181;2134;З П;5,57;51,52%;2,4;59,65%;0,51;-;0,08;0,04;0%;0,34;1,05;0,25;0,04;16,67%;1,94;0,3;0,08;0,97;0,21;20%;0,01;0,09;0,17;33,33%;0,59;0,17;-;0,08;-;0%;-;-;-;-;1,27;65,22%;9,36;0,13;0,72;-;3,33;1,73;1,6;2,7;0,34;1,43;1,48;0,46;31,43%;0,63;0,04;1,31;0,76;58,06%;0,06;-;-0,36;25%;0,04;0,17;65,22%;8;87,88%;65,75;57,78;-;-;2,24;2,11;0,13;51,96;57,02;91,12%;20%;0,38;1,9;60%;1,48;0,89;82,65%;3,42;4,13;1,01;-;4,05
20;Alvaro Rodriguez;Эльче;21;192;-;Испания, Уругвай;165;2392;Ф ПЦ;16,93;51,11%;13,55;54,44%;5,57;0,26;0,23;1,32;20%;0,64;1,88;2,86;0,98;34,21%;0,87;0,64;0,68;3,2;1,66;40,91%;0,42;0,15;2,86;51,35%;1,43;0,53;0,26;2,45;0,9;36,92%;1,24;0,38;30,3%;0,04;0,41;47,83%;8,24;1,51;0,49;-;9,07;3,42;5,64;8,28;1,73;7,37;8,88;5,08;57,2%;1,47;0,68;0,71;0,38;52,63%;0,15;1,6;-0,36;18,18%;0,08;0,41;45,88%;17;58,57%;41,95;24,57;-;-;0,53;0,45;0,08;13,21;20,43;64,64%;11,11%;0,04;0,34;66,67%;0,23;0,15;48,08%;0,94;1,96;1,43;-;0,87
7;Carlos Vicente;Депортиво Алавес;27;179;-;Испания;169;1381;П П;10,49;40,99%;5,41;40,96%;2,22;0,33;-;0,33;100%;0,59;2,74;0,78;0,39;50%;3,26;0,59;0,65;2,8;1,43;22,73%;0,21;0,13;0,72;32,35%;0,85;0,46;0,33;0,59;0,33;55,56%;-;-;-;-;1,3;40%;13,16;0,65;0,91;-;6,32;2,22;4,11;6,19;2,09;2,22;1,56;0,72;45,83%;0,72;0,33;2,22;0,91;41,18%;0,27;0,65;-0,16;33,33%;0,07;0,2;25,58%;16;67,53%;50,38;34,02;-;-;0,33;0,26;0,07;26,59;36,36;73,12%;17,54%;0,65;3,71;35,29%;1,11;0,39;72%;1,17;1,63;0,72;-;3,06
46;Damian;Хетафе;23;181;-;Исландия, Испания;-;169;ЗП Ц;10,65;70%;4,79;55,56%;1,07;-;-;-;-;-;-;-;-;-;0,53;-;-;1,07;-;-;-;-;-;0%;2,13;-;-;-;-;-;-;-;-;-;-;0%;1,6;-;2,66;-;2,66;2,66;-;3,2;1,07;2,66;3,73;2,13;57,14%;-;-;2,13;1,6;75%;-;-;0,17;-;-;-;0%;13;70%;42,6;29,82;-;-;-;-;-;15,44;25,03;61,7%;-;-;-;0%;1,07;-;12,5%;0,53;4,26;-;-;4,26
35;David Jimenez;Реал Мадрид;22;144;36;Испания;-;78;З П;2,31;50%;-;-;1,15;-;-;1,15;0%;-;-;1,15;1,15;100%;-;-;-;-;-;-;0,17;-;1,15;100%;-;-;-;1,15;1,15;100%;-;-;-;-;-;-;11,54;1,15;-;-;2,31;1,15;1,15;1,15;-;-;-;-;-;-;-;-;-;-;0,15;-;0,16;-;-;-;-;3;93,18%;50,77;47,31;-;-;2,31;2,31;-;42,69;45;94,87%;0%;-;2,31;-;-;-;100%;1,15;1,15;2,31;-;-
8;Fran Beltran;Жирона;27;165;66;Испания;178;1650;ЗП ПЦ;7,15;47,33%;2,89;47,17%;0,71;0,05;-;0,38;14,29%;0,33;0,71;0,87;0,22;25%;0,98;0,27;-;0,65;0,27;60%;0,04;0,06;0,33;46,15%;1,09;0,22;0,05;0,16;0,05;33,33%;-;-;-;-;0,44;44,44%;8,62;0,33;1,25;-;3,82;2,51;1,31;3,76;0,33;1,36;1,58;0,55;34,48%;0,33;0,16;1,85;1,04;55,88%;0,04;0,67;-0,01;23,08%;0,16;0,71;50%;10;86,11%;69,11;59,51;-;-;2,84;2,84;-;52,8;57,98;91,06%;0%;-;0,16;54,55%;1,2;0,65;78,82%;3,65;4,64;1,36;-;3,38
23;Hugo Alvarez;Сельта;23;193;-;Испания;185;1492;АП ЛЦ;7,72;37,5%;5,37;38,2%;3,68;0,24;0,12;0,54;44,44%;0,84;1,03;0,84;0,48;57,14%;2,23;1,15;0,12;2,77;1,69;32,14%;0,13;0,16;1,57;42,62%;0,97;0,6;0,24;0,78;0,42;53,85%;-;-;-;-;1,27;56,76%;16,71;0,78;0,36;-;5,79;2,53;3,26;4,83;1,81;2,05;0,6;0,06;10%;0,97;0,54;1,09;0,48;44,44%;0,15;0,54;-0,09;100%;0,06;0,06;34,78%;11;77,34%;49,52;38,3;-;-;0,66;0,6;0,06;33,12;39,15;84,59%;15,38%;0,12;0,78;62,5%;0,48;0,3;80,65%;1,51;1,87;1,51;-;1,57
2;Hugo Rincon;Жирона;23;-;-;Испания;184;1880;З П;9,05;56,61%;3,69;48,05%;1,72;0,05;0,05;0,14;33,33%;0,24;2,54;0,34;0,1;28,57%;1,24;0,34;0,05;1,2;0,29;0%;0,06;0,04;0,48;27,78%;1,53;0,19;0,05;0,34;0,1;28,57%;0,1;-;0%;-;0,53;42,31%;10,63;0,72;0,38;-;4,84;3,02;1,82;3,93;0,72;1,77;2,44;1,01;41,18%;0,48;-;2,06;1,39;67,44%;0,17;1,17;-0,68;-;-;-;40%;11;79,8%;56,87;45,38;-;-;0,81;0,77;0,05;36,24;43,56;83,19%;6,9%;0,1;1,39;46,67%;0,72;0,34;62%;1,48;2,39;1,29;0,1;2,92
22;Hugo Sotelo;Сельта;22;180;-;Испания;191;1450;ЗП ПЦ;5,4;58,62%;1,37;63,64%;0,19;-;0,19;0,06;0%;0,81;0,87;0,12;0,06;50%;3,1;0,87;-;0,25;0,12;100%;0;0,3;0,12;66,67%;1,68;0,62;-;-;-;-;-;-;-;-;1,24;40%;8,13;-;1,24;-;3,79;2,98;0,81;2,23;0,12;0,87;0,43;0,19;42,86%;0,12;0,12;2,11;1,43;67,65%;0,02;-;-0,17;50%;0,06;0,12;50%;9;88,37%;73,12;64,61;-;-;3,23;3,23;-;58,16;64,37;90,36%;14,29%;0,06;0,43;62,5%;1,99;1,24;85,58%;5,52;6,46;0,93;-;4,72
18;Iker Losada;Леванте;24;175;70;Испания;162;995;АП Л;7,24;42,5%;3,71;39,02%;1,45;0,27;0,09;0,54;50%;0,36;0,63;1,27;0,36;28,57%;2,53;0,54;0,27;1,45;0,72;37,5%;0,13;0,14;0,54;37,5%;0,54;0,54;0,27;0,63;0,27;42,86%;0,18;-;0%;-;0,99;39,29%;5,52;0,54;1,45;-;5,25;2,98;2,26;4,16;0,9;1,45;1,72;0,27;15,79%;0,54;0,27;1,72;0,81;47,37%;0,11;0,49;-0,22;14,29%;0,09;0,63;37,5%;12;64,66%;33,02;21,35;-;-;0,54;0,54;-;15,38;21,98;69,96%;0%;-;0,99;14,29%;0,63;0,09;42,31%;0,99;2,35;0,99;-;2,44
8;Iker Munoz;Осасуна;23;179;-;Испания;167;1041;ЗП ЛЦ;7,69;42,7%;3,29;42,11%;0,69;-;0,09;0,09;100%;0,09;1,9;0,78;0,35;44,44%;1,3;0,17;0,09;1,04;0,52;33,33%;0,03;0,04;0,09;12,5%;1,64;0,17;0,09;0,09;0,09;100%;0,09;-;0%;-;0,52;40%;3,54;0,35;2,51;-;4,06;2,51;1,56;4,41;0,69;1,38;2,59;1,21;46,67%;0,35;0,17;1,9;0,61;31,82%;0,04;-;0,13;37,5%;0,26;0,69;33,33%;11;78,58%;51,27;40,29;-;-;2,16;2,16;-;33,2;39,34;84,4%;33,33%;0,09;0,26;56,25%;1,38;0,78;69,57%;4,15;5,97;0,86;-;5,1
12;Ilias Akhomach;Райо Вальекано;22;175;-;Испания, Марокко;175;995;П П;14,47;39,38%;9,23;31,37%;3,17;-;0,18;0,45;20%;0,63;3,35;2,17;0,72;33,33%;2,62;0,63;0,09;4,97;2,71;26,67%;0,22;0,27;1,36;42,86%;1,63;0,54;0,09;1,27;0,36;28,57%;0,27;0,09;33,33%;-;1,27;48,28%;9,86;0,81;0,36;-;6,78;2,17;4,61;8,77;3,71;2,89;0,72;0,09;12,5%;1,27;0,72;1,45;1,27;87,5%;0,1;-;0,13;40%;0,36;0,9;25,45%;15;65,83%;43,42;28,58;-;-;1,27;1,18;0,09;20,44;25,06;81,59%;10,53%;0,18;1,72;40%;0,45;0,18;78,26%;1,63;2,08;1,09;-;1,27
7;Ilyas Chaira;Реал Овьедо;25;-;-;Марокко;171;2611;АП Л;13,37;39,18%;8,48;37,4%;3,48;0,21;0,07;0,97;21,43%;0,31;1,41;2,83;1,28;45,12%;0,79;0,24;0,62;3,93;2;27,59%;0,25;0,1;1,65;47,52%;1,83;0,34;0,21;1,72;0,83;48%;0,41;0,24;58,33%;0,03;0,41;52,17%;8,76;1,17;0,79;-;6,48;1,83;4,65;8,13;2,79;3,17;1,9;0,72;38,18%;1,14;0,55;2,1;1,07;50,82%;0,09;1,22;-0,57;40,62%;0,45;1,1;28,95%;14;66,18%;42,6;28,2;-;-;0,45;0,38;0,07;19,68;24,4;80,65%;13,64%;0,21;1,52;56,25%;0,55;0,31;64,44%;1;1,55;1,31;-;1,83
17;Javi Rueda;Сельта;24;176;71;Испания;183;1532;ЗП П;8,28;46,1%;5,05;50%;2,29;0,12;0,29;0,23;75%;0,65;1,23;0,65;0,18;27,27%;1,17;0,53;0,18;2,64;1,12;36,84%;0,06;0,25;0,94;41,03%;1,47;0,65;0,18;0,41;0,06;14,29%;0,12;-;0%;-;0,47;40%;11,75;1,12;0,76;-;7,52;5,05;2,47;4,46;1,41;2,53;1,7;0,47;27,59%;1,23;0,41;1,29;0,76;59,09%;0,1;0,52;-0,12;50%;0,12;0,23;46,67%;14;72,46%;52,05;37,72;-;-;0,35;0,35;-;28,84;38,24;75,42%;5%;0,06;1,17;50%;1,76;0,88;41,67%;1,17;2,82;1,7;-;3,17
2;Jon Aramburu;Реал Сосьедад;23;174;71;Венесуэла, Испания;184;3037;З П;10,64;62,4%;3,44;64,66%;0,89;0,03;0,03;0,27;11,11%;0,09;1,33;0,62;0,15;23,81%;0,83;0,24;0,09;0,8;0,27;44,44%;0,05;0,05;0,5;56,67%;2,07;0,21;0,03;0,36;0,12;33,33%;0,24;0,12;50%;0,03;0,24;28,57%;5,36;0,41;1,81;-;5,04;3,44;1,6;4;0,47;2,22;2,07;1,48;71,43%;0,33;0,12;3,85;2,49;64,62%;0,09;1,79;-0,07;11,11%;0,03;0,27;40,74%;14;78,33%;63,71;49,9;-;-;1,78;1,6;0,18;37,58;46,91;80,1%;17,5%;0,21;1,19;32,35%;1,01;0,33;62,05%;3,59;5,78;1,19;-;4,42
4;Jon Gorrotxategi;Реал Сосьедад;23;-;-;Испания;182;2409;ЗП ПЦ;7,81;50,24%;2,47;60,61%;0,15;0,04;0,07;0,15;25%;0,22;1,05;0,49;0,07;15,38%;0,56;0,37;-;0,75;0,15;25%;0,03;0,07;0,11;75%;1,23;0,41;0,04;0,11;0,07;66,67%;0,07;-;0%;-;0,19;33,33%;4,33;0,11;2,09;-;3,25;2,47;0,78;3,89;0,37;1,49;2,43;1,12;46,15%;0,37;0,04;1,98;1,08;54,72%;0,07;0,93;-0,08;0%;-;0,37;50%;11;82,63%;61,72;51;-;-;1,76;1,76;-;42,67;49,05;86,98%;16,67%;0,04;0,22;52,94%;0,64;0,34;71,43%;3,36;4,71;0,75;-;5,34
31;Jon Mart?n Vicente;Реал Сосьедад;20;185;83;Испания;188;2488;З ПЦ;7,02;67,53%;1,63;68,89%;1,01;0,07;-;0,29;25%;-;0,43;0,54;0,18;33,33%;0,18;-;0,04;0,43;0,07;50%;0,11;0,02;0,47;46,43%;0,65;0,18;0,07;0,54;0,18;33,33%;0,51;0,18;35,71%;0,07;0,04;20%;0,43;0,22;1,74;-;2,21;1,59;0,61;2,28;0,14;1,12;4,56;3,15;69,05%;0,29;0,04;0,47;0,36;76,92%;0,2;1,46;-0,23;-;-;-;66,67%;7;89,29%;64,82;57,88;-;-;1,05;1,05;-;44,82;49,12;91,24%;-;-;-;42,11%;1,37;0,58;71%;2,57;3,62;0,72;-;5,39
5;Jorge Herrando;Осасуна;25;190;-;Испания;171;1747;З ЛЦ;5,62;56,88%;1,24;75%;0,52;-;0,1;0,15;33,33%;0,05;0,41;0,15;-;0%;0,26;0,05;-;0,15;-;-;0,02;0,03;0,21;40%;1,24;0,21;0,05;0,15;-;0%;0,15;-;0%;-;-;0%;0,41;0,1;1,18;-;2,22;1,91;0,31;2,42;0;0,93;2,47;1,39;56,25%;0,15;-;1,24;0,77;62,5%;0,15;-;-0,25;-;-;-;100%;8;84,44%;49,66;41,93;-;-;0,52;0,52;-;31,27;36,42;85,86%;0%;-;0,05;25%;1,44;0,36;46%;1,18;2,58;0,72;-;4,12
6;Mario Martin;Хетафе;22;151;37;Испания;163;2310;ЗП ПЦ;15,9;43,14%;9,31;43,93%;2,34;0,08;0,04;0,47;16,67%;0,16;1,32;1,05;0,23;22,22%;0,47;0,12;0,16;1,56;0,66;23,53%;0,12;0,05;0,7;30%;2,88;0,16;0,08;0,66;0,19;29,41%;0,31;0,08;25%;0,08;0,19;41,67%;5,14;0,43;1,17;-;6,08;2,65;3,43;9,04;1,05;4,09;7,68;3,19;41,62%;0,51;0,16;2,34;1,13;48,33%;0,11;1,52;-0,2;10%;0,04;0,39;32,5%;16;63,02%;43,09;27,16;-;-;0,47;0,47;-;16,71;22,79;73,33%;0%;-;0,39;58,33%;0,47;0,27;50,75%;1,32;2,61;1,17;-;3
21;Maroan Sannadi Harrouch;Атлетик Бильбао;25;-;-;Испания;157;338;Ф Ц;9,59;44,44%;5,33;50%;3,2;0,27;-;0,8;33,33%;0,27;1,33;2,13;1,07;50%;-;-;0,8;1,33;0,8;0%;0,3;0,07;2,4;75%;2,13;0,53;0,27;0,8;0,53;66,67%;-;-;-;-;-;-;8,52;1,33;0,27;-;7,99;3,2;4,79;5,33;1,07;2,66;5,33;2,93;55%;0,27;-;0,8;0,27;33,33%;0,14;1,14;-0,12;40%;0,53;1,33;20%;12;62,81%;32,22;20,24;-;-;0,53;0,53;-;13,58;19,17;70,83%;0%;-;0,27;50%;0,53;0,27;50%;0,8;1,6;2,13;-;0,53
16;Miguel Roman;Сельта;23;-;-;Испания;186;1430;ЗП ЛЦ;6,29;46%;2,01;46,88%;0,25;0,06;-;0,38;16,67%;0,63;0,69;0,5;0,06;12,5%;1,89;0,5;-;0,82;0,13;0%;0,06;0,14;0,06;25%;1,26;0,31;0,06;0,25;0,06;25%;-;-;-;-;0,63;33,33%;4,22;0,19;1,64;-;3,84;2,96;0,88;3,4;0,63;0,94;1,38;0,69;50%;0,19;-;1,76;0,82;46,43%;0,12;1;-0,14;0%;-;0,25;23,08%;10;82,44%;58,78;48,46;-;-;1,7;1,7;-;42,04;48,52;86,64%;25%;0,06;0,25;48,65%;2,33;1,13;68,82%;4,03;5,85;1,01;-;4,03
22;Mikel Goti;Реал Сосьедад;24;183;-;Испания;-;94;АП Ц;15,32;37,5%;9,57;50%;4,79;-;-;0,96;0%;-;-;2,87;-;0%;0,96;-;-;2,87;0,96;100%;0,89;-;-;0%;5,74;-;-;1,91;-;0%;-;-;-;-;0,96;100%;8,62;0,96;0,96;-;6,7;3,83;2,87;9,57;0,96;4,79;9,57;2,87;30%;1,91;0,96;-;-;-;0,31;-;0,04;0%;-;0,96;66,67%;28;45,28%;50,74;22,98;-;-;0,96;0,96;-;13,4;28,72;46,67%;0%;-;1,91;-;-;-;0%;-;0,96;1,91;-;1,91
8;Olasagasti;Леванте;25;176;74;Испания;168;1930;П ПЦ;8,07;51,45%;4,1;57,95%;1,59;0,05;0,23;0,37;12,5%;0,89;1,59;1,31;0,42;32,14%;5,08;0,75;-;1,17;0,56;41,67%;0,11;0,27;0,51;32,35%;0,93;0,56;0,05;0,47;0,23;50%;0,14;0,05;33,33%;-;1,45;28,44%;5,92;0,56;0,79;-;5,13;3,64;1,49;3,92;0,61;2,38;2,47;1,4;56,6%;0,56;0,23;1,73;0,84;48,65%;0,08;2,26;-0,13;22,22%;0,19;0,84;48%;16;67,19%;47,61;31,99;-;-;1,21;1,21;-;24,85;35,67;69,67%;23,81%;0,23;0,98;45,45%;2,05;0,93;49,5%;2,33;4,71;0,7;-;2,19
18;Pablo Duran;Сельта;25;-;-;Испания;169;1577;Ф Ц;7,53;36,36%;4,74;34,94%;3,65;0,11;0,06;1,14;10%;0,34;0,68;2,11;0,91;43,24%;0,91;0,29;1,08;1,88;0,97;11,76%;0,25;0,13;1,48;40,62%;0,91;0,51;0,11;1,66;0,63;37,93%;0,29;-;0%;-;0,57;62,5%;10,73;1,77;0,74;-;6,79;3,08;3,71;4,79;1,48;1,66;1,83;0,8;43,75%;0,4;0,11;0,8;0,29;35,71%;0,12;2,2;-0,39;62,5%;0,29;0,46;21,21%;12;63,3%;32,19;20,37;-;-;0,46;0,4;0,06;15,07;20,89;72,13%;0%;-;0,68;63,64%;0,63;0,4;60,87%;0,8;1,31;1,26;-;1,77
6;Sergi Altimira;Реал Бетис;24;-;-;Испания;189;1316;ЗП ПЦ;9,3;58,82%;1,98;62,07%;0,75;0,07;0,14;0,21;66,67%;0,21;1,5;0,48;0,21;42,86%;0,68;0,14;-;0,55;0,21;66,67%;0,02;0,05;0,48;63,64%;0,96;0,34;0,14;0,21;0,14;66,67%;0,07;0,07;100%;-;0,27;40%;5,47;0,27;2,19;-;2,46;1,64;0,82;3,83;0,27;1,23;1,64;1,09;66,67%;0,27;0,14;2,74;1,5;55%;0,05;0,36;0,2;25%;0,07;0,27;50%;9;86,84%;66,54;57,79;-;-;1,44;1,37;0,07;47,94;52,59;91,16%;66,67%;0,14;0,21;73,33%;1,03;0,75;74,51%;2,6;3,49;1,03;-;6,02
20;Unai Gomez;Атлетик Бильбао;23;-;-;Испания;167;1035;АП Ц;9,57;41,82%;6,09;41,43%;3,74;0,09;0,09;1,04;8,33%;0,52;0,52;2;0,61;30,43%;1,04;0,52;0,35;1,48;1,13;46,15%;0,2;0,11;1,74;46,51%;1,04;0,17;0,09;1,57;0,61;38,89%;0,61;0,17;28,57%;-;0,52;50%;6,87;0,87;1,3;-;6,43;2,78;3,65;5,57;0,96;2,52;4,17;1,39;33,33%;0,52;0,52;1,22;0,61;50%;0,1;2,32;0,24;0%;-;0,43;35,29%;13;62,5%;33,39;20,87;-;-;0,87;0,87;-;15,13;20,7;73,11%;15,38%;0,17;1,13;28,57%;0,61;0,17;56,67%;1,48;2,61;1,22;-;2,52
12;Unai Vencedor Paris;Леванте;25;176;71;Испания;163;876;ЗП ПЦ;9,55;52,69%;3,18;70,97%;0,21;-;-;-;-;0,62;0,82;-;-;-;2,67;0,62;-;0,72;0,1;100%;-;0,13;0,1;50%;2,47;0,1;-;-;-;-;-;-;-;-;0,72;26,92%;2,05;-;1,44;-;4,83;3,6;1,23;4,52;0,31;2,26;2,98;1,54;51,72%;0,41;0,1;2,98;1,13;37,93%;-;-;-0,56;-;-;-;57,14%;13;76,77%;57,95;44,49;-;-;1,54;1,54;-;35,55;44,49;79,91%;62,5%;0,51;0,82;59,26%;2,77;1,64;61,84%;4,83;7,81;1,23;-;4,01
25;Urko Izeta;Атлетик Бильбао;26;-;-;Испания;164;256;Ф Ц;8,44;33,33%;4,22;41,67%;4,92;0,35;-;1,05;33,33%;0,7;0,35;3,87;1,76;45,45%;0,7;0,35;-;1,05;0,7;0%;0,54;0,08;1,76;35,71%;1,76;0,7;0,35;2,81;1,05;37,5%;0,7;0,35;50%;0,35;0,7;100%;8,79;1,76;1,05;-;4,92;2,46;2,46;5,62;0,7;1,76;3,16;1,05;33,33%;0,35;-;2,11;0,7;33,33%;0,14;1,54;0,93;66,67%;0,7;1,05;33,33%;14;61,39%;35,51;21,8;-;-;0,35;0,35;-;15,12;21,09;71,67%;0%;-;0,7;-;-;-;75%;1,05;1,41;-;-;1,76
17;Victor Garcia;Леванте;28;180;79;Испания;164;1143;П П;9,45;52,5%;5,67;54,17%;1,81;0,16;0,08;0,55;28,57%;0,79;0,87;1,5;0,63;42,11%;1,57;0,79;0,24;2,36;0,63;37,5%;0,14;0,16;1,02;56,52%;1,02;0,31;0,16;0,71;0,39;55,56%;0,08;-;0%;-;0,71;45%;8,03;0,87;0,79;-;5,91;2,76;3,15;4,49;1,34;3,07;2,36;1,1;46,67%;1,02;0,24;1,1;0,55;50%;0,1;0,92;-0,44;30%;0,24;0,79;43,33%;12;69,75%;40,87;28,5;-;-;0,39;0,39;-;20,16;27,17;74,2%;14,29%;0,47;3,31;31,58%;1,5;0,47;33,33%;0,87;2,6;1,1;-;2,44
29;Yoel Lago;Сельта;22;-;-;Испания;178;1035;З Ц;5,13;64,41%;0,78;66,67%;0,52;-;-;0,09;0%;0,09;1,13;0,09;-;0%;-;0,09;0,09;0,17;-;-;0,01;0,01;0,17;33,33%;1,57;-;-;0,09;-;0%;0,09;-;0%;-;-;-;0,43;0,26;0,61;-;2,43;2,17;0,26;1,83;0;0,52;1,65;0,87;52,63%;0,17;-;1,57;1,22;77,78%;0,07;-;-0,69;-;-;-;100%;6;90,43%;60;54,26;-;-;0,87;0,87;-;43,22;47,04;91,87%;0%;-;0,09;13,33%;1,3;0,17;42,42%;1,22;2,87;0,96;-;4,09
41;osusana;Осасуна;21;-;-;Испания;168;202;З П;5,79;30,77%;2,67;16,67%;0,45;-;-;-;-;0,45;-;-;-;-;1,78;-;-;0,89;0,89;0%;-;0,02;-;0%;1,34;-;-;-;-;-;-;-;-;-;0,45;25%;2,67;-;0,89;-;5,35;3,56;1,78;4,01;0,89;0,45;0,89;-;0%;-;-;0,89;0,45;50%;-;-;0,37;-;-;-;0%;13;64,29%;37,43;24,06;-;-;1,78;1,78;-;16,93;26,29;64,41%;0%;-;0,45;0%;1,34;-;54,55%;2,67;4,9;1,78;-;4,01
10;Абде Эззальзули;Реал Бетис;24;177;73;Марокко, Испания;201;2443;АП Л;13,59;44,99%;8,77;42,44%;4,42;0,37;0,26;1,22;30,3%;0,96;2,62;2,73;1,03;37,84%;1,29;0,7;0,15;3,72;2,32;42,86%;0,31;0,22;1,77;40%;1,03;0,81;0,37;1,77;0,77;43,75%;0,33;0,07;22,22%;-;0,81;62,86%;11,79;1,14;1,22;-;7;2,95;4,05;7,48;2,28;3,72;2,76;1,14;41,33%;1,44;0,99;1,84;0,92;50%;0,11;0,84;0,11;26,92%;0,26;0,96;38,61%;15;68,69%;49,07;33,71;-;-;0,81;0,7;0,11;24,2;30,39;79,64%;13,73%;0,26;1,88;50%;0,59;0,29;75,44%;1,58;2,1;1,36;-;2,47
3;Абделькабир Абгар;Хетафе;27;188;80;Испания, Марокко;162;1573;З ПЦ;7,21;57,94%;2;65,71%;0,74;-;0,17;0,29;0%;0,11;2,06;0,4;0,06;14,29%;0,46;0,11;0,06;0,4;-;-;0,04;0,03;0,29;38,46%;1,77;0,17;-;0,34;0,06;16,67%;0,29;0,06;20%;-;0,06;12,5%;0,63;0,23;1,26;-;3,38;2,75;0,63;3,03;0,29;1,32;2,4;1,32;54,76%;0,11;-;1,72;1,32;76,67%;0,09;-;-0,17;0%;-;0,06;28,57%;10;74,22%;40,39;29,98;-;-;0,86;0,86;-;18,6;25,63;72,54%;-;-;-;32,89%;4,35;1,43;34,09%;1,72;5,03;0,57;-;4,75
21;Абдеррахмане Реббах;Депортиво Алавес;27;176;-;Испания, Алжир;173;1659;П Л;11,88;43,84%;6,02;41,44%;2,22;0,05;0,27;0,22;50%;1,08;1,68;1,84;0,65;35,29%;4,77;0,98;0,27;2,93;1,9;40%;0,13;0,28;0,87;39,02%;2,22;0,6;0,11;0,98;0,33;33,33%;0,05;-;0%;-;1,79;37,5%;8,3;0,33;1,03;-;5,37;2,28;3,09;6,67;1,95;2,5;1,25;0,54;43,48%;0,98;0,76;2,66;1,36;51,02%;0,07;2,44;0,54;37,5%;0,33;0,87;33,33%;17;65,9%;49,48;32,6;-;-;0,87;0,81;0,05;23,92;32,93;72,65%;14,63%;0,33;2,22;40%;0,81;0,33;55,56%;1,63;2,93;0,6;-;3,85
16;Абдул Мумин;Райо Вальекано;28;189;79;Гана;-;96;З ЛЦ;-;-;-;-;-;-;-;-;-;-;0,94;-;-;-;-;-;-;-;-;-;-;-;-;-;1,88;-;-;-;-;-;-;-;-;-;-;-;-;-;-;-;1,88;1,88;-;-;-;-;-;-;-;-;-;-;-;-;-;-;-2,87;-;-;-;-;5;88,89%;42,19;37,5;-;-;-;-;-;29,06;33,75;86,11%;-;-;-;0%;1,88;-;0%;-;0,94;-;-;2,81
23;Абель Бретонес Круз;Осасуна;25;-;-;Испания;175;1806;З Л;7,62;47,71%;3,19;45,31%;0,85;0,05;0,1;0,2;25%;0,25;1;0,55;0,15;27,27%;1,84;0,25;0,05;1,5;0,5;20%;0,04;0,06;0,3;35,29%;0,85;0,3;0,05;0,25;0,1;40%;0,1;-;0%;-;0,9;48,65%;5,13;0,3;1,1;-;5,58;3,74;1,84;3,99;0,85;1,45;1,05;0,65;61,9%;0,65;0,1;2,09;1,25;59,52%;0,07;0,73;-0,18;16,67%;0,05;0,3;43,33%;12;73,48%;45,85;33,69;-;-;0,85;0,8;0,05;24,87;32,64;76,18%;30,43%;0,35;1,15;28,57%;1,4;0,4;56,96%;2,24;3,94;1,59;-;2,99
9;Абель Руиз Ортега;Жирона;26;180;75;Испания;153;222;Ф Ц;6,89;35,29%;4,46;36,36%;6,89;-;-;0,41;0%;-;0,41;2,03;0,41;20%;0,41;-;0,41;0,41;0,41;100%;0,19;0,05;4,05;58,82%;0,81;0,41;-;1,62;0,41;25%;0,41;-;0%;-;-;0%;10,95;1,22;0,41;-;4,05;2,03;2,03;4,46;0;1,62;5,27;1,62;30,77%;0,41;0,41;0,41;-;0%;0,1;-;0,72;0%;-;0,41;100%;9;64,62%;26,35;17,03;-;-;0,81;0,81;-;13,38;16,62;80,49%;0%;-;0,81;100%;0,41;0,41;100%;0,81;0,81;-;-;0,81
11;Абу Камара;Хетафе;22;183;-;Англия;153;309;П П;12,52;27,91%;8,45;27,59%;3,79;-;-;0,29;0%;0,29;1,17;1,17;0,29;25%;1,17;0,58;0,58;3,2;2,62;11,11%;0,14;0,08;0,87;23,08%;0,58;-;-;0,87;0,29;33,33%;0,58;-;0%;-;0,29;25%;10,78;0,58;1,17;-;7,28;2,33;4,95;9,03;2,62;2,33;2,33;0,87;37,5%;0,58;0,29;2,04;0,87;42,86%;0,12;-;-0,12;0%;-;0,29;18,18%;17;55,22%;39,03;21,55;-;-;0,29;0,29;-;15,44;23,01;67,09%;0%;-;2,04;0%;0,29;-;33,33%;0,58;1,75;1,17;-;2,33
42;Абубакар Сангаре Буба Траоре;Эльче;18;183;-;Испания;169;590;З ПЦ;12,2;52,5%;6,25;39,02%;0,76;-;0,15;0,15;0%;-;1,07;0,31;-;0%;0,92;-;-;2,9;1,22;12,5%;0,04;-;0,31;40%;3,51;0,15;-;0,31;-;0%;0,15;-;0%;-;0,31;33,33%;6,86;0,15;0,92;-;4,88;2,75;2,14;5,8;2,29;2,44;2,44;1,22;50%;0,61;0,15;1,22;1,07;87,5%;0,13;-;-0,74;-;-;-;21,05%;13;79,06%;61,93;48,97;-;-;1,22;1,07;0,15;38,75;45,61;84,95%;16,67%;0,15;0,92;23,08%;1,98;0,46;66,67%;2,44;3,66;1,37;-;4,12
46;Аваро Лейва;Реал Мадрид;21;-;-;Испания;-;6;П Л;-;-;-;-;-;-;-;-;-;-;-;-;-;-;15;-;-;-;-;-;-;-;-;-;-;-;-;-;-;-;-;-;-;-;-;0%;15;-;-;-;15;15;-;-;-;-;-;-;-;-;-;-;-;-;-;-;0,6;-;-;-;-;15;50%;30;15;-;-;-;-;-;15;30;50%;-;-;-;-;-;-;-;-;-;-;-;15
9;Авдон;Мальорка;33;181;81;Испания;150;210;Ф Ц;9,43;36,36%;5,14;66,67%;4,71;-;-;1,71;0%;0,43;1,29;1,71;1,29;75%;0,86;0,86;-;0,86;0,86;50%;0,4;0,07;3;63,64%;0,86;-;-;1,71;1,29;75%;0,43;-;0%;-;-;0%;4,71;2,57;0,43;-;3;1,29;1,71;6;0,43;3,43;5,57;2,14;38,46%;0,43;0,43;1,71;-;0%;0,23;-;0,72;-;-;-;50%;10;54,72%;22,71;12,43;-;-;0,43;0,43;-;7,71;11,57;66,67%;0%;-;0,43;0%;0,43;-;25%;0,43;1,71;0,43;-;0,43
32;Адам Буаяр Бенайса;Эльче;-;-;-;Испания;162;141;П Л;15,96;52%;8,3;61,54%;3,83;0,64;-;1,28;50%;0,64;1,28;3,19;1,28;40%;1,28;0,64;0,64;3,19;1,28;0%;0,38;0,33;2,55;66,67%;-;0,64;0,64;2,55;1,28;50%;1,28;0,64;50%;-;1,28;100%;14,68;1,91;-;-;7,66;2,55;5,11;7,66;2,55;5,11;2,55;1,91;75%;0,64;-;2,55;0,64;25%;0,12;0,6;-0,92;0%;-;0,64;20%;13;72%;47,87;34,47;-;-;-;-;-;21,7;25,53;85%;0%;-;0,64;100%;0,64;0,64;75%;1,91;2,55;1,28;-;-
22;Адемола Олажаде Аладе Айлола Лукман;Атлетико Мадрид;28;174;71;Нигерия, Англия;173;668;Ф ЛЦ;7,14;37,74%;5,66;45,24%;5,79;0,54;-;1,21;44,44%;0,81;1,35;2,83;0,67;23,81%;1,35;0,67;0,94;2,29;1,62;33,33%;0,56;0,16;2,02;34,88%;0,94;0,54;0,54;2,16;0,67;31,25%;0,4;0,13;33,33%;0,13;1,35;100%;14,15;2,56;1,21;-;5,93;2,16;3,77;4,45;1,35;2,56;1,08;0,27;25%;0,94;0,54;0,27;-;0%;0,2;1,04;0,43;0%;-;0,67;41,18%;11;69,43%;35,7;24,79;-;-;0,4;0,27;0,13;20,75;25,06;82,8%;9,09%;0,13;1,48;100%;0,13;0,13;71,43%;0,67;0,94;0,94;-;1,35
24;Аднан Янузай;Севилья;31;186;76;Бельгия;179;385;АП П;10,52;44,44%;8,18;42,86%;1,64;-;-;0,7;0%;1,64;2,34;1,64;-;0%;6,08;0,94;0,23;4,68;3,97;35,29%;0,07;0,18;0,94;57,14%;1,87;1,17;-;0,23;-;0%;-;-;-;-;2,34;38,46%;13,79;0,47;1,4;-;6,55;1,87;4,68;5,84;2,81;3,51;-;-;-;1,87;1,4;1,17;0,94;80%;0,04;-;0,08;0%;-;1,4;40%;14;70,53%;48,39;34,13;-;-;1,4;1,17;0,23;28,05;34,83;80,54%;26,67%;0,94;3,51;50%;2,81;1,4;70,59%;2,81;3,97;0,23;-;2,57
3;Адриа Альтимира Рейнальдос;Вильярреал;25;170;62;Испания;-;12;З П;15;100%;-;-;-;-;-;-;-;-;-;-;-;-;-;-;-;-;-;-;-;-;-;-;-;-;-;-;-;-;-;-;-;-;-;-;-;-;-;-;-;-;-;0;-;-;-;-;-;-;-;7,5;7,5;100%;-;-;-1,65;-;-;-;-;0;100%;75;75;-;-;-;-;-;60;60;100%;-;-;-;-;-;-;100%;15;15;-;-;7,5
3;Адриа Гинер Педроса;Эльче;28;172;69;Испания;174;1248;З Л;10,75;45,64%;4,11;35,09%;1,51;0,07;0,07;0,29;25%;0,65;0,65;0,94;0,22;23,08%;2,09;0,65;0,07;2,16;1,23;17,65%;0,05;0,09;0,72;47,62%;1,37;0,22;0,07;0,43;0,14;33,33%;-;-;-;-;0,72;34,48%;8,58;0,5;0,87;-;4,33;2,52;1,8;5,84;1,8;1,44;1,66;0,5;30,43%;0,36;0,22;2,45;1,59;64,71%;0,05;0,63;-0,57;14,29%;0,07;0,5;16,67%;13;75,9%;54,16;41,11;-;-;0,79;0,79;-;30,87;37,36;82,63%;25%;0,58;2,31;42,86%;1,01;0,43;47,06%;1,15;2,45;0,79;-;3,61
4;Адриан Де Ла Фуэнте Баркилла;Леванте;27;179;77;Испания;171;2996;З ПЦ;4,3;62,24%;1,23;65,85%;1,17;0,09;0,03;0,63;14,29%;0,24;0,81;1,17;0,36;30,77%;2,55;0,24;0,03;0,33;0,12;75%;0,14;0,05;0,54;46,15%;1,05;0,24;0,09;0,6;0,27;45%;0,42;0,15;35,71%;0,03;0,81;31,76%;1,8;0,45;1,23;-;4,69;4,18;0,51;1,62;0,12;0,81;2,13;1,26;59,15%;0,21;0,09;0,72;0,51;70,83%;0,12;1,59;-0,23;15,79%;0,09;0,57;63,64%;12;80,81%;60,41;48,82;-;-;1,47;1,47;-;37,94;47,07;80,6%;13,33%;0,06;0,45;42,79%;6,88;2,94;44,48%;3,76;8,44;0,66;-;4,27
23;Адриан Лисо Лаос;Хетафе;21;-;-;Испания;161;1843;Ф ПЦ;14,21;36,08%;8,69;37,64%;2,59;0,15;-;0,34;42,86%;0,15;2,15;1,27;0,49;38,46%;0,78;0,2;0,78;2,44;1,51;32,26%;0,09;0,03;0,93;35,85%;1,9;0,29;0,15;0,73;0,29;40%;0,1;0,1;100%;-;0,2;25%;6,2;0,59;0,59;-;6,3;2;4,3;9,08;1,71;3,27;5,86;1,76;30%;0,73;0,49;1,86;0,88;47,37%;0,07;0,64;-0,22;36,36%;0,2;0,54;30%;15;53,87%;31,55;16,99;-;-;0,29;0,29;-;9,67;14,36;67,35%;7,14%;0,1;1,37;25%;0,39;0,1;50%;0,63;1,27;0,34;-;1,71
18;Аззедин Унаи;Жирона;26;182;62;Марокко;200;1878;АП Ц;14,86;40,32%;10,88;44,49%;3,69;0,24;0,1;1,05;22,73%;0,96;3,07;2,49;0,96;38,46%;3,35;0,86;0,05;6,81;3,74;44,87%;0,18;0,29;1,68;45,45%;0,91;0,72;0,24;0,96;0,43;45%;-;-;-;-;1,87;55,71%;17,97;0,86;0,72;-;8,53;3,45;5,08;8,87;3,5;4,84;0,48;0,19;40%;3,31;1,68;1,53;0,43;28,12%;0,07;0,73;-0,33;34,38%;0,53;1,53;48,59%;17;73,05%;63,83;46,63;-;-;2,44;2,44;-;37,76;44,57;84,73%;15,38%;0,19;1,25;47,83%;1,1;0,53;72,55%;3,55;4,89;1,15;-;2,01
22;Айосе Перес;Вильярреал;32;178;72;Испания;166;1237;Ф ПЦ;12,73;36%;8,73;35%;3,49;0,36;0,22;1,31;27,78%;1,09;1,67;1,82;1,02;56%;0,87;0,36;0,36;3,06;2,18;26,67%;0,4;0,17;1,6;45,83%;1,24;0,73;0,36;1,6;0,95;59,09%;0,15;-;0%;-;0,51;58,33%;5,82;0,58;0,73;-;7,13;2,33;4,8;8,15;2,11;3,06;3,13;1,02;32,56%;0,95;0,58;1,09;0,51;46,67%;0,22;1,1;0,17;33,33%;0,07;0,22;30,95%;14;60,91%;35;21,32;-;-;0,65;0,58;0,07;14,11;18,84;74,9%;14,29%;0,07;0,51;33,33%;0,22;0,07;53,85%;1,02;1,89;1,6;-;1,16
34;Айтор Манас Буэнадича;Депортиво Алавес;23;165;47;Испания;146;166;П Л;17,89;30,3%;11,93;27,27%;2,17;-;-;0,54;0%;-;0,54;1,08;0,54;50%;0,54;0,54;-;3,8;2,17;25%;0,44;0,02;1,08;50%;1,08;-;-;1,08;0,54;50%;-;-;-;-;-;0%;4,88;1,08;-;-;5,96;-;5,96;12,47;2,71;3,25;5,42;1,63;30%;1,08;0,54;2,17;1,08;50%;0,41;-;1,28;-;-;-;28,57%;15;54,24%;31,99;17,35;-;-;-;-;-;10,3;11,93;86,36%;-;-;-;-;-;-;-;-;-;1,08;-;1,63
24;Айтор Руибал Гарсиа;Реал Бетис;30;176;74;Испания;192;1946;З П;9,39;54,68%;3,28;47,89%;1,29;0,18;0,09;0,46;40%;0,32;1,16;1,43;0,55;38,71%;1,76;0,37;0,05;1,57;0,46;50%;0,14;0,05;0,83;64,29%;1,48;0,46;0,18;0,69;0,37;53,33%;0,09;0,05;50%;0,05;0,79;44,74%;8,46;0,55;0,79;-;5,09;3,19;1,9;4,25;0,88;1,57;0,88;0,28;31,58%;0,69;0,23;3,19;1,94;60,87%;0,1;0,74;0,16;25%;0,18;0,74;44,12%;12;77,55%;52,12;40,42;-;-;1,02;0,92;0,09;30,71;37,28;82,38%;33,33%;0,37;1,11;37,5%;1,85;0,69;55,42%;2,13;3,84;1,25;-;4,07
3;Айхен Муньоз Капеллан;Реал Сосьедад;28;175;68;Испания;178;969;З Л;10,03;52,78%;3,81;51,22%;0,84;0,09;-;0,19;50%;0,09;0,28;0,56;0,19;33,33%;1,21;0,09;-;1,21;0,84;22,22%;0,06;0,05;0,19;22,22%;0,65;0,19;0,09;0,28;0,19;66,67%;-;-;-;-;0,37;30,77%;5,39;0,28;1,11;-;4,46;2,79;1,67;4,74;0,84;1,95;1,49;0,56;37,5%;0,37;0,19;3,53;2,14;60,53%;0,11;0,65;-0,25;0%;-;0,28;30,77%;12;77,09%;51,08;39,38;-;-;0,84;0,74;0,09;29,26;35,85;81,61%;22,22%;0,37;1,67;54,55%;1,02;0,56;61,36%;2,51;4,09;1,3;-;3,34
9;Акор Жероме Адамс;Севилья;26;190;-;Нигерия;167;2277;Ф Ц;8,74;44,34%;7,23;46,99%;4,03;0,4;0,12;1,15;34,48%;0,4;0,51;2,49;1,19;47,62%;0,36;0,24;1,62;1,11;0,71;55,56%;0,32;0,1;1,94;48,04%;1,42;0,67;0,4;1,7;0,95;55,81%;0,32;0,2;62,5%;0,04;0,12;33,33%;6,8;1,7;0,24;-;6,76;2,33;4,43;4,86;0,47;3,4;5,3;2,33;44,03%;0,63;0,4;0,24;0,16;66,67%;0,13;0,82;-0,29;30%;0,24;0,79;57,14%;11;57,97%;27,27;15,81;-;-;0,4;0,32;0,08;9,05;14,35;63,09%;0%;-;0,47;40%;0,4;0,16;33,33%;0,51;1,54;0,79;-;0,75
20;Аксель Витцель;Жирона;37;186;81;Бельгия;184;2685;ЗП ЛЦ;6,47;53,89%;2,31;62,32%;1,01;0,03;-;0,54;6,25%;0,27;1,21;0,7;0,27;38,1%;0,5;0,2;0,03;0,54;0,1;66,67%;0,09;0,04;0,44;43,33%;1,07;0,2;0,03;0,5;0,2;40%;0,27;0,03;12,5%;-;0,37;73,33%;5,6;0,54;1,94;-;2,68;1,58;1,11;2,98;0,2;1,44;2,35;1,51;64,29%;0,34;0,07;1,58;0,64;40,43%;0,12;2,59;-0,36;33,33%;0,07;0,2;62,5%;8;87,44%;60,57;52,96;-;-;2,01;2,01;-;44,92;49,11;91,47%;0%;-;0,03;62,5%;0,54;0,34;79,82%;3,05;3,82;0,97;-;4,83
3;Алан Маттурро;Леванте;21;189;74;Уругвай;167;1074;З ЛЦ;6,45;59,74%;2,68;46,88%;2,6;0,08;0,08;0,25;33,33%;0,08;0,84;0,67;0,08;12,5%;0,84;0,17;-;0,25;0,08;0%;0,09;0,05;1,01;38,71%;0,59;0,25;0,08;0,59;0,08;14,29%;0,42;0,08;20%;0,08;-;0%;1,01;0,42;1,76;-;2,68;2,18;0,5;2,6;0,25;1,26;2,68;1,51;56,25%;-;-;1,26;1,01;80%;0,14;1,11;-0,43;0%;-;0,08;0%;10;81,57%;55,47;45,25;-;-;0,84;0,84;-;33,27;40,31;82,54%;-;-;-;24%;4,19;1,01;28,81%;1,42;4,94;0,25;-;4,69
38;Алассане Диатта;Вильярреал;21;-;-;Сенегал;-;24;ЗП ПЦ;11,25;66,67%;7,5;50%;-;-;-;-;-;-;-;-;-;-;3,75;-;-;3,75;-;-;-;-;-;-;-;-;-;-;-;-;-;-;-;-;-;0%;7,5;-;-;-;-;-;-;3,75;0;3,75;3,75;3,75;100%;3,75;-;-;-;-;-;-;-0,26;-;-;-;100%;15;85,19%;101,25;86,25;-;-;3,75;3,75;-;67,5;78,75;85,71%;-;-;-;-;-;-;66,67%;7,5;11,25;-;-;-
20;Алберто Мольеро Гонзалез;Вильярреал;22;169;-;Испания, Куба;184;2652;П Л;9,33;35,27%;4,72;37,41%;2,41;0,34;0,17;0,85;44%;0,71;0,92;1,6;0,71;44,68%;1,6;0,71;0,1;2,55;1,02;40%;0,16;0,2;1,19;49,3%;1,15;0,75;0,37;0,88;0,44;50%;0,07;0,03;50%;-;0,64;40,43%;8,25;1,15;0,75;-;6,11;3,12;2,99;6,04;1,43;1,76;0,81;0,1;12,5%;1,12;0,41;2,88;0,88;30,59%;0,1;0,48;0,35;38,1%;0,27;0,71;44%;13;68,46%;41;28,07;-;-;1,22;1,05;0,17;22,26;28,27;78,75%;15%;0,1;0,68;45%;0,68;0,31;69,05%;1,97;2,85;1,32;-;1,83
5;Алберто Рейна;Реал Овьедо;28;168;-;Испания;173;2633;АП Ц;6,8;45,73%;2,84;45,78%;1,5;0,14;0,07;0,41;33,33%;0,85;1,57;0,82;0,41;50%;2,05;0,65;0,07;1,13;0,34;30%;0,16;0,15;0,92;61,36%;1,26;0,44;0,14;0,62;0,34;55,56%;0,03;-;0%;-;0,89;43,33%;5,88;0,58;1,33;-;3,79;2,26;1,54;3,69;0,62;1,3;1,47;0,55;37,21%;0,51;0,1;1,4;0,89;63,41%;0,19;1,15;-0,49;33,33%;0,07;0,21;45,45%;10;78,58%;46,59;36,61;-;-;1,26;1,23;0,03;31,17;37,05;84,13%;18,18%;0,14;0,75;60,87%;1,57;0,96;62,9%;2,67;4,24;0,65;-;3,35
10;Алекс Баэна;Атлетико Мадрид;24;174;70;Испания;184;1678;П Л;8,69;37,04%;5,04;34,04%;2,36;0,11;0,21;0,43;25%;1,5;1,56;1,56;0,38;24,14%;6,6;1,5;0,48;2,31;1,29;29,17%;0,11;0,38;1,13;47,73%;1,39;0,64;0,11;0,7;0,21;30,77%;0,05;-;0%;-;2,95;44,72%;12,82;0,86;0,91;-;6,81;3,59;3,22;5,47;1,56;1,72;1,5;0,38;25%;0,75;0,38;1,39;0,8;57,69%;0,07;1,02;0,36;18,75%;0,16;0,86;32,56%;17;69,73%;56;39,05;-;-;1,56;1,5;0,05;33,15;43,44;76,3%;28,26%;0,7;2,47;60,71%;1,5;0,91;65,71%;2,47;3,75;1,29;-;2,41
24;Алекс Морено;Жирона;33;179;68;Испания;186;2776;З Л;8,43;48,08%;3,73;50,43%;1,1;-;0,1;0,1;0%;0,16;0,65;0,52;0,16;31,25%;1,33;0,23;0,29;2,53;1,26;43,59%;0,04;0,05;0,52;47,06%;1,07;0,16;-;0,29;0,1;33,33%;0,03;0,03;100%;-;0,62;46,34%;7,81;0,45;1,1;-;5,03;2,66;2,37;4,38;1,39;1,88;1,13;0,68;60%;1,13;0,55;1,85;0,78;42,11%;0,08;-;-0,44;28,57%;0,06;0,23;44,87%;12;78,95%;55,76;44,03;-;-;1,1;0,94;0,16;34,5;41,5;83,12%;11,9%;0,16;1,36;37,5%;1,3;0,49;64,96%;2,46;3,79;1,36;-;4,57
18;Алекс Сан Кристобаль;Хетафе;29;181;-;Испания;155;786;П Л;8,7;31,58%;4,69;31,71%;0,8;-;0,11;0,23;0%;0,34;1,37;1,6;0,69;42,86%;2,86;0,23;0,92;1,26;0,8;28,57%;0,05;0,09;0,23;28,57%;1,83;0,11;-;0,11;0,11;100%;-;-;-;-;0,57;20%;10,08;0,46;1,15;-;9,05;2,98;6,07;5,95;0,69;1,49;2,86;0,46;16%;0,57;0,23;1,83;0,57;31,25%;0,03;-;0,09;38,46%;0,57;1,49;45,45%;16;56,89%;38,24;21,76;-;-;0,11;0,11;-;16,49;26,11;63,16%;12,12%;0,46;3,78;33,33%;1,03;0,34;40%;0,92;2,29;0,69;-;2,18
7;Алекс Сола;Хетафе;27;178;75;Испания;-;20;Ф ПЦ;31,5;14,29%;27;0%;-;-;-;-;-;-;9;-;-;-;-;-;-;18;4,5;0%;-;-;-;-;-;-;-;-;-;-;-;-;-;-;-;-;-;-;-;-;9;-;9;27;18;-;4,5;-;0%;-;-;-;-;-;-;-;-0,13;-;-;-;0%;27;14,29%;31,5;4,5;-;-;-;-;-;-;-;-;-;-;-;-;-;-;-;-;-;-;-;-
14;Алекс Фебас;Эльче;30;172;61;Испания;188;3440;П ЛЦ;9,37;50,56%;5,1;51,28%;0,92;0,05;0,1;0,21;25%;0,26;3,06;0,6;0,21;34,78%;1,33;0,37;0,03;2,77;0,76;51,72%;0,05;0,14;0,39;42,86%;0,92;0,42;0,05;0,34;0,16;46,15%;-;-;-;-;0,71;52,94%;12,43;0,42;1,57;-;4,58;2,15;2,43;4,63;1,36;2,62;0,55;0,13;23,81%;1,41;0,39;1,81;1,07;59,42%;0,09;1,05;-0,24;20%;0,05;0,26;50,94%;10;83,63%;63,29;52,93;-;-;2,51;2,3;0,21;46,12;51,46;89,63%;11,54%;0,08;0,68;61,54%;0,68;0,42;82,52%;4,45;5,39;1,12;-;3,58
19;Алекс Форес;Реал Овьедо;25;167;63;Испания;144;454;Ф Ц;7,33;35,14%;4,96;40%;2,18;-;-;0,99;0%;-;1,19;1,59;0,59;37,5%;0,4;-;0,2;1,78;0,79;50%;0,23;-;0,4;18,18%;0,59;0,2;-;1,39;0,4;28,57%;0,2;-;0%;-;0,2;50%;5,15;0,59;0,59;-;4,76;2,18;2,58;4,76;1,19;1,98;2,78;0,79;28,57%;0,59;0,4;0,79;0,2;25%;0,14;-;-0,75;100%;0,2;0,2;33,33%;10;56,14%;22,6;12,69;-;-;-;-;-;9,12;13,28;68,66%;0%;-;0,2;0%;0,2;-;20%;0,2;0,99;1,19;-;0,59
40;Алекса Пурик;Атлетико Мадрид;22;-;-;Сербия;-;46;З П;9,78;60%;1,96;0%;3,91;-;-;-;-;-;1,96;-;-;-;-;-;-;-;-;-;-;-;-;0%;1,96;-;-;-;-;-;-;-;-;-;-;-;-;-;-;-;1,96;-;1,96;3,91;-;-;3,91;1,96;50%;-;-;3,91;1,96;50%;-;-;-0,33;-;-;-;-;8;83,33%;46,96;39,13;-;-;-;-;-;27,39;31,3;87,5%;-;-;-;-;-;-;0%;-;1,96;-;-;7,83
9;Александр Серлот;Атлетико Мадрид;30;193;90;Норвегия;175;2152;Ф ПЦ;11,21;48,13%;9,12;53,21%;5,73;0,54;-;1,63;33,33%;0,38;0,67;2,84;1,55;54,41%;0,63;0,17;0,46;1,38;1,05;36%;0,43;0,06;3,01;52,55%;1,25;0,71;0,54;2,59;1,55;59,68%;1,34;0,71;53,12%;0,21;0,46;73,33%;7,57;1,59;0,29;-;6,23;2,8;3,43;5,81;0,96;4,85;6,94;4,01;57,83%;0,42;0,38;0,33;0,08;25%;0,15;0,8;0,44;0%;-;0,25;30,3%;13;61,38%;33,25;20,41;-;-;0,5;0,46;0,04;12,17;17,9;67,99%;18,18%;0,08;0,46;50%;0,25;0,13;37,5%;0,63;1,67;1,17;-;0,54
3;Александр Фриман;Вильярреал;21;188;82;США;173;402;З П;10,07;62,22%;2,91;61,54%;-;-;-;-;-;-;0,67;0,22;-;0%;1,79;0,22;-;1,34;-;-;0;0;-;-;0,67;-;-;-;-;-;-;-;-;-;0,45;25%;2,91;-;1,12;-;3,81;2,69;1,12;3,81;0,67;1,79;1,57;1,34;85,71%;0,67;-;3,13;2,01;64,29%;0,02;-;0,26;0%;-;0,22;50%;12;85,19%;78,58;66,94;-;-;2,91;2,69;0,22;54,63;62,24;87,77%;-;-;-;71,43%;1,57;1,12;71,43%;4,48;6,27;1,34;-;4,25
10;Алексис Санчес;Севилья;37;168;62;Чили;170;1452;Ф ЛЦ;8,55;36,96%;5,02;38,27%;2,98;0,25;0,06;0,68;36,36%;1,05;1,61;1,49;0,74;50%;3,29;0,81;0,74;1,43;0,68;36,36%;0,3;0,17;1,55;52,08%;0,99;0,5;0,25;1,18;0,68;57,89%;0,37;0,12;33,33%;0,06;1,67;50,94%;10,79;2,11;0,68;-;7,19;3,6;3,6;5,39;0,99;1,92;2,42;0,87;35,9%;0,43;0,25;1,55;0,56;36%;0,2;1,22;-0,1;20%;0,06;0,31;30,43%;14;65,09%;39,24;25,54;-;-;0,87;0,81;0,06;20,7;28,26;73,25%;0%;-;0,68;50%;1,12;0,56;51,06%;1,49;2,91;1,24;-;1,49
9;Алемао;Райо Вальекано;28;175;75;Бразилия, Польша;156;1242;Ф Ц;8,04;36,04%;5,43;37,33%;2,9;0,29;-;0,58;50%;0,36;1,96;1,88;0,87;46,15%;0,94;0,43;0,29;0,94;0,36;20%;0,24;0,03;1,3;45%;1,67;0,43;0,29;1,45;0,8;55%;0,8;0,43;54,55%;0,14;0,29;30,77%;5,58;1,01;0,29;-;6,45;2,32;4,13;5,14;0,43;2,03;4,28;1,45;33,9%;0,51;0,07;0,87;0,22;25%;0,13;0,83;0,28;16,67%;0,07;0,43;53,85%;10;58,14%;24,93;14,49;-;-;0,36;0,36;-;9,35;13,62;68,62%;25%;0,07;0,29;-;-;-;43,75%;0,51;1,16;1,45;-;0,65
3;Алехaндро Бaльде;Барселона;22;175;69;Испания, Доминиканская Республика;214;2057;З Л;7,39;58,58%;3,37;58,44%;1,31;-;0,09;0,13;0%;0,44;1,14;0,44;0,04;10%;1,31;0,48;0,18;1,97;0,57;53,85%;0,03;0,16;0,61;46,67%;0,61;0,35;-;0,31;0,04;14,29%;-;-;-;-;0,88;66,67%;14,96;0,53;0,79;-;3,89;2,01;1,88;3,06;0,96;1,97;0,88;0,44;50%;1,01;0,31;1,49;1,18;79,41%;0,06;-;0,85;0%;-;0,13;51,11%;8;88,07%;68,95;60,73;-;-;1,09;1,05;0,04;53,95;58,72;91,88%;4,17%;0,04;1,05;11,11%;0,39;0,04;81,58%;2,71;3,33;1,18;-;2,93
7;Алехандро Беренгер Ремиро;Атлетик Бильбао;30;175;73;Испания;181;2313;АП П;11,71;37,54%;7,7;38,89%;3,58;0,08;0,12;0,62;12,5%;1,36;1,48;1,71;0,78;45,45%;7,08;0,93;0,23;2,57;1,4;36,11%;0,19;0,36;1,75;48,91%;1,13;0,58;0,08;1,4;0,54;38,89%;0,27;0,12;42,86%;-;2,37;33,52%;11,44;1,32;0,93;-;8,56;4,01;4,55;7,32;1,67;3;3,27;1,17;35,71%;0,89;0,51;1,63;0,78;47,62%;0,11;2,39;0,52;75%;0,23;0,31;34,85%;19;63,26%;51,36;32,49;-;-;0,74;0,7;0,04;25,02;35,6;70,27%;16%;0,47;2,92;44,83%;1,13;0,51;47,78%;1,67;3,5;1,13;-;1,83
45;Алехандро Гарсиа Местанза;Хетафе;21;-;-;Испания;-;86;П П;6,28;83,33%;6,28;83,33%;1,05;-;-;-;-;-;2,09;1,05;-;0%;1,05;-;1,05;2,09;-;-;0,03;0,03;-;0%;1,05;-;-;1,05;-;0%;1,05;-;0%;-;-;0%;6,28;-;-;-;6,28;2,09;4,19;1,05;0;5,23;1,05;1,05;100%;2,09;-;-;-;-;0,03;-;0,04;-;-;-;100%;9;72,73%;34,53;25,12;-;-;-;-;-;17,79;25,12;70,83%;0%;-;3,14;-;-;-;100%;1,05;1,05;2,09;-;3,14
24;Алехандро Катена Маруган;Осасуна;31;194;82;Испания;182;3371;З ПЦ;6,43;63,07%;2,22;55,42%;1,95;0,08;0,11;0,32;25%;0,21;0,37;0,51;0,16;31,58%;0,72;0,05;0,08;0,29;0,13;40%;0,1;0,04;0,69;35,62%;1,31;0,16;0,08;0,48;0,16;33,33%;0,29;0,11;36,36%;0,08;0,29;40,74%;0,93;0,37;1,39;-;3,02;2,51;0,51;2,38;0,13;1,23;3,82;2,22;58,04%;0,16;0,05;1,01;0,72;71,05%;0,19;1,19;-0,01;0%;-;0,03;54,55%;9;84,54%;59,94;50,67;-;-;0,91;0,91;-;38,85;45,39;85,59%;0%;-;0,03;43,9%;4,38;1,92;50,9%;2,27;4,46;0,83;-;5,63
27;Алехандро Монсеррате Пуеуо;Атлетико Мадрид;20;-;-;Испания;-;30;З Л;24;50%;15;60%;3;-;-;-;-;-;3;3;3;100%;-;-;-;6;3;100%;0,12;-;3;100%;6;-;-;3;3;100%;-;-;-;-;-;-;18;-;-;-;9;6;3;12;3;9;3;3;100%;3;3;6;-;0%;0,04;-;-0,3;-;-;-;50%;18;76,92%;78;60;-;-;-;-;-;42;48;87,5%;0%;-;6;-;-;-;-;-;-;-;-;-
30;Алехандро Рего;Атлетик Бильбао;23;-;-;Испания;174;1416;ЗП ПЦ;8,83;54,68%;2,86;55,56%;0,95;0,06;0,13;0,32;20%;0,25;0,44;0,76;0,19;25%;1,14;0,38;-;1,27;0,32;40%;0,06;0,09;0,57;60%;2,54;0,32;0,06;0,13;0,06;50%;-;-;-;-;0,51;44,44%;4,89;0,32;2,22;-;2,73;2,1;0,64;4;0,7;1,59;1,53;0,95;62,5%;0,57;0,13;2,35;1,4;59,46%;0,08;1,01;0,27;20%;0,13;0,64;45%;11;77,66%;48,37;37,56;-;-;1,33;1,21;0,13;28,47;34,7;82,05%;50%;0,06;0,13;43,75%;1,02;0,44;56,25%;2,29;4,07;0,83;-;4,96
38;Алехандро Санчез Мантеккон;Эльче;20;-;-;Испания;-;14;П ПЦ;38,57;66,67%;19,29;33,33%;6,43;-;6,43;-;-;6,43;-;-;-;-;-;6,43;-;12,86;6,43;0%;-;1,67;6,43;100%;-;6,43;-;-;-;-;-;-;-;-;-;-;12,86;-;-;-;19,29;6,43;12,86;12,86;12,86;6,43;-;-;-;-;-;6,43;6,43;100%;-;-;-0,39;-;-;-;0%;26;66,67%;77,14;51,43;-;-;-;-;-;25,71;38,57;66,67%;-;-;-;-;-;-;-;-;-;6,43;-;-
16;Алехандро Францес;Жирона;23;182;70;Испания;177;1212;З ПЦ;6,31;67,06%;2,45;63,64%;1,11;-;0,15;0,3;0%;0,37;1,71;1,19;0,37;31,25%;1,93;0,07;0,07;0,82;0,22;33,33%;0,08;0,11;0,45;40%;1,19;0,3;-;0,59;0,22;37,5%;0,37;0,15;40%;-;0,67;34,62%;6,68;0,37;1,04;-;5,72;4,68;1,04;2,08;0,3;1,56;1,49;1,04;70%;0,52;0,07;1,71;1,19;69,57%;0,07;-;-0,24;25%;0,15;0,59;63,64%;12;82,47%;70,32;58;-;-;2,45;2,45;-;47,3;56,73;83,38%;29,41%;0,37;1,26;39,13%;5,12;2;57,94%;4,6;7,95;1,63;-;4,83
35;Али Хуари Джеддуб;Эльче;20;-;-;Испания;-;131;П ЛЦ;11,68;41,18%;5,5;37,5%;0,69;-;-;-;-;-;1,37;1,37;-;0%;2,06;-;-;2,75;0,69;0%;0,04;0,05;0,69;100%;4,81;-;-;-;-;-;-;-;-;-;1,37;66,67%;8,93;0,69;2,06;-;4,81;0,69;4,12;6,87;2,06;2,06;-;-;-;0,69;-;2,06;0,69;33,33%;0,03;-;-0,27;0%;-;1,37;25%;12;76,32%;52,21;39,85;-;-;1,37;0,69;0,69;32,98;37,1;88,89%;-;-;-;0%;0,69;-;25%;0,69;2,75;0,69;-;5,5
12;Аллан Ромео Нюом;Хетафе;38;188;78;Камерун;167;582;З П;8,81;63,16%;4,33;57,14%;0,77;-;0,15;-;-;0,46;1,24;0,46;0,15;33,33%;1,39;0,31;0,15;0,62;0,15;100%;0,05;0,1;0,46;60%;2,01;0,31;-;0,31;0,15;50%;-;-;-;-;0,77;55,56%;2,78;0,31;1,08;-;6,49;4,95;1,55;3,25;0,46;2,47;3,87;2,78;72%;0,15;0,15;1,7;1,24;72,73%;0,1;-;-0,23;0%;-;0,15;25%;15;70,59%;49,95;35,26;-;-;0,93;0,93;-;24,59;35,72;68,83%;50%;0,31;0,62;30,77%;2,01;0,62;38,33%;3,56;9,28;1,39;-;2,78
18;Альваро Гарсиа;Райо Вальекано;33;167;61;Испания;171;2266;АП Л;5,44;36,5%;2,78;34,29%;3,46;0,16;0,24;0,64;25%;1,11;0,52;1,87;0,79;42,55%;1,79;0,87;0,6;0,64;0,28;28,57%;0,25;0,28;1,63;47,13%;0,75;0,52;0,16;1,35;0,68;50%;0,12;0,08;66,67%;-;0,79;44,44%;9,69;1,83;0,75;-;6,12;3,3;2,82;3,46;0,48;0,95;1,71;0,48;27,91%;0,16;0,08;1,15;0,52;44,83%;0,14;1,59;0,1;23,08%;0,12;0,52;25%;12;63,39%;32,77;20,77;-;-;0,56;0,52;0,04;15,21;22,68;67,08%;8,47%;0,2;2,34;45,95%;1,47;0,68;43,48%;0,79;1,83;0,99;-;2,11
36;Альваро Кортес Мояно;Барселона;21;-;-;Испания;-;94;З ЛЦ;12,45;53,85%;2,87;66,67%;-;-;-;-;-;-;0,96;-;-;-;0,96;-;-;0,96;-;-;-;0,03;-;-;-;-;-;-;-;-;-;-;-;-;0,96;100%;-;-;0,96;-;2,87;2,87;-;5,74;0;1,91;8,62;3,83;44,44%;0,96;-;0,96;0,96;100%;-;-;-0,44;-;-;-;100%;11;90,27%;108,19;97,66;-;-;4,79;4,79;-;83,3;88,09;94,57%;-;-;-;50%;1,91;0,96;100%;6,7;6,7;0,96;-;6,7
20;Альваро Одриосола;Реал Сосьедад;30;176;66;Испания;197;222;З П;6,08;46,67%;2,43;16,67%;0,81;0,41;-;0,41;100%;0,81;1,22;0,41;0,41;100%;0,41;0,41;-;0,81;0,41;0%;0,15;0,02;0,41;50%;0,41;1,22;0,41;0,41;0,41;100%;-;-;-;-;0,41;100%;2,84;0,81;0,41;-;2,84;1,22;1,62;3,24;0,81;0,41;0,81;0,41;50%;-;-;1,62;1,22;75%;0,36;0,36;-1,39;-;-;-;0%;6;76,47%;27,57;21,08;-;-;1,22;1,22;-;14,59;17,84;81,82%;50%;0,81;1,62;-;-;-;87,5%;2,84;3,24;0,81;-;2,43
15;Альваро Сантьяго Моурино Гонзалез;Вильярреал;24;183;76;Уругвай;193;2567;З П;12,06;60,47%;2,56;64,38%;0,6;0,04;0,04;0,21;16,67%;0,07;1,3;0,53;0,14;26,67%;1,3;0,04;0,04;0,91;0,04;100%;0,07;0,04;0,32;52,94%;1,96;0,35;0,04;0,32;0,14;44,44%;0,07;0,04;50%;-;0,63;48,65%;2,56;0,32;1,02;-;5,01;3,89;1,12;4,77;0,42;1,65;2,21;1,33;60,32%;0,49;0,04;4,77;2,8;58,82%;0,14;2,03;0,23;0%;-;0,21;53,85%;14;81%;71,42;57,85;-;-;1,58;1,54;0,04;43,19;51,61;83,7%;0%;-;0,18;45,28%;1,86;0,84;63,57%;3,12;4,91;2,28;-;5,71
18;Альваро Фернандес;Реал Мадрид;23;186;-;Испания;211;2531;З Л;8,14;48,47%;3,13;47,73%;0,96;0,07;0,11;0,14;50%;0,39;1,17;0,32;0,11;33,33%;1,17;0,28;0,18;1,56;0,71;30%;0,02;0,08;0,6;62,96%;0,82;0,36;0,07;0,21;0,11;50%;0,04;-;0%;-;0,57;48,48%;15,18;0,57;1,24;-;4,8;2,81;1,99;4,2;0,89;1,49;2,06;1,14;55,17%;0,68;0,21;1,71;1;58,33%;0,06;0,29;0,69;0%;-;0,11;43,18%;11;86,72%;82,18;71,26;-;-;2,88;2,88;-;62,05;68,56;90,51%;17,39%;0,14;0,82;39,39%;1,17;0,46;84,47%;6,58;7,79;1,14;-;4,94
15;Альваро Фидальго;Реал Бетис;29;172;67;Мексика, Испания;188;570;П ЛЦ;7,58;33,33%;2,53;43,75%;0,47;0,16;-;0,16;100%;0,47;0,95;0,63;0,32;50%;0,47;0,47;0,16;0,95;0,16;0%;0,06;0,03;0,16;33,33%;0,32;0,47;0,16;0,16;0,16;100%;-;-;-;-;0,32;66,67%;11,68;0,63;1,42;-;3,79;1,89;1,89;5,05;0,47;1,11;1,26;0,16;12,5%;0,47;-;2,53;0,79;31,25%;0,1;0,41;-0,07;33,33%;0,16;0,47;50%;9;84,97%;60,95;51,79;-;-;1,74;1,74;-;46,11;49,89;92,41%;25%;0,16;0,63;77,78%;1,42;1,11;77,27%;2,68;3,47;0,79;-;3,47
11;Альфонсо Гонзалез Мартинез;Севилья;27;172;60;Испания;168;738;П Л;9,88;25,93%;7,44;26,23%;3,05;0,24;-;1,22;30%;0,61;0,98;2,07;1,22;58,82%;0,98;0,37;0,12;3,29;2,32;15,79%;0,28;0,09;1,22;40%;1,22;0,37;0,37;1,34;0,61;45,45%;-;-;-;-;0,61;62,5%;8,17;1,1;0,24;-;5,98;1,46;4,51;7,32;2,56;1,95;0,98;0,24;25%;0,73;0,37;0,98;0,37;37,5%;0,13;1,14;-0,33;83,33%;0,61;0,73;22,22%;11;63,35%;30,61;19,39;-;-;0,61;0,49;0,12;13,78;16,83;81,88%;15,38%;0,24;1,59;50%;0,24;0,12;66,67%;0,98;1,46;0,73;-;1,22
24;Альфонсо Педраза Саг;Вильярреал;30;184;73;Испания;191;1841;З Л;7,82;58,12%;3,81;60,26%;1,52;0,05;0,2;0,15;33,33%;0,54;1,22;0,54;0,15;27,27%;1,52;0,44;0,2;1,76;0,73;46,67%;0,04;0,16;0,54;35,48%;1,32;0,54;0,05;0,39;0,1;25%;-;-;-;-;0,78;51,61%;7,14;0,49;0,59;-;5,82;3,03;2,79;3,28;0,78;2,3;0,68;0,2;28,57%;0,98;0,34;2;1,27;63,41%;0,08;0,91;0,31;33,33%;0,05;0,15;55,56%;11;77,66%;48,79;37,89;-;-;0,68;0,54;0,15;28,79;36,03;79,92%;12,7%;0,39;3,08;35,14%;1,81;0,64;46,81%;1,08;2,3;1,17;-;3,76
40;Ангел Ортиз Монтеррей;Реал Бетис;21;-;-;Испания;183;648;З П;14,17;50,98%;5,69;36,59%;1,25;-;-;-;-;0,28;1,25;0,14;-;0%;0,42;0,14;-;2,92;1,53;27,27%;0;0,04;0,56;44,44%;1,39;-;-;-;-;-;-;-;-;-;0,28;66,67%;5,97;0,28;1,25;-;8,06;4,03;4,03;6,94;1,94;2,08;0,97;0,14;14,29%;0,97;0,42;4,44;3,33;75%;0,02;-;0,03;0%;-;0,14;33,33%;15;75,97%;60,69;46,11;-;-;0,69;0,69;-;33,75;41,25;81,82%;14,29%;0,28;1,94;28,57%;0,97;0,28;57,89%;1,53;2,64;2,5;-;4,72
7;Ангел Перес Арауйо;Депортиво Алавес;-;-;-;Испания;177;1411;П П;8,36;41,22%;4,91;42,86%;2,17;0,06;0,26;0,51;12,5%;0,96;1,15;0,89;0,32;35,71%;2,55;0,83;0,38;3,13;2,17;41,18%;0,08;0,19;0,96;44,12%;1,02;0,45;0,06;0,57;0,26;44,44%;-;-;-;-;1,15;45%;11,74;0,83;0,7;-;6,63;3,64;3;4,91;1,85;2,1;0,7;0,06;9,09%;1,28;0,89;1,4;0,57;40,91%;0,09;1,3;0,24;20%;0,06;0,32;40,82%;15;69,49%;48,92;34;-;-;0,32;0,26;0,06;27,17;36,61;74,22%;17,86%;0,64;3,57;30,77%;2,49;0,77;46,81%;1,4;3;0,57;-;2,1
7;Андер Барренетхеа Мугуруза;Реал Сосьедад;24;175;75;Испания;190;1904;П Л;14,56;41,88%;10,97;40,95%;3,92;0,14;0,33;0,66;28,57%;1,13;1,42;1,61;0,52;32,35%;2,84;1,42;0,24;6,14;3,21;44,12%;0,14;0,33;1,94;49,4%;1,84;0,76;0,19;1,13;0,38;33,33%;0,09;-;0%;-;1,65;58,33%;14,46;0,95;0,99;-;9,22;3,55;5,67;8,46;3,55;4,49;1,23;0,43;34,62%;2,6;1,42;1,32;0,57;42,86%;0,08;0,96;0,1;30%;0,14;0,47;42,31%;17;68,71%;54,69;37,58;-;-;0,52;0,24;0,28;28,6;36,16;79,08%;11,32%;0,28;2,51;44,44%;1,28;0,57;56,14%;1,51;2,69;1,47;-;2,32
6;Андер Гевара Ладжо;Депортиво Алавес;28;180;73;Испания;164;810;ЗП ЛЦ;9,67;45,98%;4,11;48,65%;0,78;0,11;-;0,22;50%;0,56;0,67;0,56;0,11;20%;1,11;0,44;-;1,22;0,33;66,67%;0,06;0,11;0,33;42,86%;1,22;0,33;0,11;0,22;0,11;50%;-;-;-;-;0,67;60%;7,44;0,22;0,89;-;4,22;2,56;1,67;5,22;0,67;2;3,11;1,67;53,57%;0,56;0,22;2,11;0,78;36,84%;0,1;0,5;0,24;0%;-;0,33;45,45%;15;78,09%;66,44;51,89;-;-;1,33;1,33;-;42,22;51,11;82,61%;50%;0,22;0,44;61,54%;1,44;0,89;55,56%;2,78;5;1,44;-;5,22
2;Андони Горозабель;Атлетик Бильбао;29;174;70;Испания;185;1500;З П;8,7;60%;3,18;60,38%;0,9;-;0,06;-;-;0,24;0,72;0,3;0,06;20%;1,74;0,18;-;1,26;0,78;69,23%;0,02;0,07;0,48;53,33%;0,78;0,24;-;0,12;0,06;50%;-;-;-;-;0,9;51,72%;7,62;0,3;1,98;-;4,8;2,64;2,16;3,48;0,54;1,92;1,56;0,84;53,85%;0,72;0,54;2,52;1,56;61,9%;0,05;-;0,61;0%;-;0,18;57,14%;11;81,35%;57,6;46,86;-;-;1,14;1,14;-;36,84;43,86;83,99%;16,67%;0,36;2,16;23,08%;0,78;0,18;74,6%;2,82;3,78;0,78;-;5,46
9;Андре Сильва;Эльче;30;185;84;Португалия;168;2022;Ф ЛЦ;9,04;35,47%;6,77;39,47%;4,63;0,45;-;0,85;52,63%;0,67;1,6;2,54;1,29;50,88%;1,11;0,58;0,27;1,74;1,11;32%;0,49;0,08;2,63;56,73%;1,11;0,58;0,45;2;1,2;60%;0,53;0,27;50%;0,04;0,8;72%;9,57;1,47;0,8;-;6,36;2,45;3,92;5,83;1,11;2,67;3,12;1,16;37,14%;0,62;0,36;0,98;0,27;27,27%;0,19;1,11;-0,2;16,67%;0,09;0,53;35,9%;12;66,58%;35,43;23,59;-;-;0,4;0,31;0,09;17,58;22,34;78,69%;25%;0,04;0,18;44,44%;0,4;0,18;54,29%;0,85;1,56;1,07;-;1,29
15;Андреас Кристенсен;Барселона;30;187;82;Дания;200;490;З ЛЦ;5,33;65,52%;1,29;71,43%;1,1;-;-;0,37;0%;-;0,73;0,73;0,37;50%;-;-;-;-;-;-;0,12;0,1;0,55;50%;1,1;0,37;-;0,73;0,37;50%;0,37;0,18;50%;-;-;-;2,57;0,37;1,29;-;0,73;0,55;0,18;1,84;-;0,92;3,12;2,39;76,47%;-;-;0,92;0,37;40%;0,16;-;0,46;-;-;-;-;5;93,6%;77,51;72,55;-;-;2,57;2,57;-;63,73;66,49;95,86%;-;-;-;75%;0,73;0,55;93,55%;5,33;5,69;0,55;-;4,96
2;Андрей Рациу;Райо Вальекано;28;183;-;Румыния, Испания;196;3099;З П;11,7;48,64%;6,85;46,61%;1,66;-;0,15;0,12;0%;0,55;0,61;0,9;0,26;29,03%;2,18;0,61;0,12;3,43;2,03;50%;0,06;0,15;0,67;40,35%;0,67;0,23;-;0,35;0,12;33,33%;-;-;-;-;1,22;56%;9,55;0,46;1,25;-;6,88;3,6;3,28;6,01;1,63;3,19;1,68;0,67;39,66%;1,8;1,02;1,71;1,1;64,41%;0,07;-;0,22;26,32%;0,15;0,55;52,54%;15;77,26%;64,62;49,92;0,03;0,03;1,28;1,19;0,09;39,21;47,25;82,97%;17,72%;0,41;2,29;36,59%;1,19;0,44;65,33%;2,85;4,36;1,54;0,15;4,12
36;Андрес Антаньон Вьейтес;Сельта;19;-;-;Испания;-;70;АП ПЦ;11,57;22,22%;2,57;50%;3,86;-;-;1,29;0%;-;-;2,57;2,57;100%;-;-;-;1,29;-;-;0,37;-;2,57;66,67%;1,29;-;-;1,29;1,29;100%;-;-;-;-;-;-;11,57;2,57;1,29;-;5,14;3,86;1,29;9;1,29;1,29;2,57;1,29;50%;-;-;6,43;-;0%;0,14;-;-1,97;100%;1,29;1,29;0%;17;59,38%;41,14;24,43;-;-;-;-;-;15,43;23,14;66,67%;-;-;-;100%;1,29;1,29;-;-;-;-;-;2,57
32;Андрес Лопез Галло;Севилья;23;-;-;Испания;182;1422;З ПЦ;7,34;61,21%;2,41;71,05%;1,39;0,06;-;0,38;16,67%;0,13;0,82;0,63;0,19;30%;0,57;0,13;0,06;0,7;0,19;100%;0,06;0,02;0,7;50%;0,82;0,13;0,06;0,57;0,19;33,33%;0,44;0,13;28,57%;-;0,13;22,22%;0,82;0,32;1,52;-;2,97;2,72;0,25;2,85;0,13;1,71;3,04;1,71;56,25%;0,57;0,19;1,71;1,2;70,37%;0,09;0,94;-0,01;0%;-;0,06;81,82%;10;84,32%;64,18;54,11;-;-;1,39;1,39;-;41,27;48,04;85,9%;-;-;-;36,96%;2,91;1,08;58,11%;2,72;4,68;0,95;-;5,57
17;Анте Будимир;Осасуна;34;190;75;Хорватия;172;3176;Ф Ц;9,61;49,85%;7,57;52,06%;5,72;0,48;0,03;1,5;35,85%;0,45;1,08;2,92;1,19;40,78%;0,62;0,23;0,62;0,54;0,43;13,33%;0,57;0,09;2,78;48,51%;1,5;0,57;0,54;2,55;1,02;40%;1,13;0,37;32,5%;0,14;0,17;27,27%;4,62;1,42;0,57;-;5,53;2,07;3,46;4,82;0,45;3,94;6,69;3,49;52,12%;0,09;0,06;0,4;0,28;71,43%;0,19;1,18;0,11;46,15%;0,17;0,37;15,79%;11;57,64%;25,96;14,96;-;-;0,26;0,26;-;6,8;11,25;60,45%;0%;-;0,09;0%;0,11;-;41,07%;0,65;1,59;0,85;-;1,02
8;Антонио Бланко Конде;Депортиво Алавес;25;176;70;Испания;178;3389;ЗП Ц;9,75;50,14%;3,29;63,71%;0,45;0,05;0,13;0,27;20%;0,29;1,2;1,06;0,37;35%;1,06;0,27;0,05;0,93;0,21;62,5%;0,05;0,08;0,24;52,94%;1,94;0,32;0,05;0,19;0,08;42,86%;0,05;-;0%;-;0,4;37,5%;4,3;0,19;1,73;-;4,38;3,27;1,12;4,86;0,29;2,1;1,81;0,9;50%;0,64;0,13;3,35;1,62;48,41%;0,05;0,94;-0,06;33,33%;0,29;0,88;68,57%;13;79,9%;64,21;51,31;-;-;1,89;1,83;0,05;42,15;49,5;85,14%;23,53%;0,11;0,45;55,7%;2,1;1,17;63,41%;3,45;5,44;1,22;-;5,05
3;Антонио Латорре Груэсо;Мальорка;28;171;74;Испания;177;645;З Л;7,4;47,17%;3,49;48%;0,42;-;0,14;-;-;0,42;0,42;-;-;-;1,26;0,14;-;1,4;1,26;66,67%;-;0,11;0,14;33,33%;0,98;0,42;-;-;-;-;-;-;-;-;0,56;44,44%;6,56;0,14;1,4;-;5,02;3,07;1,95;3,91;0,42;1,67;2,09;0,7;33,33%;0,98;0,84;1,26;0,42;33,33%;-;-;-0,4;-;-;-;70%;11;77,97%;49,4;38,51;-;-;0,7;0,7;-;30,28;37,26;81,27%;6,25%;0,14;2,23;40%;0,7;0,28;64,52%;2,79;4,33;0,98;-;4,47
11;Антонио Мартинез Лопез;Депортиво Алавес;29;187;70;Испания;170;2905;Ф ПЦ;14,41;53,12%;11,49;56,6%;4,46;0,43;0,09;1,27;39,02%;0,59;1,15;2,88;1,21;41,94%;0,71;0,4;0,4;1,36;0,81;26,92%;0,4;0,09;1,89;42,36%;1,49;0,65;0,5;2,14;0,77;36,23%;0,68;0,22;31,82%;0,12;0,25;34,78%;7;1,12;0,37;-;7,13;3,78;3,35;6,75;0,84;6,51;9,94;5,67;57,01%;0,53;0,22;0,4;0,19;46,15%;0,14;0,93;0,19;58,33%;0,43;0,74;38,64%;17;57,3%;39,9;22,86;-;-;0,34;0,31;0,03;12,3;20,91;58,81%;16,67%;0,06;0,37;41,67%;0,37;0,15;25%;0,65;2,6;1,08;-;1,05
21;Антонио Раилло;Мальорка;34;187;80;Испания;184;2268;З ЛЦ;6,27;66,46%;1,83;69,57%;2,02;-;0,04;0,24;0%;0,2;0,6;0,52;0,08;15,38%;0,32;0,08;0,04;0,04;0,04;0%;0,04;0,03;0,91;45,1%;0,91;0,16;-;0,44;0,08;18,18%;0,44;0,08;18,18%;-;-;0%;1,07;0,56;0,83;-;1,98;1,63;0,36;2,1;0,04;1,27;4,6;3,06;66,38%;-;-;0,48;0,36;75%;0,08;-;-0,43;0%;-;0,08;0%;8;86,97%;59,37;51,63;-;-;0,83;0,83;-;40,2;45,4;88,55%;25%;0,04;0,16;33,33%;1,55;0,52;54,12%;1,83;3,37;0,52;-;4,96
22;Антонио Рюдигер;Реал Мадрид;33;191;85;Германия;194;1613;З ПЦ;3,91;68,57%;1,17;71,43%;1,56;0,06;0,06;0,33;16,67%;0,06;0,11;0,73;0,06;7,69%;0,73;-;0,11;0,06;0,06;0%;0,1;0,03;0,56;35,71%;0,61;0,33;0,06;0,61;0,06;9,09%;0,5;-;0%;-;0,28;38,46%;1,28;0,17;1,17;-;2,4;2,06;0,33;1,23;0,06;0,84;2,34;1,67;71,43%;-;-;0,61;0,56;90,91%;0,14;1,83;0,49;0%;-;0,11;0%;6;91,37%;74,38;67,96;-;-;1,84;1,84;-;61,15;65,67;93,12%;0%;-;0,11;43,18%;2,46;1,06;64,21%;3,4;5,3;0,73;-;4,46
6;Антонио Санчез Наварро;Мальорка;29;179;78;Испания;164;1204;АП П;7,62;42,16%;3,21;48,84%;1,05;-;-;0,22;0%;0,37;0,75;0,45;0,22;50%;1,2;0,3;0,07;0,97;0,22;66,67%;0,02;0,13;0,45;42,86%;1,27;0,37;-;0,22;0,07;33,33%;0,15;0,07;50%;-;0,75;62,5%;5,16;0,52;0,97;-;4,86;2,47;2,39;4,41;0,6;1,57;0,9;0,37;41,67%;0,37;0,15;2,24;0,9;40%;0,06;-;-0,85;66,67%;0,15;0,22;38,46%;11;73,43%;42,76;31,4;-;-;1,05;1,05;-;23,92;30,65;78,05%;16,67%;0,22;1,35;33,33%;1,12;0,37;64%;2,39;3,74;1,5;-;3,06
29;Антонио Фернандез Касино;Барселона;17;-;-;Испания;-;47;Ф Ц;-;-;-;-;1,91;-;-;-;-;-;-;-;-;-;1,91;-;-;-;-;-;-;-;-;0%;-;-;-;-;-;-;-;-;-;-;-;0%;11,49;1,91;-;-;1,91;-;1,91;-;-;-;-;-;-;-;-;-;-;-;-;-;-0,06;-;-;-;-;4;77,78%;17,23;13,4;-;-;-;-;-;13,4;17,23;77,78%;-;-;-;-;-;-;-;-;-;-;-;-
20;Антониу Рока Вивес;Эспаньол;24;-;-;Испания;157;342;П Л;15,79;40%;10,79;43,9%;2,11;-;-;0,26;0%;0,26;2,11;1,32;0,26;20%;0,26;0,26;-;5,53;2,11;25%;0,11;0,21;0,79;37,5%;2,63;0,26;-;0,53;-;0%;-;-;-;-;0,26;100%;5,53;0,53;0,79;-;5;1,84;3,16;9,47;2,89;4,74;2,63;0,53;20%;2,63;0,53;1,84;0,79;42,86%;0,08;-;-0,29;33,33%;0,26;0,79;47,62%;15;55,12%;33,42;18,42;-;-;0,26;-;0,26;10,79;15,26;70,69%;50%;0,79;1,58;100%;0,26;0,26;50%;0,79;1,58;0,53;-;1,32
7;Антуан Гризманн;Атлетико Мадрид;35;176;73;Франция;179;1648;Ф ПЦ;6,55;42,5%;3,93;43,06%;3,93;0,38;0,27;1,47;25,93%;1,31;0,55;2,57;1,37;53,19%;5,41;0,76;0,82;1,64;0,98;22,22%;0,38;0,34;2,18;55,56%;0,22;0,87;0,38;2,08;1,2;57,89%;0,27;0,05;20%;-;2,35;43,43%;14,25;2,13;0,87;-;7,37;3,39;3,99;3,77;1,15;1,69;1,69;0,6;35,48%;0,49;0,22;1,04;0,44;42,11%;0,15;0,99;0,09;33,33%;0,16;0,49;30%;14;74,95%;54,94;41,18;-;-;0,93;0,87;0,05;34,84;43,63;79,85%;6,45%;0,11;1,69;56%;1,37;0,76;62,3%;2,08;3,33;1,26;-;2,02
15;Арда Гюлер;Реал Мадрид;21;176;67;Турция;208;2141;ЗП ПЦ;7,61;54,14%;4,12;55,1%;2,06;0,17;0,38;0,67;25%;1,6;1,47;2,06;0,84;40,82%;6,39;1,68;0,13;2,19;1,26;56,67%;0,18;0,46;1,09;53,06%;0,92;0,84;0,17;0,88;0,46;52,38%;0,04;0,04;100%;0,04;2,65;41,45%;18,96;0,92;1,09;-;4,79;2,86;1,93;3,49;1,05;2,27;0,55;0,17;30,77%;1,13;0,71;1,6;0,71;44,74%;0,09;1,06;0,59;32,14%;0,38;1,18;51,92%;13;82,29%;72,18;59,4;-;-;3,03;2,9;0,13;53,05;61,12;86,8%;22,86%;0,34;1,47;66,67%;2,4;1,6;80,43%;4,67;5,8;0,88;-;2,1
6;Аритц Елустондо;Реал Сосьедад;32;182;71;Испания;170;800;З П;9,11;45,68%;3,71;48,48%;2,59;-;0,11;0,45;0%;0,11;1,24;0,45;0,23;50%;0,45;0,11;-;0,68;0,34;0%;0,08;0,01;1,12;43,48%;1,91;0,23;-;0,45;0,23;50%;0,34;0,11;33,33%;-;-;0%;2,92;0,45;1,8;-;3,94;2,48;1,46;4,95;0,68;1,8;3,26;2,02;62,07%;-;-;2,59;1,01;39,13%;0,17;-;0;-;-;-;0%;12;80,94%;64,91;52,54;-;-;1,69;1,69;-;41,85;49,05;85,32%;0%;-;0,11;33,33%;1,69;0,56;58,18%;3,6;6,19;1,01;-;5,17
34;Аркаитц Марецкоррена Этсезаррета;Реал Сосьедад;21;-;-;Испания;-;5;Ф Ц;-;-;-;-;-;-;-;-;-;-;-;-;-;-;-;-;-;-;-;-;-;-;-;-;36;-;-;-;-;-;-;-;-;-;-;-;-;-;-;-;-;-;-;-;-;-;-;-;-;-;-;-;-;-;-;-;-6,3;-;-;-;-;0;100%;36;36;-;-;-;-;-;-;-;-;-;-;-;-;-;-;-;-;-;-;-;-
4;Арнау Мартинез Лопез;Жирона;23;182;-;Испания;186;2818;З П;8,37;53,05%;2,52;50,63%;1,12;0,06;0,1;0,38;25%;0,38;0,96;0,61;0,16;26,32%;1,02;0,29;0,1;0,89;0,29;44,44%;0,07;0,07;0,35;31,43%;0,77;0,29;0,1;0,42;0,1;23,08%;0,19;-;0%;-;0,51;50%;7,44;0,38;1,69;-;4,6;3,45;1,15;3,93;0,45;1,28;2,17;1,05;48,53%;0,45;0,13;2,33;1,47;63,01%;0,11;1,08;-0,33;33,33%;0,06;0,19;50%;12;82,47%;66,85;55,12;-;-;1,79;1,72;0,06;43,72;51,07;85,62%;16,22%;0,19;1,18;41,07%;1,79;0,73;69,66%;3,23;4,63;1,34;0,13;5,3
7;Арнаут Данзума;Валенсия;29;178;74;Нидерланды, Нигерия;171;1783;П Л;8,58;39,41%;5,96;38,14%;3,28;0,15;0,1;0,66;23,08%;0,35;1,11;1,82;0,71;38,89%;1,41;0,45;0,25;3,74;2,42;37,5%;0,26;0,14;1,36;41,54%;1,06;0,4;0,15;1,26;0,61;48%;0,05;0,05;100%;-;0,76;53,57%;8,58;0,71;0,4;-;5;2,07;2,93;5,2;2,37;2,27;0,91;0,35;38,89%;1,36;0,91;0,66;0,35;53,85%;0,14;1,71;-0,07;18,18%;0,1;0,56;36,49%;11;64,94%;32,1;20,85;-;-;0,2;0,15;0,05;15,95;20,9;76,33%;30,3%;0,5;1,67;60%;0,76;0,45;44,44%;0,4;0,91;0,76;-;1,21
21;Арсен Захарян;Реал Сосьедад;23;182;70;Россия;166;535;П Л;8,92;33,96%;5,21;32,26%;2,02;-;-;1,01;0%;1,18;0,34;2,36;0,5;21,43%;3,7;0,84;0,67;2,19;1,51;0%;0,16;0,33;0,84;41,67%;1,51;0,34;-;1,01;0,17;16,67%;0,17;-;0%;-;1,68;45,45%;16,65;0,67;0,67;-;7,57;3,03;4,54;5,89;2,02;1,68;1,18;0,34;28,57%;0,17;-;1,51;0,67;44,44%;0,07;-;0,58;25%;0,34;1,35;7,69%;17;68,45%;53,33;36,5;-;-;1,35;1,35;-;30,95;40,04;77,31%;15,38%;0,34;2,19;66,67%;1,01;0,67;70%;2,36;3,36;0,84;-;1,51
31;Асьер Йерро-Кампо;Атлетик Бильбао;21;-;-;Испания;-;39;Ф Ц;6,92;33,33%;6,92;33,33%;6,92;-;-;2,31;0%;-;-;2,31;-;0%;2,31;-;-;-;-;-;0,3;-;-;0%;-;-;-;2,31;-;0%;-;-;-;-;-;0%;13,85;2,31;-;-;4,62;2,31;2,31;4,62;-;2,31;6,92;2,31;33,33%;-;-;-;-;-;0,13;-;0,12;-;-;-;-;14;57,14%;32,31;18,46;-;-;-;-;-;13,85;20,77;66,67%;-;-;-;-;-;-;0%;-;2,31;-;-;-
29;Асьер Осамбела Ларрайя;Осасуна;-;-;-;Испания;170;426;ЗП ПЦ;9,72;52,17%;4,23;40%;4,01;0,21;-;0,85;25%;0,42;0,21;1,27;0,63;50%;0,42;0,21;-;0,42;0,21;0%;0,09;0,13;1,27;31,58%;3,17;0,63;0,21;1,06;0,42;40%;1,06;0,42;40%;-;-;0%;5,28;0,85;2,32;-;6,76;4,65;2,11;4,65;0,42;1,69;6,34;3,59;56,67%;-;-;1,27;0,63;50%;0,07;0,44;0,1;100%;0,21;0,21;0%;16;69,69%;53,66;37,39;-;-;0,85;0,85;-;24,72;35,7;69,23%;0%;-;0,42;33,33%;1,27;0,42;47,62%;2,11;4,44;1,69;-;5,28
4;Бамбо Диаби Диаби;Эльче;28;188;81;Камерун, Сенегал;165;125;З ПЦ;6,48;22,22%;1,44;0%;0,72;-;-;-;-;-;2,16;-;-;-;-;-;-;-;-;-;-;0,03;-;0%;2,88;-;-;-;-;-;-;-;-;-;-;-;0,72;0,72;1,44;-;1,44;0,72;0,72;5,04;-;-;4,32;1,44;33,33%;-;-;2,16;-;0%;-;-;-1,34;-;-;-;-;7;87,18%;56,16;48,96;-;-;0,72;0,72;-;43,2;45,36;95,24%;-;-;-;-;-;-;100%;1,44;1,44;-;-;4,32
22;Баптист Сантамария;Валенсия;31;183;73;Франция;177;876;ЗП ЛЦ;8,12;55,7%;4,11;62,5%;1,23;0,1;0,1;0,21;50%;0,1;1,03;0,62;0,21;33,33%;0,51;0,41;0,1;1,44;0,31;0%;0,05;0,12;0,72;58,33%;1,34;0,31;0,1;0,21;0,1;50%;0,21;0,1;50%;0,1;0,41;80%;3,7;0,41;1,23;-;4,32;2,26;2,05;3,6;0,82;2,57;2,77;1,85;66,67%;0,62;-;1,44;0,82;57,14%;0,09;0,52;-0,5;25%;0,1;0,41;42,86%;12;79,19%;55,79;44,18;-;-;1,64;1,64;-;34,52;42,12;81,95%;0%;-;0,21;59,09%;2,26;1,34;63,46%;3,39;5,34;1,75;-;4,32
19;Батиста Аделино Менди;Севилья;26;191;82;Франция, Гвинея-Бисау;180;1787;ЗП ЛЦ;7,05;55%;3,07;55,74%;0,6;0,05;-;0,15;33,33%;0,1;1,41;0,86;0,25;29,41%;0,4;0,1;-;1,06;0,25;60%;0,04;0,02;0,45;75%;1,96;0,1;0,05;0,1;0,05;50%;-;-;-;-;0,1;25%;4,43;0,25;1,36;-;2,97;1,81;1,16;3,17;0,55;1,71;1,31;0,71;53,85%;0,5;0,15;1,66;0,91;54,55%;0,05;0,8;-0,17;26,67%;0,2;0,76;47,62%;8;81,78%;44,22;36,16;-;-;1,41;1,36;0,05;28,71;32,99;87,02%;14,29%;0,05;0,35;47,06%;0,86;0,4;66,27%;2,77;4,18;1,26;-;4,18
24;Бенат Прадос Диаз;Атлетик Бильбао;25;180;-;Испания;-;92;ЗП ЛЦ;10,76;63,64%;5,87;66,67%;-;-;-;-;-;-;-;0,98;-;0%;-;0,98;-;1,96;0,98;100%;0,04;0,01;-;-;4,89;-;-;-;-;-;-;-;-;-;-;-;3,91;-;1,96;-;5,87;5,87;-;3,91;0,98;3,91;1,96;1,96;100%;0,98;0,98;1,96;0,98;50%;0,04;-;-0,4;0%;-;0,98;50%;17;74,24%;64,57;47,93;-;-;0,98;0,98;-;36,2;47,93;75,51%;-;-;-;-;-;-;75%;2,93;3,91;1,96;-;2,93
8;Бенат Торриентес;Реал Сосьедад;24;181;70;Испания;181;1485;ЗП ПЦ;9,82;51,85%;4,61;52,63%;1,09;-;0,18;0,36;33,33%;0,3;1,52;1,21;0,36;30%;1,03;0,24;-;2,18;1,09;55,56%;0,07;0,06;0,36;33,33%;1,7;0,42;0,12;0,36;0,12;33,33%;-;-;-;-;0,36;35,29%;4,85;0,42;1,7;-;4,36;2,42;1,94;4,73;0,97;2,42;1,39;0,73;52,17%;1,21;0,61;2,06;1,15;55,88%;0,06;-;0,03;28,57%;0,24;0,85;55,56%;12;79,64%;56,85;45,27;-;-;2;1,88;0,12;36,85;42,85;86%;25%;0,06;0,24;60,87%;1,39;0,85;66,27%;3,33;5,03;1,21;-;3,58
7;Борха Иглесиас;Сельта;33;187;87;Испания;169;2068;Ф Ц;5,61;41,09%;3,74;47,67%;2,61;0,61;0,09;1,09;56%;0,78;1,31;2;1,13;56,52%;1,13;0,26;0,96;0,96;0,22;60%;0,46;0,17;1,31;50%;1,65;0,91;0,61;1,31;0,87;66,67%;0,26;0,09;33,33%;0,04;0,61;53,85%;8,23;1,61;0,3;-;7,22;3,44;3,79;3,31;0,44;1,78;1,74;0,83;47,5%;0,52;0,13;0,65;0,26;40%;0,23;0,76;-0,14;37,5%;0,26;0,7;54,55%;10;66,82%;28,98;19,37;-;-;0,57;0,57;-;14,62;20,06;72,89%;0%;-;0,04;53,33%;0,65;0,35;65,22%;1,31;2;1,96;-;0,74
16;Борха Санчес Лаборде;Реал Овьедо;30;186;80;Испания;-;20;ЗП ПЦ;-;-;-;-;-;-;-;-;-;-;-;-;-;-;4,5;-;-;-;-;-;-;-;-;-;-;-;-;-;-;-;-;-;-;-;-;0%;4,5;-;-;-;9;9;-;-;-;-;-;-;-;-;-;-;-;-;-;-;-0,18;-;-;-;-;9;85,71%;63;54;-;-;-;-;-;54;63;85,71%;-;-;-;100%;9;9;-;-;-;4,5;-;-
19;Боян Миовски;Жирона;27;189;75;Северная Македония;-;44;Ф Ц;6,14;0%;6,14;0%;4,09;-;-;-;-;-;-;-;-;-;-;-;-;2,05;2,05;0%;-;-;2,05;50%;-;-;-;-;-;-;-;-;-;-;-;-;2,05;-;-;-;8,18;2,05;6,14;6,14;2,05;-;4,09;-;0%;-;-;-;-;-;-;-;-3,42;-;-;-;0%;8;33,33%;12,27;4,09;-;-;-;-;-;2,05;4,09;50%;-;-;-;-;-;-;-;-;-;-;-;-
21;Браим Диас;Реал Мадрид;26;170;68;Марокко, Испания;186;1380;АП П;8,74;47,76%;6,13;48,94%;3,65;0,07;0,39;0,78;8,33%;1,04;2,41;0,98;0,52;53,33%;2,35;0,98;0,2;3,2;1,89;48,28%;0,11;0,23;2,02;55,36%;1,3;0,78;0,07;0,72;0,39;54,55%;-;-;-;-;1,37;58,33%;15;1,37;0,59;-;4,24;1,3;2,93;4,57;1,57;3;0,65;0,13;20%;1,63;0,91;0,59;0,46;77,78%;0,11;1,62;0,57;50%;0,13;0,26;51,02%;8;81,65%;45,85;37,43;-;-;1,17;0,98;0,2;32,02;35,41;90,42%;35,29%;0,39;1,11;80%;0,33;0,26;82,35%;1,83;2,22;0,85;-;1,5
15;Брайан Сарагоса;Сельта;24;164;-;Испания;196;1226;АП ЛЦ;11,89;34,57%;8,52;37,93%;3,38;0,07;0,15;0,95;7,69%;1,03;1,25;1,98;1,03;51,85%;2,79;1,03;0,44;5,8;3,6;36,73%;0,16;0,35;1,39;41,3%;0,51;0,59;0,07;1,32;0,66;50%;-;-;-;-;1,17;42,11%;12,85;0,66;0,44;-;7,49;2,79;4,7;7,78;3,82;3,23;0,59;0,07;12,5%;1,98;1,32;1,25;0,37;29,41%;0,08;2,24;0,12;55,56%;0,37;0,66;34,18%;15;62,7%;40,74;25,55;-;-;0,59;0,59;-;19,6;26,06;75,21%;18,87%;0,73;3,89;70%;0,73;0,51;64%;1,17;1,84;0,95;-;1,25
23;Брайс Мендес Портела;Реал Сосьедад;29;184;76;Испания;189;1788;П ПЦ;10,57;51,9%;6,74;50%;2,11;0,3;0,25;0,86;35,29%;1,06;1,76;1,81;0,81;44,44%;3,62;0,76;0,35;2,62;1,16;21,74%;0,28;0,23;1,11;52,38%;2,16;0,76;0,3;0,91;0,5;55,56%;0,1;-;0%;-;1,71;47,22%;11,63;0,81;1,16;-;6,74;3,32;3,42;5,08;1,56;3,37;2,37;1,41;59,57%;1,06;0,25;1,21;0,81;66,67%;0,15;0,93;0,05;33,33%;0,3;0,91;40,38%;15;74,83%;60,81;45,5;-;-;2,11;1,91;0,2;37,45;46,66;80,26%;13,79%;0,2;1,46;70,59%;1,71;1,21;74,6%;4,73;6,34;1,01;-;2,82
19;Валентин Андре Анри Росиер;Осасуна;29;175;71;Франция, Гваделупа;185;2777;З П;7,16;53,85%;3,24;53%;0,68;0,03;0,06;0,06;50%;0,26;0,65;0,62;0,1;15,79%;1,59;0,26;0,1;1,56;0,52;43,75%;0,03;0,06;0,23;33,33%;1,1;0,26;0,03;0,19;0,03;16,67%;-;-;-;-;0,71;44,9%;4,93;0,32;0,97;-;4,02;2,66;1,36;3,31;0,65;1,72;1,07;0,62;57,58%;0,91;0,23;1,56;0,97;62,5%;0,04;0,84;0;15,38%;0,06;0,42;58,33%;11;79,21%;54,71;43,33;-;-;1,33;1,33;-;33,61;41,16;81,65%;7,69%;0,06;0,84;25,45%;1,78;0,45;56,55%;2,66;4,7;0,94;-;4,31
16;Валентин Гомез;Реал Бетис;23;181;-;Аргентина, Испания;188;2101;З Л;8,31;59,79%;2,4;73,21%;1,33;0,04;-;0,26;33,33%;0,21;0,51;0,47;0,21;45,45%;0,47;0,17;0,04;0,64;0,3;71,43%;0,05;0,05;0,77;58,06%;1,11;0,09;0,09;0,43;0,21;50%;0,34;0,17;50%;0,04;0,3;63,64%;3,3;0,26;1,37;-;3,51;2,74;0,77;3,34;0,09;1,76;3,17;1,8;56,76%;0,56;0,21;2,23;1,29;57,69%;0,11;1,25;0,19;0%;-;0,04;86,67%;10;83,13%;60,44;50,25;-;-;0,73;0,69;0,04;37,91;44,51;85,18%;20%;0,09;0,43;38,89%;1,54;0,6;53,85%;1,8;3,34;1,03;-;4,8
7;Ведат Мурици;Мальорка;32;194;92;Косово;177;3409;Ф Ц;9,85;52,55%;8,21;54,98%;5,68;0,61;0,03;1,77;34,33%;0,5;1,72;3,06;1,43;46,55%;0,98;0,37;0,4;0,82;0,37;50%;0,55;0,06;2,9;51,16%;1,11;0,69;0,61;2,75;1,27;46,15%;1,24;0,42;34,04%;0,16;0,26;27,03%;7,23;1,58;0,37;-;6,31;3,33;2,98;4,67;0,4;4,51;7,02;3,93;56,02%;0,42;0,18;0,34;0,16;46,15%;0,18;0,91;-0,36;50%;0,16;0,32;51,61%;13;61,47%;33,5;20,59;-;-;0,29;0,29;-;12,22;18,82;64,94%;42,86%;0,08;0,18;50%;0,26;0,13;41,18%;0,92;2,24;1,08;-;0,84
20;Велько Бирманцевич;Хетафе;28;179;67;Сербия;152;175;Ф ПЦ;11,31;22,73%;8,74;23,53%;1,03;-;-;0,51;0%;0,51;1,54;1,03;0,51;50%;1,03;0,51;1,54;2,06;1,54;66,67%;0,04;0,05;-;0%;1,54;0,51;-;-;-;-;-;-;-;-;0,51;50%;7,2;-;1,03;-;7,2;3,6;3,6;8,74;1,03;2,06;5,14;0,51;10%;1,03;1,03;2,06;0,51;25%;0,04;-;0,09;50%;0,51;1,03;50%;17;52,11%;36,51;19,03;-;-;1,03;1,03;-;11,83;20,06;58,97%;0%;-;0,51;0%;1,03;-;40%;1,03;2,57;0,51;-;3,09
40;Виктор Вальдепеньяс Талавера;Реал Мадрид;19;-;-;Испания;-;80;З Л;13,5;66,67%;4,5;50%;1,12;-;-;-;-;-;1,12;-;-;-;-;-;-;1,12;-;-;-;0,02;1,12;100%;3,38;-;-;-;-;-;-;-;-;-;-;-;13,5;-;-;-;5,62;4,5;1,12;4,5;0;2,25;-;-;-;1,12;-;5,62;4,5;80%;-;-;-0,21;-;-;-;100%;10;83,64%;61,88;51,75;-;-;-;-;-;39,38;45;87,5%;100%;1,12;1,12;100%;1,12;1,12;100%;1,12;1,12;2,25;-;5,62
21;Виктор Муньос;Осасуна;22;173;70;Испания;190;2862;АП Л;14,56;35,21%;11,13;37,01%;3,74;0,19;0,06;0,79;28%;0,41;1,76;2,55;1,01;39,51%;0,97;0,25;0,16;6,35;3,43;35,78%;0,22;0,07;1,67;44,54%;1,04;0,44;0,22;1,7;0,82;48,15%;0,19;0,09;50%;0,06;0,53;54,84%;9,5;0,75;0,63;-;6,38;1,73;4,65;9,43;3,99;4,12;1,57;0,53;34%;2,36;1,23;0,91;0,35;37,93%;0,09;1,19;0,18;22,22%;0,19;0,85;37,13%;15;60,95%;39,21;23,9;-;-;0,57;0,25;0,31;16,16;20,5;78,83%;16,87%;0,44;2,61;20%;0,16;0,03;71,43%;0,63;0,88;1,07;-;1,32
24;Виктор Парада;Депортиво Алавес;24;184;-;Испания;169;2343;З Л;6,07;51,27%;1,77;54,35%;1,04;-;0,12;0,15;0%;0,19;0,58;0,46;0,12;25%;0,5;0,12;0,15;0,5;0,19;40%;0,07;0,05;0,5;48,15%;1,11;0,27;-;0,31;0,12;37,5%;0,15;0,04;25%;-;0,15;30,77%;3,07;0,31;1,04;-;3,34;2,34;1;2,96;0,19;0,96;2,69;1,31;48,57%;0,31;0,08;1,11;0,69;62,07%;0,15;-;0,15;0%;-;0,15;61,54%;9;78,35%;43,83;34,34;-;-;0,92;0,85;0,08;26,62;32,8;81,15%;21,74%;0,19;0,88;40%;0,96;0,38;61,86%;2,3;3,73;0,92;-;3,69
15;Виктор Цыганков;Жирона;28;178;73;Украина;185;2761;АП П;7,89;47,11%;4,92;54,3%;2,51;0,2;0,16;0,68;28,57%;1,24;1,11;1,63;0,72;44%;3,91;1,11;0,16;1,83;1,08;45,45%;0,2;0,22;1,04;41,56%;0,72;0,49;0,2;0,98;0,42;43,33%;0,16;0,07;40%;0,03;1,73;44,17%;14,57;0,81;0,78;-;5,31;2,77;2,54;4,17;0,95;2,67;2,38;1,11;46,58%;0,88;0,49;0,95;0,39;41,38%;0,12;1,03;-0,25;45%;0,29;0,65;48,21%;12;74,23%;47,82;35,5;-;-;0,98;0,91;0,07;28,36;35,6;79,67%;7,41%;0,13;1,76;57,69%;0,85;0,49;63,01%;1,5;2,38;0,78;0,1;2,28
23;Виктор Чуст Гарсия;Эльче;26;182;73;Испания;176;2381;З ПЦ;7,82;59,42%;1,85;71,43%;0,34;0,04;-;0,11;33,33%;0,11;0,38;0,34;0,11;33,33%;2,15;0,11;0,04;0,45;-;-;0,02;0,03;0,15;44,44%;1,44;0,11;0,04;0,15;-;0%;0,08;-;0%;-;0,6;28,07%;2,49;0,15;1,44;-;3,4;2,46;0,94;3,18;0,15;1,32;2,42;1,1;45,31%;0,3;-;2,27;1,47;65%;0,07;0,6;-0,31;60%;0,11;0,19;66,67%;10;86,27%;73,78;63,65;-;-;2,34;2,34;-;53,94;60,67;88,91%;9,09%;0,04;0,42;39,51%;3,06;1,21;63,35%;4,57;7,22;0,91;-;5,48
16;Вилле Коски;Депортиво Алавес;24;-;-;Финляндия;167;314;З Ц;6,31;68,18%;2,58;88,89%;1,43;-;-;0,29;0%;-;-;0,29;0,29;100%;0,29;0,29;-;-;-;-;0,02;0,24;0,86;60%;0,57;-;-;0,29;0,29;100%;0,29;0,29;100%;-;-;0%;-;-;1,15;-;1,43;1,43;-;2,01;-;2,29;3,44;2,01;58,33%;-;-;1,15;1,15;100%;0,07;-;0,65;-;-;-;-;5;83,04%;32,1;26,66;-;-;0,57;0,57;-;14,9;18,34;81,25%;-;-;-;50%;1,15;0,57;50%;0,86;1,72;0,86;-;3,73
5;Вилли Камбвала Нденгуши;Вильярреал;21;192;-;Франция, ДР Конго;-;95;З ПЦ;1,89;50%;-;-;-;-;-;-;-;-;-;-;-;-;-;-;-;-;-;-;-;-;-;-;-;-;-;-;-;-;-;-;-;-;-;-;-;-;0,95;-;1,89;1,89;-;0,95;-;-;1,89;0,95;50%;-;-;-;-;-;-;-;-0,39;-;-;-;-;6;88,24%;48,32;42,63;-;-;-;-;-;36;40,74;88,37%;-;-;-;100%;1,89;1,89;-;-;-;1,89;-;1,89
19;Виллиот Тео Сведберг;Сельта;22;185;-;Швеция;184;1381;АП ЛЦ;9,45;40,69%;4,89;36%;3,45;0,33;0,33;0,91;35,71%;0,59;2,28;1,5;0,78;52,17%;1,04;0,46;0,39;2,15;1,63;32%;0,26;0,11;1,63;47,17%;1,96;0,91;0,33;1,3;0,78;60%;0,07;0,07;100%;0,07;0,78;75%;8,93;1,5;0,78;-;5,21;2,61;2,61;5,6;1,5;1,76;1,04;0,13;12,5%;0,65;0,52;2,15;1,04;48,48%;0,17;0,79;-0,3;0%;-;0,2;30,3%;11;66,67%;32,06;21,38;-;-;0,52;0,52;-;15,31;19,68;77,81%;16,67%;0,07;0,39;75%;0,26;0,2;56,25%;0,59;1,04;0,91;-;1,82
7;Винисиус Жуниор;Реал Мадрид;25;177;73;Бразилия;210;3031;Ф ЛЦ;12,77;41,16%;10,21;42,44%;8,46;0,48;0,18;1,16;41,03%;1,4;2,52;3,06;1,43;46,6%;2,43;1,51;0,39;6,47;5,49;37,84%;0,41;0,24;4,22;49,82%;1,13;0,83;0,48;2,2;1,07;48,65%;-;-;-;-;1,34;54,88%;22,12;1,28;0,8;-;7,39;2,29;5,11;7,51;3,89;4,34;0,18;-;0%;2,58;2,08;0,74;0,36;48%;0,14;0,87;0,62;41,38%;0,36;0,86;39,91%;15;70,32%;50,72;35,66;-;-;1,04;0,83;0,21;28,27;34,18;82,71%;17,31%;0,27;1,54;65,71%;1,04;0,68;62,5%;1,34;2,14;0,56;-;1,04
12;Витор Нуньес;Жирона;20;186;-;Бразилия;186;3370;З ПЦ;7,37;61,23%;1,95;64,38%;1,04;0,03;0,03;0,19;14,29%;0,05;0,64;0,51;0,16;31,58%;0,21;0,08;0,03;0,35;0,05;50%;0,07;0,01;0,37;35,9%;1,09;0,11;0,03;0,43;0,16;37,5%;0,27;0,05;20%;0,03;0,05;25%;0,67;0,13;1,34;-;2,06;1,55;0,51;2,86;0,13;1,26;4,25;2,43;57,23%;0,21;0,03;1,15;0,85;74,42%;0,14;2,57;-0,27;0%;-;0,08;61,54%;8;88,51%;67,86;60,06;0,03;-;1,26;1,18;0,08;47,14;51,7;91,17%;-;-;-;38,03%;1,9;0,72;62,18%;1,98;3,18;0,83;0,03;5,55
19;Владислав Ванат;Жирона;24;182;69;Украина;163;2042;Ф Ц;4,63;37,14%;3,53;38,75%;2,6;0,4;0,04;0,93;42,86%;0,35;0,75;1,23;0,84;67,86%;0,66;0,44;0,88;0,93;0,53;25%;0,36;0,06;1,41;54,24%;1,23;0,48;0,4;1,15;0,79;69,23%;0,13;-;0%;-;0,26;40%;5,24;1,32;0,22;-;4,94;1,9;3,04;2,91;0,53;1,37;2,25;0,75;33,33%;0,4;0,13;0,18;0,04;25%;0,29;0,91;-0,51;50%;0,04;0,09;42,86%;6;69,18%;19,3;13,35;-;-;0,26;0,22;0,04;9,56;12,21;78,34%;0%;-;0,18;0%;0,09;-;52,94%;0,4;0,75;1,06;-;0,48
12;Габриель Алонсо Суасо;Севилья;28;178;72;Чили;192;2273;З Л;10,18;61,09%;3,44;60,92%;0,75;-;0,16;0,08;0%;0,75;0,59;0,2;0,08;40%;4,24;0,55;0,08;1,15;0,4;30%;0,02;0,1;0,44;57,89%;1,23;0,24;-;0,2;0,08;40%;-;-;-;-;1,94;45,79%;8,08;0,28;1,62;-;5,78;4,04;1,74;3,96;0,55;2,1;1,31;0,51;39,39%;0,59;0,12;3,29;2,18;66,27%;0,1;-;-0,3;-;-;-;51,72%;14;78,27%;63,79;49,93;-;-;1,11;1,11;-;39,44;49,22;80,13%;27,27%;0,48;1,74;40,43%;1,86;0,75;57,85%;2,77;4,79;1,82;-;5,46
6;Гави;Барселона;21;173;70;Испания;187;638;ЗП ПЦ;9,59;44,12%;2,96;33,33%;-;-;0,14;-;-;0,28;1,97;-;-;-;0,85;0,56;-;1,13;0,14;0%;-;0,06;-;-;1,55;0,56;-;-;-;-;-;-;-;-;0,42;50%;10,16;-;1,41;-;3,1;1,27;1,83;5,36;0,99;0,99;2,4;1,55;64,71%;0,14;-;2,4;1,27;52,94%;-;-;0,66;-;-;-;12,5%;10;85,92%;70,11;60,24;-;-;3,39;3,39;-;53,61;58,12;92,23%;0%;-;0,14;85,71%;1,97;1,69;85,29%;4,09;4,8;0,85;-;3,81
9;Георгес Микаутадзе;Вильярреал;25;176;71;Грузия, Франция;179;2259;Ф ЛЦ;7,69;34,72%;5,82;39,73%;4,5;0,52;0,2;1,31;39,39%;0,92;1,79;2,59;1,27;49,23%;1,16;0,76;0,12;2,83;1,75;54,55%;0,46;0,18;2,47;54,87%;0,52;0,88;0,52;2,11;1,24;58,49%;0,12;0,08;66,67%;0,04;0,48;41,38%;6,85;1,39;0,56;-;5,66;2,43;3,23;5,02;1,51;2,31;1,75;0,4;22,73%;1,31;0,96;0,28;0,12;42,86%;0,18;0,89;0,29;8,33%;0,04;0,48;46,48%;10;61,99%;27,57;17,09;-;-;0,44;0,32;0,12;12,31;16,45;74,82%;7,69%;0,04;0,52;40%;0,4;0,16;54,84%;0,68;1,24;1;-;0,92
11;Герман Валера;Эльче;24;170;68;Испания, Литва;189;3065;ЗП Л;8,31;49,82%;5,17;45,45%;2,06;0,12;0,18;0,47;25%;0,59;2,2;0,82;0,29;35,71%;1,73;0,53;0,12;2,61;1,23;47,62%;0,07;0,17;0,94;45,71%;1,23;0,5;0,12;0,56;0,18;31,58%;0,03;-;0%;-;1,06;61,02%;14,48;0,97;0,7;-;4,96;1,76;3,2;4,17;1,5;2,35;0,91;0,35;38,71%;1,12;0,59;1,12;0,73;65,79%;0,08;0,58;-0,3;44,44%;0,12;0,26;42,7%;10;79,92%;49,86;39,85;-;-;0,97;0,88;0,09;32,62;37,94;85,99%;20,78%;0,47;2,26;45,83%;0,7;0,32;85,53%;1,91;2,23;1,09;-;2,32
2;Гидо Родригес;Валенсия;32;185;78;Аргентина, Италия;184;1468;ЗП ЛЦ;10,12;55,15%;4,29;55,71%;1,1;0,25;0,06;0,49;50%;0,31;1,72;0,92;0,31;33,33%;0,37;0,18;-;1,35;0,18;0%;0,08;0,1;0,43;38,89%;1,29;0,43;0,25;0,61;0,25;40%;0,12;0,06;50%;0,06;0,12;33,33%;4,78;0,43;1,78;-;3,49;2,51;0,98;4,54;0,74;2,39;2,15;1,23;57,14%;0,61;-;2,51;1,29;51,22%;0,08;0,31;0,11;20%;0,06;0,31;45,45%;11;81,77%;58,86;48,13;-;-;2,08;2,08;-;38,01;43,59;87,2%;33,33%;0,06;0,18;47,37%;1,16;0,55;68,92%;3,13;4,54;1,04;-;4,29
15;Годуине Коялипоу;Леванте;26;184;76;Центрально-Африканская Республика, Франция;154;292;Ф ЛЦ;16,64;50%;11,71;57,89%;4,01;0,31;-;0,92;33,33%;0,31;0,31;3,08;1,23;40%;0,31;0,31;0,92;4,62;4,32;64,29%;0,45;0,05;2,47;61,54%;0,62;0,62;0,31;2,16;1,23;57,14%;0,92;0,31;33,33%;-;-;0%;8,94;1,85;0,31;-;7,71;3,7;4,01;8,32;1,85;6,78;4,62;2,16;46,67%;2,77;2,77;0,92;0,62;66,67%;0,15;1,46;-0,77;0%;-;0,92;60%;17;55,28%;37,91;20,96;-;-;0,62;0,62;-;9,55;16,34;58,49%;50%;0,31;0,62;-;-;-;50%;0,62;1,23;0,92;-;1,23
12;Гонсало Виллар Дел Фрайле;Эльче;28;181;73;Испания;175;784;П ПЦ;8,95;48,72%;4,48;53,85%;0,69;0,11;-;0,34;33,33%;0,11;2,87;0,46;0,11;25%;1,61;0,11;-;1,95;1,15;50%;0,03;0,04;0,46;66,67%;1,26;0,23;0,11;0,23;0,11;50%;-;-;-;-;1,03;64,29%;14,58;0,23;0,92;-;2,64;1,61;1,03;4,59;0,92;2,41;2,18;1,26;57,89%;1,03;0,57;1,61;0,8;50%;0,07;0,27;-0,06;0%;-;0,23;52,94%;10;82,24%;57,51;47,3;-;-;1,61;1,49;0,11;41,1;46,38;88,61%;0%;-;0,57;40%;0,57;0,23;72,22%;2,98;4,13;0,69;-;1,95
16;Гонсало Гарсиа;Реал Мадрид;22;147;38;Испания;177;1099;Ф ПЦ;7,86;43,75%;4,91;45%;3,77;0,49;0,08;1,39;35,29%;0,57;0,49;1,72;0,9;52,38%;0,33;0,66;-;1,31;0,98;25%;0,32;0,12;2,21;58,7%;0,74;0,66;0,49;1,56;0,82;52,63%;0,49;0,25;50%;0,08;0,25;75%;8,19;1,72;0,9;-;2,54;0,74;1,8;4,42;1,06;2,21;2,95;1,64;55,56%;0,25;0,25;0,98;0,49;50%;0,18;0,65;0,36;50%;0,08;0,16;18,75%;8;73,68%;31,12;22,93;-;-;0,25;0,25;-;16,95;19,9;85,19%;0%;-;0,25;-;-;-;58,33%;0,57;0,98;0,57;-;1,64
11;Гонсалу Гедеш;Реал Сосьедад;29;179;68;Португалия;181;1977;П П;8,38;36,96%;4,51;40,4%;2,59;0,36;0,23;0,91;40%;0,77;1,5;2,09;0,82;39,13%;1,64;0,59;0,59;2;1,27;42,86%;0,15;0,27;1,27;49,12%;0,82;0,96;0,36;0,91;0,59;65%;0,05;0,05;100%;-;1,09;66,67%;13,07;1,18;0,64;-;7,06;3,41;3,64;5,28;1,18;1,82;1,46;0,5;34,38%;0,82;0,55;1,73;0,59;34,21%;0,07;0,41;-0,09;19,23%;0,23;1,18;40,91%;14;64,51%;39,38;25,4;-;-;0,82;0,82;-;20,3;27,72;73,23%;13,95%;0,27;1,96;48,48%;1,5;0,73;59,32%;1,59;2,69;0,68;-;1,55
11;Горка Гурозета Родригес;Атлетик Бильбао;29;188;77;Испания;168;2551;Ф Ц;10,9;40,13%;7,87;43,05%;5,47;0,35;0,11;1,45;24,39%;0,42;1,06;2,96;1,2;40,48%;0,78;0,39;0,39;1,2;0,81;13,04%;0,45;0,13;2,79;50,97%;1,76;0,56;0,35;2,5;1,13;45,07%;0,88;0,32;36%;0,07;0,21;27,27%;7,09;1,76;0,81;-;5,93;2,79;3,14;6,53;0,95;3,39;6,7;2,79;41,58%;0,25;0,11;0,85;0,21;25%;0,15;1,28;0,49;15,38%;0,07;0,46;20,59%;14;58,48%;34,75;20,32;-;-;0,67;0,67;-;12,56;18,7;67,17%;40%;0,07;0,18;63,16%;0,67;0,42;40,68%;0,85;2,08;0,81;-;1,31
42;Горка Каррера Сарранс;Реал Сосьедад;21;-;-;Испания;152;77;АП Ц;5,84;20%;3,51;33,33%;2,34;-;-;-;-;-;2,34;1,17;1,17;100%;-;-;-;-;-;-;0,33;-;2,34;100%;2,34;-;-;1,17;1,17;100%;1,17;1,17;100%;-;-;-;1,17;-;-;-;2,34;1,17;1,17;4,68;-;1,17;3,51;1,17;33,33%;-;-;1,17;-;0%;0,28;-;1,16;-;-;-;-;6;73,68%;22,21;16,36;-;-;-;-;-;12,86;14,03;91,67%;-;-;-;-;-;-;-;-;-;2,34;-;-
19;Грэйди Диангана;Эльче;28;180;73;Англия, Конго;165;1004;П ПЦ;11,03;31,71%;6,81;31,58%;2,15;0,09;-;0,36;50%;0,54;1,7;1,52;0,18;11,76%;1,08;0,54;0,45;3,23;1,97;40,91%;0,17;0,1;0,81;37,5%;1,34;0,18;0,18;0,72;-;0%;0,18;-;0%;-;0,54;50%;10,49;0,9;0,63;-;6,72;2,06;4,66;7,53;2,33;2,15;1,61;0,54;33,33%;0,9;0,81;1,34;0,81;60%;0,11;1,85;-0,49;22,22%;0,18;0,81;27,78%;13;68,5%;42,4;29,04;-;-;0,63;0,45;0,18;22,23;26,71;83,22%;10%;0,09;0,9;50%;0,18;0,09;50%;0,99;1,97;1,79;-;1,88
6;Гудель;Севилья;34;187;81;Сербия;181;2555;З Ц;5,85;59,64%;1,51;67,44%;0,56;0,07;0,04;0,28;25%;0,11;0,39;1,09;0,35;32,26%;0,49;0,18;-;0,42;0,11;66,67%;0,05;0,01;0,25;43,75%;1,44;0,18;0,07;0,21;0,07;33,33%;0,14;0,04;25%;0,04;0,18;35,71%;1,9;0,14;1,59;-;2,15;1,73;0,42;2,36;0,25;1,02;2,4;1,59;66,18%;0,18;0,07;1,37;0,77;56,41%;0,04;0,69;-0,2;32%;0,28;0,88;41,67%;8;85,34%;52,38;44,7;-;-;0,81;0,81;-;34,49;39,06;88,28%;0%;-;0,14;49,15%;2,08;1,02;48%;1,69;3,52;0,46;-;4,68
4;Давид Алаба;Реал Мадрид;34;180;78;Австрия;183;473;З ЛЦ;4,19;59,09%;1,14;83,33%;0,57;-;-;0,19;0%;-;-;0,76;0,19;25%;1,14;-;-;-;-;-;0,07;-;-;0%;0,19;0,19;-;0,38;-;0%;-;-;-;-;0,38;33,33%;0,95;0,19;0,57;-;2,28;2,28;-;1,71;-;0,95;2,47;1,33;53,85%;-;-;0,76;0,38;50%;0,09;-;0,28;50%;0,19;0,38;-;7;91,38%;83,91;76,68;-;-;2,85;2,85;-;69,64;74,59;93,37%;-;-;-;30,77%;2,47;0,76;66,67%;4,57;6,85;0,38;-;4,95
22;Давид Аффенгрубер;Эльче;25;185;79;Австрия;183;3225;З Ц;7,9;67,84%;2,04;76,71%;1,12;0,03;0,03;0,22;12,5%;0,17;1;0,39;0,11;28,57%;0,95;0,14;0,06;0,56;0,14;40%;0,04;0,04;0,56;50%;1;0,2;0,03;0,36;0,11;30,77%;0,28;0,06;20%;-;0,28;29,41%;1,09;0,31;1,51;-;3,6;3,1;0,5;2,54;0,22;1,56;2,96;1,79;60,38%;0,33;0,06;1,98;1,45;73,24%;0,1;1,41;-0,33;0%;-;0,03;60%;10;86,05%;74,82;64,38;-;-;1,67;1,67;-;51,38;59;87,09%;0%;-;0,22;31,58%;2,65;0,84;54,47%;3,57;6,56;0,81;-;6,95
16;Давид Кармо;Реал Овьедо;26;196;82;Португалия;173;1929;З ЛЦ;7,56;65,43%;1,54;78,79%;1,21;0,05;-;0,23;20%;0,28;0,19;0,47;0,14;30%;0,93;0,14;-;0,14;-;-;0,06;0,02;0,65;53,85%;0,98;0,05;0,05;0,37;0,14;37,5%;0,33;0,09;28,57%;-;0,23;25%;0,51;0,19;1,31;-;3,97;3,45;0,51;2,61;0,05;1,21;4,29;2,94;68,48%;0,09;-;1,45;0,89;61,29%;0,13;1,28;-0,61;0%;-;0,09;66,67%;11;82,54%;64,95;53,61;-;-;1,31;1,31;-;39,42;47,82;82,44%;0%;-;0,05;41,12%;4,99;2,05;50,36%;3,22;6,39;1,17;-;4,85
4;Давид Костас;Реал Овьедо;31;184;73;Испания;170;2265;З ПЦ;5,4;66,18%;1,47;75,68%;0,87;0,04;0,04;0,24;16,67%;0,16;0,4;0,2;0,04;20%;0,36;0,04;0,12;0,36;0,08;0%;0,05;0,01;0,36;40,91%;0,64;0,08;0,04;0,2;0,04;20%;0,16;-;0%;-;0,12;33,33%;0,68;0,28;0,87;-;2,26;1,71;0,56;1,83;0,08;1,11;2,98;1,87;62,67%;0,28;-;0,83;0,48;57,14%;0,23;1,15;-0,42;-;-;-;77,78%;7;87,57%;53,36;46,73;-;-;0,75;0,72;0,04;36,52;41,17;88,71%;-;-;-;60%;2,58;1,55;56,76%;1,67;2,94;0,64;-;4,53
5;Давид Лопез;Жирона;36;185;81;Испания;175;327;З ПЦ;7,16;57,69%;1,38;20%;0,83;-;-;-;-;-;0,55;0,28;0,28;100%;-;-;0,28;0,28;-;-;0,19;-;0,28;33,33%;0,55;0,28;-;0,28;0,28;100%;-;-;-;-;-;-;-;-;0,55;-;4,13;3,3;0,83;3,03;0;0,28;2,75;1,38;50%;0,28;-;0,83;0,83;100%;0,69;-;-0,4;-;-;-;100%;9;88,07%;78,44;69,08;0,83;0,28;2,2;2,2;-;55,6;61,93;89,78%;-;-;-;53,85%;3,58;1,93;71,43%;4,13;5,78;1,93;1,1;7,43
27;Давид Лопез Гихарро;Мальорка;23;195;-;Испания;168;921;З ПЦ;6,16;69,84%;1,66;58,82%;1,27;-;-;0,2;0%;-;0,39;0,39;-;0%;0,39;-;-;0,2;-;-;0,07;-;0,39;30,77%;1,37;-;-;0,39;-;0%;0,29;-;0%;-;0,1;25%;0,29;0,1;1,17;-;4,01;3,32;0,68;1,86;0;0,98;4,01;2,54;63,41%;0,2;-;0,88;0,68;77,78%;0,18;-;-0,79;-;-;-;100%;10;84,14%;62,25;52,38;-;-;0,88;0,88;-;37,23;44,76;83,19%;-;-;-;39,58%;4,69;1,86;43,64%;2,35;5,37;0,98;-;4,79
17;Давид Ханцко;Атлетико Мадрид;28;188;82;Словакия;193;2649;З ЛЦ;6,93;57,35%;2,48;60,27%;2,07;-;0,1;0,37;0%;0,31;0,17;0,71;0,2;28,57%;1,43;0,2;0,07;0,58;0,17;20%;0,08;0,08;0,95;45,9%;0,51;0,31;-;0,58;0,2;35,29%;0,31;0,07;22,22%;-;0,51;35,71%;4,08;0,92;1,56;-;3,64;2,65;0,99;2,96;0,31;1,49;2,58;1,46;56,58%;0,27;0,03;1,77;1,09;61,54%;0,11;-;0,42;0%;-;0,14;47,06%;10;84,33%;64,82;54,67;-;-;2,31;2,11;0,2;45,46;52,15;87,17%;5%;0,03;0,68;50%;1,9;0,95;64,67%;4,04;6,25;0,78;-;4,89
14;Дамиан Родригес;Сельта;23;-;-;Испания;-;162;ЗП ПЦ;1,67;0%;0,56;0%;-;-;-;0,56;0%;0,56;-;1,67;-;0%;1,67;1,11;-;0,56;-;-;0,03;0,77;-;-;1,67;0,56;-;-;-;-;-;-;-;-;0,56;33,33%;11,11;-;1,67;-;2,22;2,22;-;1,67;0,56;-;-;-;-;-;-;0,56;-;0%;0,02;-;1,03;0%;-;1,67;0%;9;87,6%;71,67;62,78;-;-;2,78;2,78;-;60;65,56;91,53%;-;-;-;-;-;-;75%;3,33;4,44;0,56;-;2,78
2;Дани Карвахаль;Реал Мадрид;34;173;73;Испания;206;1058;З П;4,93;53,45%;1,11;53,85%;0,77;-;0,09;0,17;0%;0,68;0,77;0,43;0,09;20%;1,79;0,6;-;0,43;0,26;33,33%;0,04;0,14;0,34;44,44%;0,6;0,26;-;0,26;-;0%;0,09;-;0%;-;1,11;61,9%;11,14;0,34;1,28;-;2,64;1,7;0,94;2,3;0,26;0,6;1,02;0,43;41,67%;0,17;0,09;1,87;0,77;40,91%;0,09;-;0,59;50%;0,09;0,17;40%;7;88,1%;60,74;53,51;-;-;1,36;1,36;-;46,96;51,55;91,09%;33,33%;0,17;0,51;87,5%;0,68;0,6;85,37%;2,98;3,49;1,19;-;4,34
26;Даниель Диаз Гандара;Реал Сосьедад;20;-;-;Испания;-;19;АП П;9,47;0%;9,47;0%;9,47;-;-;-;-;-;-;-;-;-;4,74;-;-;4,74;-;-;-;-;4,74;50%;-;-;-;-;-;-;-;-;-;-;-;0%;18,95;9,47;-;-;14,21;9,47;4,74;9,47;4,74;-;-;-;-;-;-;-;-;-;-;-;1,18;-;-;-;0%;19;42,86%;33,16;14,21;-;-;-;-;-;14,21;23,68;60%;-;-;-;-;-;-;0%;-;4,74;-;-;-
3;Даниэль Вивиан;Атлетик Бильбао;26;184;78;Испания;178;2802;З ПЦ;6,75;57,14%;1,61;70%;0,8;0,03;0,03;0,26;12,5%;0,1;0,58;0,55;0,22;41,18%;0,8;0,03;0,03;0,22;0,03;100%;0,06;0,03;0,42;52%;1,28;0,16;0,03;0,39;0,19;50%;0,19;0,13;66,67%;-;0,1;12%;0,84;0,29;1,8;-;2,92;2,25;0,67;2,89;0,06;1,12;2,34;1,09;46,58%;0,16;0,03;1,9;1,16;61,02%;0,12;1,98;0,34;20%;0,03;0,16;71,43%;10;83,22%;57,62;47,96;-;-;1,45;1,45;-;37,52;43,97;85,32%;25%;0,03;0,13;40,51%;2,54;1,03;57,95%;3,28;5,65;0,9;-;6,04
30;Даниэль Мартинез Морено;Атлетико Мадрид;22;-;-;Испания;-;102;З ЛЦ;2,65;33,33%;-;-;0,88;-;-;-;-;-;-;-;-;-;0,88;-;-;-;-;-;-;-;0,88;100%;0,88;-;-;-;-;-;-;-;-;-;-;0%;-;-;-;-;5,29;4,41;0,88;1,76;-;-;-;-;-;-;-;0,88;0,88;100%;-;-;-0,78;-;-;-;-;11;87,37%;83,82;73,24;-;-;0,88;0,88;-;67,94;76,76;88,51%;-;-;-;0%;1,76;-;14,29%;0,88;6,18;0,88;-;2,65
20;Даниэль Ольмо;Барселона;28;179;72;Испания;206;2247;АП Ц;7,81;47,69%;4,65;47,41%;3,12;0,28;0,28;0,96;29,17%;1,44;1,68;2,8;0,84;30%;3,2;1,04;0,24;2,04;0,88;18,18%;0,29;0,25;1,44;46,15%;1,08;0,88;0,28;1,28;0,48;37,5%;0,12;0,04;33,33%;-;1,4;43,75%;15,66;1,84;1,16;-;5,25;2,88;2,36;4,09;1,4;2,2;1,32;0,8;60,61%;0,64;0,16;1,12;0,52;46,43%;0,1;1,03;0,84;23,68%;0,36;1,52;31,37%;14;78,03%;62,36;48,66;-;-;1,76;1,68;0,08;41,98;49,63;84,58%;25%;0,16;0,64;59,38%;1,28;0,76;70,09%;3;4,29;1,24;-;2,84
12;Даниэль Педро Сальво Санроман;Реал Овьедо;32;193;82;Испания;170;1776;З ЛЦ;5,88;66,38%;1,22;75%;0,56;-;-;0,05;0%;0,05;0,3;0,15;-;0%;0,2;-;0,05;0,1;-;-;0,03;0,02;0,15;27,27%;0,56;-;-;0,15;-;0%;0,15;-;0%;-;0,05;25%;0,46;0,2;0,76;-;1,62;1,37;0,25;1,98;0,05;0,91;3,29;2,13;64,62%;0,05;-;1,01;0,91;90%;0,18;-;-0,69;-;-;-;50%;6;89,61%;55,59;49,81;-;-;0,46;0,46;-;36,39;40,03;90,89%;0%;-;0,05;33,33%;1,37;0,46;42,86%;1,06;2,48;0,46;-;3,7
37;Даниэль Перес Герреро;Реал Бетис;20;-;-;Испания;-;6;АП Ц;45;33,33%;45;33,33%;-;-;-;-;-;-;15;-;-;-;-;-;-;30;30;50%;-;-;-;-;-;-;-;-;-;-;-;-;-;-;-;-;-;-;-;-;-;-;-;30;15;15;-;-;-;15;15;-;-;-;-;-;0,45;-;-;-;50%;30;50%;60;30;-;-;-;-;-;15;15;100%;-;-;-;-;-;-;-;-;-;-;-;-
19;Даниэль Раба Антолин;Валенсия;30;184;76;Испания;165;340;Ф ПЦ;9,53;44,44%;6,09;34,78%;1,59;-;0,26;-;-;0,53;0,79;2,65;0,26;10%;3,18;0,53;-;2,38;0,53;50%;0,11;0,04;-;0%;1,59;0,79;-;0,79;-;0%;-;-;-;-;1,06;33,33%;8,74;-;1,32;-;6,09;2,38;3,71;5,29;1,59;2,12;1,06;0,26;25%;0,79;0,26;1,32;1,06;80%;0,04;-;0,19;14,29%;0,26;1,85;33,33%;16;68,75%;50,82;34,94;-;-;1,85;1,85;-;27,53;35,74;77,04%;0%;-;1,85;72,73%;2,91;2,12;90,91%;2,65;2,91;2,12;-;2,65
42;Даниэль Янес Барла;Реал Мадрид;19;-;-;Испания;-;50;П П;12,6;42,86%;9;40%;-;-;1,8;-;-;1,8;7,2;-;-;-;3,6;1,8;-;1,8;1,8;0%;-;0,32;-;-;-;1,8;-;-;-;-;-;-;-;-;1,8;50%;16,2;-;1,8;-;5,4;1,8;3,6;7,2;1,8;3,6;3,6;1,8;50%;-;-;1,8;-;0%;-;-;-1,4;-;-;-;0%;11;80%;54;43,2;-;-;-;-;-;34,2;37,8;90,48%;-;-;-;-;-;-;100%;1,8;1,8;-;-;3,6
14;Дауда Камара Санхаре;Жирона;23;-;-;Испания, Мавритания;-;81;Ф Ц;6,67;33,33%;4,44;50%;4,44;-;-;-;-;-;-;2,22;1,11;50%;1,11;-;-;-;-;-;0,33;-;2,22;50%;2,22;-;-;2,22;1,11;50%;1,11;1,11;100%;-;1,11;100%;2,22;1,11;1,11;-;4,44;1,11;3,33;4,44;-;2,22;5,56;1,11;20%;-;-;-;-;-;0,15;-;-0,78;-;-;-;-;9;57,89%;21,11;12,22;-;-;-;-;-;7,78;11,11;70%;-;-;-;0%;1,11;-;100%;1,11;1,11;1,11;-;1,11
17;Дейли Блинд;Жирона;36;180;72;Нидерланды;180;2769;З ЛЦ;6,34;56,41%;1,33;70,73%;0,23;-;-;0,07;0%;0,13;0,65;0,16;0,07;40%;1,14;0,1;-;0,52;0,07;100%;0,01;0,03;0,16;71,43%;0,62;0,2;-;0,1;0,03;33,33%;-;-;-;-;0,46;40%;2,7;0,1;1,01;-;4,32;3,45;0,88;2,76;0,13;0,94;2,24;0,98;43,48%;0,39;0,07;1,53;1,01;65,96%;0,06;-;-0,48;50%;0,03;0,07;75%;10;87,49%;82,88;72,51;-;-;3,28;3,22;0,07;62,02;69,52;89,2%;20%;0,03;0,16;41,48%;4,39;1,82;70,37%;6,18;8,78;1,4;0,03;5,66
2;Дене Даконам Ортега;Хетафе;34;178;72;Того, Бенин;162;2819;З ЛЦ;5,36;63,1%;1,63;70,59%;0,29;-;-;0,03;0%;0,06;0,86;0,13;0,03;25%;0,45;0,03;-;0,35;0,06;100%;0,01;0;0,16;55,56%;1,12;0,06;-;0,06;0,03;50%;-;-;-;-;0,06;14,29%;1,25;0,03;1,53;-;2,39;1,66;0,73;1,98;0,1;1,15;2,46;1,44;58,44%;0,26;0,06;1,02;0,7;68,75%;0,1;-;-0,14;0%;-;0,06;72,73%;8;79,75%;37,99;30,3;-;-;0,89;0,86;0,03;20,27;25,89;78,3%;0%;-;0,16;46,34%;1,31;0,61;49,61%;2,04;4,12;0,51;-;4,92
4;Денис Суарез;Депортиво Алавес;32;176;69;Испания;171;1551;ЗП ЛЦ;10,91;40,43%;6,38;43,64%;0,99;0,06;0,17;0,29;40%;0,64;1,51;0,52;0,23;44,44%;3,19;0,64;-;3,37;0,99;41,18%;0,04;0,17;0,46;47,06%;1,22;0,52;0,12;0,23;0,17;75%;0,06;0,06;100%;-;1,22;38,18%;9,23;0,23;0,93;-;6,27;3,66;2,61;6,5;1,91;2,79;0,75;0,23;30,77%;1,45;0,41;2,32;0,75;32,5%;0,08;0,71;-0,2;20%;0,06;0,29;43,1%;14;76,89%;61,51;47,29;-;-;1,8;1,68;0,12;40,68;48,1;84,56%;5,88%;0,06;0,99;39,13%;1,33;0,52;69,39%;3,95;5,69;1,04;-;2,5
22;Джакомо Распадори;Атлетико Мадрид;26;172;69;Италия;167;294;Ф ЛЦ;8,27;29,63%;4,29;21,43%;5,82;-;0,31;0,61;50%;1,22;2,14;2,14;0,92;42,86%;2,45;0,92;0,61;1,22;0,31;0%;0,28;0,26;1,53;26,32%;0,92;0,61;0,31;1,53;0,31;20%;0,61;-;0%;-;1,22;50%;14,39;3,06;0,31;-;2,76;0,92;1,84;5,82;0,92;0,92;3,06;0,92;30%;0,31;-;1,22;0,61;50%;0,13;-;0,68;100%;0,61;0,61;25%;14;66,91%;41,63;27,86;-;-;0,61;0,61;-;23,27;30;77,55%;25%;0,31;1,22;66,67%;0,92;0,61;50%;0,61;1,22;0,61;-;1,53
30;Джастин-Ноэль Калумба Мвана Нгонго;Мальорка;21;-;-;Испания;-;103;З П;13,11;26,67%;9,61;36,36%;6,12;-;-;-;-;-;3,5;0,87;-;0%;-;-;-;4,37;2,62;33,33%;0,1;-;2,62;42,86%;1,75;-;-;0,87;-;0%;-;-;-;-;-;-;13,98;1,75;-;-;5,24;2,62;2,62;9,61;3,5;3,5;1,75;-;0%;0,87;0,87;1,75;-;0%;0,12;-;1,21;-;-;-;20%;17;56,82%;38,45;21,84;-;-;0,87;0,87;-;18,35;24,47;75%;0%;-;1,75;-;-;-;100%;0,87;0,87;0,87;-;-
32;Джей Бонар;Атлетико Мадрид;21;-;-;Испания;193;329;З П;9,85;47,22%;4,38;37,5%;1,64;0,27;-;0,27;100%;0,27;0,55;0,55;0,27;50%;1,09;0,27;-;1,91;1,09;0%;0,07;0,07;0,82;50%;0,55;0,55;0,27;0,27;0,27;100%;0,27;0,27;100%;0,27;0,55;50%;5,74;0,82;1,09;-;4,38;3,01;1,37;5,2;1,64;1,64;1,64;0,82;50%;0,27;-;2,46;1,64;66,67%;0,12;0,25;-0,47;0%;-;0,27;14,29%;12;80,18%;59,36;47,6;-;-;1,09;1,09;-;36,93;43,22;85,44%;0%;-;0,55;40%;2,74;1,09;42,86%;2,46;5,74;0,82;-;3,01
22;Джереми Тольян;Леванте;31;182;74;Германия, США;172;3463;З П;6,03;53,45%;1,59;42,62%;0,49;0,03;0,1;0,08;33,33%;0,39;0,49;0,23;0,08;33,33%;1,09;0,21;0,05;0,52;0,23;22,22%;0,02;0,1;0,23;47,37%;0,86;0,26;0,03;0,1;0,08;75%;-;-;-;-;0,42;38,1%;4,05;0,26;0,78;-;5,04;3,87;1,17;2,81;0,36;0,68;1,2;0,34;28,26%;0,16;0,05;1,98;1,4;71,05%;0,09;0,81;-0,33;0%;-;0,13;30%;11;76,27%;47,43;36,18;-;-;0,73;0,73;-;28,12;36,38;77,29%;30%;0,39;1,3;25,29%;2,26;0,57;48,54%;2,16;4,44;1,04;-;3,14
20;Джибриль Соу;Севилья;29;184;76;Швейцария;184;2331;ЗП ЛЦ;6,18;51,88%;2,97;36,36%;1,35;0,19;0,15;0,42;45,45%;0,66;1,12;0,73;0,31;42,11%;1,04;0,46;0,12;0,73;0,31;50%;0,07;0,11;0,77;57,14%;1,62;0,42;0,19;0,46;0,31;66,67%;0,12;0,04;33,33%;0,04;0,58;55,56%;5,91;0,62;1,16;-;3,82;1,97;1,85;2,97;0,46;1,08;1,78;0,62;34,78%;0,27;0,15;1,35;1,04;77,14%;0,1;0,37;-0,32;0%;-;0,27;36,84%;8;83,08%;45,87;38,11;-;-;1,47;1,43;0,04;32,93;37,3;88,3%;0%;-;0,12;57,14%;1,08;0,62;72,15%;2,2;3,05;1,2;-;2,9
8;Джоан Джордан;Севилья;31;185;74;Испания;163;37;П ЛЦ;9,73;25%;2,43;0%;-;-;-;-;-;-;-;-;-;-;2,43;-;-;-;-;-;-;-;-;-;9,73;-;-;-;-;-;-;-;-;-;-;0%;14,59;-;2,43;-;7,3;7,3;-;7,3;-;-;4,86;-;0%;-;-;4,86;2,43;50%;-;-;-1,07;-;-;-;-;22;75,68%;90;68,11;-;-;2,43;2,43;-;51,08;65,68;77,78%;-;-;-;0%;4,86;-;0%;-;4,86;-;-;12,16
47;Джоб Нгуоно Очиенг;Реал Сосьедад;23;-;-;Кения;-;99;П Л;15,45;41,18%;10,91;41,67%;2,73;-;-;0,91;0%;0,91;-;0,91;-;0%;1,82;-;0,91;6,36;5,45;33,33%;0,12;0,72;0,91;33,33%;0,91;0,91;-;0,91;-;0%;-;-;-;-;1,82;100%;11,82;-;-;-;11,82;0,91;10,91;9,09;4,55;4,55;0,91;-;0%;1,82;1,82;0,91;0,91;100%;0,13;-;0,08;-;-;-;28,57%;15;65,22%;41,82;27,27;-;-;0,91;0,91;-;18,18;22,73;80%;0%;-;2,73;-;-;-;100%;1,82;1,82;1,82;-;0,91
20;Джовани Ло Чельсо;Реал Бетис;30;177;73;Аргентина, Италия;192;1489;АП Ц;7,92;43,51%;4,53;49,33%;2,18;0,12;0,12;0,73;25%;1,21;2,6;1,81;0,66;36,67%;5,08;0,85;0,24;2,12;0,85;42,86%;0,16;0,28;1,09;50%;0,54;0,66;0,18;0,79;0,42;53,85%;0,12;0,12;100%;0,06;2,3;45,24%;13,9;0,85;0,42;-;6,35;3,87;2,48;4,47;1,15;2,24;1,09;0,6;55,56%;0,97;0,36;1,39;0,66;47,83%;0,09;1,33;-0,01;23,53%;0,24;1,03;45,71%;14;79,12%;66;52,22;-;-;2,66;2,6;0,06;46,96;55,12;85,2%;36,36%;0,48;1,33;57,69%;1,57;0,91;74,07%;4,84;6,53;0,97;-;1,39
3;Джоель Рока;Жирона;21;-;-;Испания;175;1606;П Л;13,39;35,98%;9,19;39,63%;4,37;0,17;0,06;0,67;25%;0,5;2,52;2,69;0,9;33,33%;1,12;0,22;0,22;5,27;2,52;37,78%;0,26;0,11;1,85;42,31%;0,78;0,34;0,17;1,79;0,67;37,5%;0,22;0,11;50%;-;0,73;65%;11,82;1,68;0,73;0,11;6,67;1,96;4,71;8,57;3,14;3,64;1,4;0,28;20%;2,13;0,95;1,29;0,56;43,48%;0,1;1,57;-0,28;25%;0,22;0,9;40,43%;15;63,89%;40,97;26,17;-;-;0,45;0,39;0,06;18,61;22,92;81,17%;8,7%;0,11;1,29;75%;0,22;0,17;84,62%;0,62;0,73;1,29;0,22;1,57
33;Джожуа Вертрувд;Райо Вальекано;21;188;-;Нидерланды;169;496;З ЛЦ;3,99;63,64%;0,91;60%;0,18;-;-;-;-;-;0,54;0,18;-;0%;0,36;-;-;0,18;0,18;0%;0,01;0;-;0%;1,09;-;-;0,18;-;0%;0,18;-;0%;-;-;0%;1,63;-;0,54;-;2;1,81;0,18;1,45;0,18;0,54;2,18;1,27;58,33%;-;-;-;-;-;0,06;-;-0,6;-;-;-;0%;6;88,56%;49,17;43,55;-;-;0,54;0,54;-;34,29;38,1;90%;-;-;-;55,56%;1,63;0,91;70%;1,27;1,81;1,27;-;4,35
4;Джозеф Айду;Сельта;30;177;80;Гана;181;703;З Ц;5,12;55%;1,02;75%;0,26;-;-;0,13;0%;-;0,13;0,26;-;0%;0,13;-;-;0,13;-;-;0,05;-;-;0%;0,64;0,26;-;0,26;-;0%;0,13;-;0%;-;-;0%;0,77;0,13;1,54;-;1,92;1,79;0,13;2,3;0;0,77;3,07;1,54;50%;0,13;-;0,9;0,77;85,71%;0,19;-;-0,2;-;-;-;100%;6;90,43%;62,86;56,84;-;-;0,77;0,77;-;46,73;50,18;93,11%;-;-;-;50%;0,77;0,38;61,54%;1,02;1,66;1,02;-;5,63
18;Джон Нванкво Четауя Дональд Окей;Эльче;25;185;-;Испания, Нигерия;172;785;ЗП Ц;8,03;62,86%;2,98;65,38%;0,8;0,11;-;0,23;50%;0,11;0,69;0,69;0,23;33,33%;0,46;0,11;-;0,69;0,23;0%;0,08;0,02;0,23;28,57%;2,06;0,34;0,11;0,46;0,11;25%;0,34;0,11;33,33%;-;0,23;50%;4,7;0,23;1,83;-;2,52;1,26;1,26;2,98;0,46;1,95;2,98;1,83;61,54%;0,23;-;1,38;0,92;66,67%;0,12;0,69;-0,14;50%;0,11;0,23;33,33%;8;82,75%;49,18;40,7;-;-;0,92;0,8;0,11;31,64;36,69;86,25%;-;-;-;66,67%;0,34;0,23;71,88%;2,64;3,67;0,69;-;5,39
22;Джон Элмер Солис Ромеро;Жирона;21;189;80;Колумбия;164;431;ЗП ЛЦ;8,14;25,64%;4,8;21,74%;1,04;-;-;0,63;0%;0,21;1,46;0,63;0,42;66,67%;0,42;0,21;-;2,09;0,42;0%;0,09;0,06;0,63;60%;0,42;-;-;0,63;0,42;66,67%;0,21;0,21;100%;-;0,42;100%;6,89;0,63;0,84;0,21;2,92;1,04;1,88;6,06;1,67;1,04;1,88;0,42;22,22%;0,42;-;1,25;0,21;16,67%;0,14;-;-1,5;-;-;-;20%;10;79,32%;49,49;39,26;0,21;-;1,46;1,46;-;31,74;35,5;89,41%;-;-;-;50%;0,84;0,42;70,59%;2,51;3,55;0,84;0,63;2,71
17;Джонни;Депортиво Алавес;32;175;70;Испания;182;3288;З П;7,06;55,04%;2,38;64,37%;0,47;-;-;0,08;0%;0,19;0,82;0,25;0,08;33,33%;1,07;0,14;0,03;1,04;0,38;64,29%;0,02;0,06;0,19;41,18%;1,01;0,16;-;0,14;0,05;40%;0,03;-;0%;-;0,38;35,9%;4,9;0,19;1,34;-;4;3,07;0,93;3,18;0,33;1,53;1,37;0,74;54%;0,71;0,25;1,78;0,9;50,77%;0,07;-;-0,06;25%;0,03;0,11;68,42%;11;83,87%;67,55;56,66;-;-;1,81;1,67;0,14;48,07;55,62;86,42%;28,57%;0,11;0,38;44%;1,37;0,6;72,25%;4,13;5,72;1,09;-;5,8
5;Джонни;Атлетико Мадрид;24;182;79;США, Бразилия;190;951;ЗП ЛЦ;11,92;53,17%;4,73;48%;0,47;-;-;-;-;0,19;1,32;0,19;-;0%;0,76;0,19;-;0,95;0,19;100%;0;0,05;0,28;60%;2,37;0,09;-;-;-;-;-;-;-;-;0,28;37,5%;3,79;-;1,51;-;4,07;1,89;2,18;5,58;0,47;2,27;2,74;1,14;41,38%;0,47;0,19;2,84;1,89;66,67%;0,02;-;0,29;0%;-;0,19;50%;11;82,65%;64,92;53,66;-;-;2,65;2,65;-;42,02;47,51;88,45%;0%;-;0,19;60%;1,42;0,85;78,18%;4,07;5,21;1,8;-;4,26
39;Джонс Эл-Абделлауи;Сельта;20;184;72;Норвегия;171;801;ЗП П;9,89;37,5%;6,4;38,6%;3,37;0,22;-;1,12;20%;0,67;0,34;1,91;0,45;23,53%;0,67;0,79;0,22;3,26;2,47;40,91%;0,15;0,08;1,12;33,33%;0,79;0,34;0,22;1,24;0,45;36,36%;0,11;-;0%;-;0,56;83,33%;11,46;0,45;1,01;-;4,83;1,69;3,15;6,18;2,02;2,47;1,57;0,67;42,86%;1,24;1,01;1,12;0,45;40%;0,08;0,66;0,27;0%;-;0,67;37,93%;11;65,41%;32,81;21,46;-;-;0,22;0,11;0,11;14,83;18,54;80%;9,52%;0,22;2,36;66,67%;0,34;0,22;50%;0,22;0,45;0,67;-;2,36
5;Джуд Беллингем;Реал Мадрид;23;186;75;Англия;216;2064;АП Ц;12,25;55,52%;7,24;56,02%;4,45;0,26;0,13;1,18;22,22%;0,65;2,44;2,22;1,13;50,98%;1,66;0,96;0,17;3,1;1,31;50%;0,36;0,21;2,66;59,8%;1,44;0,78;0,26;1,44;0,96;66,67%;0,39;0,13;33,33%;0,04;1;60,53%;15,39;1,61;1,35;-;5,06;2,44;2,62;5,45;1,48;4,06;2,66;1,48;55,74%;1,61;0,65;1,53;0,96;62,86%;0,16;1,38;0,7;22,22%;0,17;0,78;52,11%;12;82,51%;69,07;56,99;-;-;2,53;2,35;0,17;46,35;51,89;89,33%;7,69%;0,04;0,57;72,73%;1,92;1,4;80%;4,36;5,45;0,7;-;2,92
20;Джулиано Симеоне;Атлетико Мадрид;23;173;-;Аргентина, Испания;195;2247;П П;11,98;44,15%;7,17;46,37%;5,09;0,16;0,24;0,84;19,05%;0,88;1,64;1,44;0,6;41,67%;2,16;0,72;0,28;3,04;2,08;38,46%;0,2;0,24;2,64;51,97%;0,84;0,8;0,16;1,28;0,52;40,62%;0,36;0,12;33,33%;-;1,32;61,11%;14,42;1,96;0,76;-;6,81;3,08;3,72;6,69;1,88;3,32;1,84;1,08;58,7%;1,16;0,8;2,72;1,12;41,18%;0,14;1,26;0,3;50%;0,08;0,16;38,16%;15;72,73%;55,23;40,17;-;-;0,72;0,6;0,12;32,24;39,77;81,07%;13,51%;0,2;1,48;12,5%;0,32;0,04;66,04%;1,4;2,12;1,48;-;3,16
23;Джуниор Фирпо;Реал Бетис;29;184;78;Доминиканская Республика, Испания;192;894;З Л;8,86;57,95%;3,62;55,56%;1,71;-;0,1;0,4;0%;0,2;0,81;0,5;0,1;20%;1,11;0,2;0,1;0,91;0,5;20%;0,08;0,04;0,6;35,29%;1,11;0,2;-;0,5;0,1;20%;0,4;-;0%;-;0,6;54,55%;6,74;0,4;1,81;-;5,23;3,32;1,91;3,72;0,5;2,01;2,21;1,41;63,64%;0,4;0,1;2,42;1,61;66,67%;0,17;-;0,56;-;-;-;44,44%;11;81,98%;60,91;49,93;-;-;0,81;0,7;0,1;38,66;45,5;84,96%;20%;0,3;1,51;50%;0,2;0,1;71,88%;2,32;3,22;1,81;-;3,93
22;Диабате Ибрагим Ялатыф;Депортиво Алавес;26;185;-;Кот-д'Ивуар;154;617;Ф ЛЦ;8,46;36,21%;6,42;38,64%;3,21;0,29;-;1,02;28,57%;0,15;0,73;2,19;0,73;33,33%;0,58;0,15;0,44;0,29;0,15;0%;0,3;0,06;1,31;40,91%;0,88;0,44;0,29;1,75;0,73;41,67%;0,29;0,15;50%;-;0,15;25%;6,42;1,02;0,29;-;6,27;2,77;3,5;5,4;0,15;2,48;6,42;2,33;36,36%;0,15;-;0,29;-;0%;0,14;1,03;0,59;0%;-;0,44;50%;12;53,45%;25,38;13,57;-;-;0,15;0,15;-;8,17;13,13;62,22%;-;-;-;-;-;-;33,33%;0,29;0,88;1,31;-;0,58
27;Диего Агуадо Фасио;Реал Мадрид;19;143;33;Испания;-;34;З ЛЦ;15,88;33,33%;-;-;-;-;-;-;-;-;-;-;-;-;-;-;-;-;-;-;-;-;-;-;-;-;-;-;-;-;-;-;-;-;-;-;5,29;-;-;-;2,65;2,65;-;10,59;-;-;-;-;-;-;-;5,29;2,65;50%;-;-;-2,51;-;-;-;-;19;74,07%;71,47;52,94;-;-;2,65;2,65;-;37,06;45;82,35%;-;-;-;0%;5,29;-;33,33%;2,65;7,94;-;-;7,94
6;Диего Варела Варела Пампин;Леванте;26;175;-;Испания;182;585;З Л;8,15;54,72%;2,62;58,82%;0,77;-;-;-;-;-;1,08;0,46;-;0%;1,54;0,15;-;1,08;0,31;100%;0,06;0,04;0,31;40%;1,23;0,15;-;0,31;-;0%;-;-;-;-;0,46;30%;4,46;-;0,46;-;5,23;3,23;2;3,69;0,15;1,54;1,54;0,77;50%;0,92;0,31;3,08;1,69;55%;0,14;-;-0,75;0%;-;0,15;85,71%;12;80,65%;62;50;-;-;0,92;0,92;-;40,46;48,31;83,76%;11,11%;0,15;1,38;36,36%;1,69;0,62;62,96%;2,62;4,15;2,46;-;5,23
16;Диего Лопез;Валенсия;24;172;-;Испания;167;1957;П Л;9,43;37,07%;5,38;39,32%;2,16;0,18;0,05;0,78;23,53%;0,46;1,52;1,29;0,46;35,71%;1,47;0,46;0,14;1,89;1,15;28%;0,16;0,13;1,06;48,94%;0,92;0,28;0,18;0,92;0,41;45%;0,14;-;0%;-;1,01;68,75%;7,63;0,97;1,01;-;5,52;2,44;3,08;5,93;1,29;2,12;3,31;1,1;33,33%;0,6;0,32;1,29;0,55;42,86%;0,13;0,88;-0,03;12,5%;0,05;0,37;31,71%;13;66,22%;37,57;24,88;-;-;0,46;0,41;0,05;19,32;25,25;76,5%;6,45%;0,09;1,43;80%;0,23;0,18;60%;1,1;1,84;1,15;-;2,21
3;Диего Льоренте;Реал Бетис;32;186;75;Испания;185;1347;З ПЦ;7,15;59,81%;1,07;75%;0,53;0,07;-;0,2;33,33%;0,07;0,8;0,27;0,2;75%;0,47;-;-;0,13;-;-;0,07;0,01;0,33;62,5%;0,94;0,13;0,07;0,27;0,2;75%;0,2;0,13;66,67%;-;-;0%;0,4;0,07;1,14;-;2,07;1,8;0,27;2,87;0,07;0,8;3,67;2;54,55%;0,07;-;1,27;0,94;73,68%;0,27;1,07;0,24;-;-;-;50%;8;88,5%;66,21;58,6;-;-;0,6;0,6;-;44,3;48,98;90,45%;0%;-;0,07;31,25%;2,14;0,67;45,95%;1,14;2,47;0,53;-;6,08
29;Диего Морсильо Муньоз;Депортиво Алавес;23;-;-;Испания;-;15;ЗП ЛЦ;6;100%;-;-;6;-;-;-;-;-;12;6;-;0%;6;-;-;-;-;-;2,52;-;-;0%;6;-;-;6;-;0%;-;-;-;-;-;0%;12;-;-;-;6;6;-;0;-;-;-;-;-;-;-;6;6;100%;0,42;-;6,6;-;-;-;-;18;50%;36;18;-;-;-;-;-;12;24;50%;0%;-;6;0%;6;-;50%;6;12;-;-;-
16;Диего Рико;Хетафе;33;180;78;Испания;169;1970;З Л;8,54;55,08%;3,2;58,57%;0,32;-;-;0,09;0%;0,32;1,64;0,5;0,14;27,27%;2,15;0,18;0,05;0,69;0,37;37,5%;0,02;0,02;0,09;28,57%;1,01;0,05;-;0,09;0,05;50%;-;-;-;-;0,5;23,4%;3,65;0,05;1,28;-;6,76;4,39;2,38;3,84;0,41;1,87;2,28;1,01;44%;0,27;0,14;2,74;1,64;60%;0,04;-;-0,24;22,22%;0,09;0,41;40%;17;67,94%;52,45;35,63;-;-;1,55;1,46;0,09;25,58;38,19;66,99%;17,24%;0,23;1,32;16,28%;1,96;0,32;50,76%;4,57;9;1,55;-;4,07
20;Димитри Христофе Фулкье;Валенсия;33;183;72;Гваделупа, Франция;187;1279;З П;6,76;52,08%;2,74;51,28%;0,77;-;-;0,28;0%;0,07;0,56;0,42;0,07;16,67%;1,13;0,14;-;1,55;0,42;16,67%;0,08;0,02;0,35;45,45%;1,27;0,14;-;0,35;0,07;20%;0,21;-;0%;-;0,63;56,25%;3,45;0,14;1,27;-;4,86;2,96;1,9;3,24;0,84;1,41;1,69;0,77;45,83%;0,7;0,07;1,34;1,13;84,21%;0,2;-;-0,12;0%;-;0,07;45,45%;10;81,8%;55,66;45,53;-;-;0,77;0,77;-;37,93;44,47;85,28%;22,22%;0,14;0,63;43,75%;1,13;0,49;61,11%;2,32;3,8;1,34;-;3,31
24;Дин Хёйсен;Реал Мадрид;21;195;-;Нидерланды, Испания;200;2206;З ЛЦ;5,71;64,29%;1,63;67,5%;1,67;0,08;0,08;0,57;14,29%;0,29;0,53;0,82;0,24;30%;0,45;0,16;0,04;0,08;0,04;100%;0,11;0,1;0,73;43,9%;0,9;0,37;0,08;0,65;0,2;31,25%;0,37;0,04;11,11%;0,04;0,12;27,27%;3,63;0,41;1,39;-;3,83;3,39;0,45;2,04;0;1,1;3,35;2,08;62,2%;0,08;0,04;0,94;0,69;73,91%;0,14;1,36;0,68;25%;0,04;0,16;100%;10;88,33%;81,84;72,29;-;-;4,16;4,16;-;61,12;68,05;89,81%;-;-;-;54,55%;2,69;1,47;71,36%;6,41;8,98;1,02;-;5,79
10;Доди Лукебакио;Севилья;28;187;77;Бельгия;-;204;П П;3,97;11,11%;2,65;16,67%;3,53;0,44;-;0,44;100%;1,76;1,32;0,88;0,44;50%;3,09;0,88;-;1,76;1,76;25%;0,06;0,24;1,76;50%;1,32;0,88;0,44;0,44;-;0%;-;-;-;-;0,88;28,57%;14,56;1,32;-;-;5,74;3,09;2,65;3,53;1,32;0,44;-;-;-;0,44;0,44;0,44;-;0%;0,07;0,14;-0,61;100%;0,44;0,44;25%;10;76,09%;40,59;30,88;-;-;-;-;-;28,68;34,41;83,33%;0%;-;2,65;60%;2,21;1,32;50%;1,32;2,65;0,88;-;0,44
10;Домингос Андре Рибейру Алмейда;Валенсия;26;176;62;Португалия;180;1126;АП Ц;9,19;46,96%;5,52;43,48%;1,36;-;0,16;-;-;0,96;1,76;0,72;0,24;33,33%;4,88;0,96;-;2,8;1,68;38,1%;0,05;0,27;0,48;35,29%;0,88;0,48;-;0,24;-;0%;-;-;-;-;1,92;39,34%;11,03;0,32;1,12;-;4,48;2,32;2,16;4,88;1,6;2,4;0,32;0,24;75%;1,2;0,64;1,44;0,88;61,11%;0,07;-;0,57;50%;0,24;0,48;42,86%;13;79,77%;62,02;49,48;-;-;2,8;2,72;0,08;42,6;49,8;85,55%;14,29%;0,24;1,68;63,16%;1,52;0,96;81,82%;5,04;6,15;0,4;-;2,64
22;Домингуш Соуза Коутиньо Менезес Дуарте;Хетафе;31;192;80;Португалия;166;3221;З Ц;5,92;61,79%;1,84;66,67%;1,34;0,03;-;0,22;12,5%;0,03;0,67;0,36;0,11;30,77%;0,45;-;0,08;0,03;0,03;0%;0,04;0;0,56;41,67%;0,89;0,08;0,03;0,36;0,11;30,77%;0,36;0,11;30,77%;0,03;0,11;25%;0,56;0,34;1,48;-;1,73;1,43;0,31;2,26;0,03;1,23;3,86;2,32;60,14%;-;-;1,01;0,73;72,22%;0,11;1,41;-0,08;-;-;-;0%;8;78,64%;39,51;31,07;-;-;0,59;0,56;0,03;19,59;25,48;76,86%;-;-;-;37,89%;2,65;1,01;41,55%;1,65;3,97;0,25;-;5,11
6;Донни Ван Де Бек;Жирона;29;184;76;Нидерланды;-;46;П ПЦ;-;-;-;-;3,91;-;-;1,96;0%;-;-;3,91;1,96;50%;-;-;1,96;-;-;-;0,12;-;3,91;100%;-;-;-;1,96;1,96;100%;-;-;-;-;-;-;9,78;3,91;1,96;-;3,91;1,96;1,96;-;-;-;-;-;-;-;-;-;-;-;0,03;-;0,37;0%;-;1,96;-;4;89,47%;37,17;33,26;-;-;3,91;3,91;-;25,43;27,39;92,86%;-;-;-;-;-;-;100%;1,96;1,96;-;-;3,91
16;Дуе Чалета-Цар;Реал Сосьедад;29;192;89;Хорватия;182;2371;З ЛЦ;6,76;64,04%;2,09;67,27%;1,67;0,04;-;0,3;12,5%;0,08;0,3;0,49;0,15;30,77%;0,49;0,04;0,04;-;-;-;0,1;0,02;0,57;34,09%;1,14;0,15;0,04;0,46;0,15;33,33%;0,42;0,11;27,27%;0,04;0,11;23,08%;0,38;0,19;1,29;-;1,63;1,25;0,38;2,43;-;1,4;5,05;3,19;63,16%;-;-;0,72;0,57;78,95%;0,2;2,57;0,01;0%;-;0,04;-;8;88,37%;66,24;58,53;-;-;1,21;1,21;-;46,84;51,74;90,54%;-;-;-;56,6%;2,01;1,14;59,38%;2,16;3,64;0,49;-;5,92
26;Дэйвид Кордон Манча;Хетафе;18;-;-;Испания;169;782;З Л;12,43;62,04%;5,64;57,14%;1,04;-;-;-;-;-;0,23;0,46;0,23;50%;1,61;0,35;-;2,19;1,27;54,55%;0,04;0,04;0,69;66,67%;3,11;-;-;0,23;0,12;50%;-;-;-;-;0,46;28,57%;4,72;0,12;1,61;-;7,02;4,72;2,3;4,72;1,04;3,22;2,19;1,15;52,63%;1,15;0,69;2,99;2,3;76,92%;0,08;-;0,03;50%;0,12;0,23;52,63%;17;67,45%;53,75;36,25;-;-;1,04;0,92;0,12;22,9;35,45;64,61%;8,33%;0,12;1,38;20%;2,3;0,46;44,44%;2,76;6,21;2,19;-;4,49
10;Дэни Парехо;Вильярреал;37;182;74;Испания;180;1520;ЗП ЛЦ;7,58;60,16%;2,9;57,14%;0,18;0,06;-;0,06;100%;0,71;1,6;0,18;0,06;33,33%;3,67;1,01;-;1,18;0,18;0%;0,05;0,18;0,12;66,67%;0,95;0,3;0,06;0,06;0,06;100%;-;-;-;-;1,6;43,55%;5,92;0,12;0,83;-;4,03;3,02;1,01;3,02;0,71;1,66;0,59;0,47;80%;0,47;-;2,25;1,6;71,05%;0,26;0,79;-0,25;0%;-;0,12;40%;11;83,41%;66,38;55,36;-;-;2,31;2,25;0,06;48,02;55,89;85,91%;0%;-;0,12;63,41%;2,43;1,54;68,18%;3,55;5,21;0,65;-;3,61
14;Дэни Родригес;Мальорка;38;178;71;Испания;-;77;П Л;17,53;33,33%;14,03;33,33%;1,17;-;-;-;-;-;3,51;1,17;-;0%;2,34;-;-;2,34;1,17;100%;0,04;0,01;-;0%;-;-;-;-;-;-;-;-;-;-;-;0%;5,84;-;-;-;8,18;3,51;4,68;11,69;1,17;4,68;5,84;1,17;20%;1,17;1,17;1,17;1,17;100%;0,03;-;-1,44;0%;-;1,17;50%;22;52,5%;46,75;24,55;-;-;1,17;1,17;-;16,36;25,71;63,64%;50%;1,17;2,34;-;-;-;50%;1,17;2,34;3,51;-;2,34
19;Дэни Себальос;Реал Мадрид;29;179;70;Испания;197;550;ЗП ЛЦ;10,64;43,08%;4,91;30%;1,15;-;-;0,16;0%;0,33;2,45;0,49;-;0%;1,96;0,98;-;2,29;0,98;16,67%;0,02;0,13;0,65;57,14%;1,15;0,16;-;-;-;-;-;-;-;-;1,47;75%;13,25;0,65;1,8;-;4,09;2,29;1,8;6,05;1,8;1,47;0,65;0,16;25%;0,49;0,16;2,78;1,47;52,94%;0,03;-;0,74;0%;-;0,49;21,43%;12;86,57%;90,16;78,05;-;-;4,91;4,91;-;69,05;74,62;92,54%;50%;0,16;0,33;81,82%;1,8;1,47;90,91%;8,18;9;2,13;-;3,44
15;Жерар;Райо Вальекано;31;188;77;Испания;176;1311;ЗП ЛЦ;7;57,84%;2,2;53,12%;0,55;-;0,27;0,07;0%;1,03;0,34;1,37;0,34;25%;3,78;0,96;-;0,62;0,27;75%;0,05;0,27;0,27;50%;2,61;0,89;-;0,21;0,14;66,67%;-;-;-;-;1,51;40%;5,97;0,34;1,17;-;3,84;2,68;1,17;2,95;0,21;1,17;2,27;0,96;42,42%;0,41;0,21;1,51;1,1;72,73%;0,04;-;-0,1;17,65%;0,21;1,17;66,67%;12;76,5%;49,08;37,55;-;-;1,24;1,17;0,07;29,31;36,86;79,52%;14,29%;0,07;0,48;37,93%;1,99;0,76;50,85%;2,06;4,05;0,96;-;3,36
7;Жерар Морено;Вильярреал;34;180;77;Испания;185;1446;Ф ПЦ;8,96;43,75%;5,85;48,94%;3,67;0,62;-;1,37;45,45%;1,12;1,06;2,43;1,06;43,59%;2,37;0,75;0,37;2,05;0,81;30,77%;0,47;0,17;1,74;47,46%;0,87;1;0,62;1,93;0,87;45,16%;0,31;0,25;80%;0,12;1,56;65,79%;11,58;1,99;0,68;-;6,47;3,3;3,17;5,04;1;2,86;2,43;1,18;48,72%;1,06;0,25;1,56;0,44;28%;0,19;0,75;0,47;37,5%;0,19;0,5;51,52%;14;72,13%;49,36;35,6;-;-;1,43;1,31;0,12;28,57;35,91;79,55%;10%;0,06;0,62;66,67%;1,31;0,87;69,49%;2,55;3,67;1,62;-;1,8
14;Жерар Фернандез Кастеллано;Севилья;23;172;66;Испания;182;1094;АП Ц;12,59;45,1%;8,47;42,72%;2,22;0,16;0,08;0,66;25%;0,49;4,2;1,23;0,49;40%;3,37;0,58;0,08;4,03;0,99;66,67%;0,11;0,08;1,15;51,85%;1,23;0,66;0,16;0,9;0,41;45,45%;0,16;0,16;100%;-;0,9;26,83%;6,91;0,82;0,66;-;4,77;2,14;2,63;6,91;2,55;3,62;2,63;1,4;53,12%;1,48;0,66;1,48;0,66;44,44%;0,09;0,69;-0,62;25%;0,08;0,33;36,73%;15;68,83%;46,97;32,33;-;-;1,73;1,48;0,25;24,84;31,84;78,04%;0%;-;0,58;36,36%;0,9;0,33;66,07%;3,04;4,61;0,9;-;1,32
2;Жоау Канселу;Барселона;32;182;74;Португалия;207;1031;З Л;12,57;52,78%;6,2;49,3%;2,1;0,17;0,17;0,44;40%;0,7;1,22;1,13;0,35;30,77%;2,53;0,26;0,35;4,1;1,92;50%;0,07;0,19;1,48;70,83%;0,96;0,7;0,17;0,35;0,26;75%;-;-;-;-;1,57;62,07%;12,48;0,44;1,4;-;5,85;2,71;3,14;5,94;1,92;3,06;1,13;0,61;53,85%;2,18;0,96;2,71;1,4;51,61%;0,06;0,38;0,62;11,11%;0,09;0,79;53,19%;13;80,84%;68,35;55,26;-;-;1,66;1,48;0,17;45,22;51,59;87,65%;26,92%;0,61;2,27;41,18%;1,48;0,61;60%;2,88;4,8;0,96;-;4,45
15;Жозе Антонио Антонио Моренте Олива;Эльче;29;180;76;Испания;171;998;ЗП П;11,27;44%;7,12;41,77%;1,98;0,09;0,09;0,36;25%;0,45;0,99;0,72;0,09;12,5%;0,99;0,54;0,18;2,89;1,26;28,57%;0,06;0,1;0,72;36,36%;1,8;0,27;0,09;0,45;0,09;20%;0,18;0,09;50%;0,09;0,54;54,55%;13,71;0,99;0,54;-;5,95;3,07;2,89;6,31;2,07;2,98;2,07;1,08;52,17%;0,81;0,36;1,35;0,72;53,33%;0,08;0,65;-0,16;0%;-;0,27;28,12%;16;67,11%;47,43;31,83;-;-;0,72;0,72;-;22,82;31,47;72,49%;9,68%;0,27;2,8;13,33%;1,35;0,18;41,67%;1,35;3,25;0,54;-;2,25
3;Жозе Мануэль Ариас Цопете;Валенсия;26;192;73;Испания;180;1917;З ЛЦ;6,1;60,77%;1,88;67,5%;1,55;-;-;0,38;0%;0,09;0,52;0,61;0,05;7,69%;0,75;0,09;0,09;0,42;0,14;66,67%;0,11;0,01;0,66;42,42%;0,94;0,05;-;0,56;0,05;8,33%;0,33;-;0%;-;0,19;25%;1,78;0,28;1,22;-;3,33;2,68;0,66;2,39;0,09;1,27;3,1;1,78;57,58%;0,33;0,09;1,13;0,75;66,67%;0,18;-;0,05;0%;-;0,05;77,78%;10;84,03%;61,74;51,88;-;-;1,36;1,31;0,05;40,42;47,28;85,5%;50%;0,05;0,09;31,15%;2,86;0,89;55,46%;3,1;5,59;0,89;-;4,51
19;Жорже Де Фрутос Себастьян;Райо Вальекано;29;173;72;Испания;172;2624;Ф Ц;8,54;38,96%;5,59;38,04%;4,08;0,34;0,03;1,3;26,32%;0,55;1,34;2,16;0,99;46,03%;0,79;0,55;0,62;2,06;1,54;42,22%;0,37;0,11;1,75;42,86%;1,17;0,45;0,34;1,99;0,93;46,55%;0,21;-;0%;-;0,48;60,87%;7,55;1,34;0,51;0,03;5,9;1,92;3,98;5,21;1,1;2,13;1,89;0,65;34,55%;0,96;0,65;1,13;0,48;42,42%;0,17;1,07;0,35;40%;0,07;0,17;46,67%;10;61,88%;26,27;16,26;-;-;0,24;0,17;0,07;10,7;14,3;74,82%;10,53%;0,14;1,3;16,67%;0,21;0,03;60,87%;0,48;0,79;0,65;0,07;1,27
17;Жосан;Эльче;36;175;68;Испания;175;645;ЗП П;6,56;51,06%;3,07;50%;1,12;-;0,42;0,42;0%;1,53;0,84;0,42;0,28;66,67%;3,35;0,98;0,14;1,81;0,84;66,67%;0,04;0,37;0,84;75%;0,7;0,84;-;0,28;0,14;50%;-;-;-;-;1,67;50%;17,72;0,56;0,7;-;5,58;2,51;3,07;3,21;0,84;1,53;0,7;0,14;20%;0,98;0,56;1,12;0,84;75%;0,11;-;0,97;100%;0,14;0,14;53,85%;9;80,9%;49,67;40,19;-;-;0,56;0,42;0,14;34,33;40,47;84,83%;20,83%;1,4;6,7;40%;1,4;0,56;63,64%;0,98;1,53;0,14;-;2,51
17;Жофре Каррерас Пажес;Эспаньол;25;175;-;Испания;163;1044;П П;9,74;37,17%;6,72;39,74%;2,67;0,09;-;0,43;20%;0,43;2,33;2,07;0,69;33,33%;0,86;0,34;0,17;4,05;2,84;30,3%;0,18;0,13;1,03;38,71%;1,21;0,34;0,09;1,21;0,43;35,71%;-;-;-;-;0,26;30%;6,9;0,78;0,86;-;6,03;1,72;4,31;6,12;2,67;2,67;0,86;0,26;30%;1,38;0,86;1,21;0,43;35,71%;0,09;2,09;-0,18;30%;0,26;0,86;34,04%;13;60,98%;33,36;20,34;-;-;0,43;0,34;0,09;14,22;19,74;72,05%;32%;0,69;2,16;0%;0,43;-;40%;0,52;1,29;0,69;-;1,64
26;Жофре Торрентс Сальват;Барселона;19;-;-;Испания;202;60;З Л;15;40%;6;25%;4,5;-;-;-;-;-;-;-;-;-;-;-;-;1,5;-;-;-;-;-;0%;-;-;-;-;-;-;-;-;-;-;-;-;28,5;3;-;-;6;3;3;9;1,5;1,5;6;1,5;25%;-;-;1,5;1,5;100%;-;-;-0,59;-;-;-;0%;18;78,18%;82,5;64,5;-;-;-;-;-;55,5;64,5;86,05%;0%;-;1,5;50%;3;1,5;100%;1,5;1,5;1,5;-;1,5
23;Жюль Кунде;Барселона;27;181;67;Франция, Бенин;208;2488;З П;8,25;54,82%;3,4;56,38%;2,68;0,04;0,18;0,29;12,5%;0,33;0,87;0,51;0,14;28,57%;0,83;0,43;0,07;1,3;0,43;41,67%;0,08;0,22;1,37;51,35%;0,87;0,4;0,04;0,43;0,14;33,33%;0,22;0,11;50%;0,04;0,4;47,83%;13,13;1,45;1,45;-;4,63;3,07;1,56;3,73;0,54;1,92;2,17;1,3;60%;0,76;0,18;1,7;0,9;53,19%;0,16;2,23;0,91;0%;-;0,07;58,33%;11;88,03%;89,13;78,46;-;-;2,64;2,57;0,07;69,53;76,11;91,35%;17,65%;0,22;1,23;41,18%;1,23;0,51;81,66%;4,99;6,11;1,16;-;4,27
24;Заид Абнер Ромеро;Хетафе;26;195;85;Аргентина;161;1495;З ЛЦ;8,73;64,83%;3,67;77,05%;0,78;0,06;-;0,3;20%;-;0,72;0,6;0,18;30%;0,84;-;-;1,44;0,18;33,33%;0,1;-;0,18;23,08%;0,66;0,06;0,06;0,48;0,12;25%;0,24;0,06;25%;0,06;0,18;21,43%;0,9;0,24;1,08;-;3,01;2,53;0,48;3,07;0,48;2,83;3,25;1,69;51,85%;0,96;0,06;1,32;1,02;77,27%;0,17;1,66;-0,02;50%;0,06;0,12;66,67%;12;72,68%;44,07;32,03;-;-;0,9;0,9;-;18,54;27,09;68,44%;0%;-;0,06;34,55%;3,31;1,14;38,3%;2,17;5,66;0,42;-;4,27
15;Зито Андре Себастиао Лувумбо;Мальорка;24;171;70;Ангола;156;547;АП П;10,86;28,79%;8,06;32,65%;4,44;-;0,33;0,33;0%;0,82;3,46;1,48;1,15;77,78%;0,82;0,99;0,99;4,61;3,78;39,13%;0,11;0,17;2,3;51,85%;2,14;0,33;-;0,99;0,82;83,33%;0,33;0,16;50%;-;0,33;40%;8,88;0,82;-;-;6,42;1,81;4,61;7,73;3,13;2,63;1,81;0,16;9,09%;1,48;1,48;0,82;0,33;40%;0,08;-;0,03;66,67%;0,33;0,49;32,14%;11;52,78%;23,69;12,5;-;-;0,33;0,33;-;7,4;10,53;70,31%;11,76%;0,33;2,8;33,33%;0,49;0,16;50%;0,49;0,99;0,33;-;-
46;Ибай Агирре Басурто;Реал Сосьедад;-;-;-;Испания;-;9;ЗП ПЦ;20;100%;20;100%;-;-;-;-;-;-;-;-;-;-;-;-;-;-;-;-;-;-;-;-;10;-;-;-;-;-;-;-;-;-;-;-;-;-;-;-;-;-;-;0;-;20;10;10;100%;-;-;-;-;-;-;-;-2,6;-;-;-;-;30;50%;60;30;-;-;-;-;-;10;40;25%;-;-;-;-;-;-;0%;-;20;-;-;-
20;Иван Баллиу;Райо Вальекано;34;172;68;Албания, Испания;179;652;З П;7,04;58,82%;2,9;66,67%;0,41;-;-;-;-;-;0,69;0,41;-;0%;1,52;-;-;1,52;0,55;75%;0,08;0,01;0,14;33,33%;1,24;-;-;0,14;-;0%;-;-;-;-;0,69;45,45%;5,38;0,14;0,97;-;4,69;3,73;0,97;2,9;0,55;1,93;1,79;0,55;30,77%;0,97;0,41;1,1;0,83;75%;0,2;-;-0,75;0%;-;0,28;63,64%;11;80,45%;55,77;44,86;-;-;1,52;1,52;-;37,55;45,14;83,18%;20%;0,14;0,69;7,69%;1,79;0,14;58,7%;3,73;6,35;1,1;-;3,59
50;Иван Корралехо Мантеро;Реал Бетис;19;-;-;Испания;-;21;АП Ц;12,86;0%;-;-;-;-;-;-;-;-;4,29;-;-;-;-;-;-;-;-;-;-;0,26;-;-;4,29;-;-;-;-;-;-;-;-;-;-;-;4,29;-;4,29;-;-;-;-;12,86;-;-;4,29;-;0%;-;-;8,57;-;0%;-;-;3,43;-;-;-;-;13;70%;42,86;30;-;-;-;-;-;30;30;100%;-;-;-;-;-;-;-;-;-;-;-;4,29
4;Иван Латур Нееу Нупа;Хетафе;29;180;63;Камерун, Франция;-;92;ЗП ЛЦ;7,83;12,5%;5,87;16,67%;0,98;-;-;-;-;-;1,96;-;-;-;-;-;-;1,96;0,98;0%;-;-;-;0%;3,91;-;-;-;-;-;-;-;-;-;-;-;3,91;-;0,98;-;3,91;0,98;2,93;6,85;1,96;0,98;1,96;-;0%;-;-;0,98;-;0%;-;-;-0,17;-;-;-;0%;10;65,52%;28,37;18,59;-;-;-;-;-;14,67;17,61;83,33%;-;-;-;-;-;-;50%;0,98;1,96;0,98;-;2,93
23;Иван Мартин Нуньез;Жирона;27;178;-;Испания;184;2671;ЗП ПЦ;8,86;52,47%;4,72;52,14%;0,74;-;0,03;0,13;0%;0,4;1,04;0,44;0,17;38,46%;1,18;0,34;0,1;1,75;0,67;55%;0,03;0,07;0,3;40,91%;0,98;0,24;-;0,24;0,07;28,57%;0,07;0,07;100%;-;0,51;42,86%;9,6;0,37;0,88;-;4,68;2,32;2,36;4,21;0,77;2,46;1,79;0,71;39,62%;0,98;0,37;1,55;0,91;58,7%;0,08;-;-0,33;50%;0,1;0,2;55,77%;10;84,02%;59,67;50,14;-;-;1,42;1,38;0,03;42,79;47,85;89,44%;15,38%;0,07;0,44;69,23%;0,88;0,61;74,07%;2,7;3,64;1,48;-;2,93
9;Иван Ромеро Де Авила Араке;Леванте;25;172;-;Испания;168;2406;Ф Ц;11,63;43,73%;8,19;47,95%;3,89;0,26;0,04;0,9;33,33%;0,75;2,92;2,21;0,71;32,2%;2,88;0,41;0,26;3,07;1,53;36,59%;0,31;0,23;1,31;33,65%;1,53;0,56;0,3;1,68;0,56;33,33%;0,49;0,04;7,69%;-;1,12;38,96%;7,74;1,01;0,75;-;6,43;2,54;3,89;6,55;1,72;3,93;2,47;1,12;45,45%;1,35;0,56;1,31;0,52;40%;0,14;1,2;-0,11;28,57%;0,15;0,52;43,9%;15;60,52%;37,52;22,71;-;-;0,26;0,22;0,04;15,49;22,26;69,58%;21,43%;0,11;0,52;55,56%;0,34;0,19;50%;0,75;1,5;1,35;-;1,46
22;Игнасио Видаль Миральес;Реал Овьедо;31;180;75;Испания;173;2430;З П;7,37;53,77%;2,89;50%;0,7;-;-;0,22;0%;0,15;1;0,59;0,15;25%;1,07;0,11;0,04;1,19;0,48;46,15%;0,09;0,02;0,15;21,05%;0,89;0,11;-;0,44;0,15;33,33%;-;-;-;-;0,48;44,83%;4,63;0,19;0,89;-;5,22;3,33;1,89;3,41;0,67;1,44;1,52;0,74;48,78%;0,52;0,22;2,04;1,26;61,82%;0,16;-;-0,54;0%;-;0,15;43,75%;11;79,54%;54,85;43,63;-;-;0,67;0,63;0,04;33,78;41,15;82,09%;9,68%;0,11;1,15;20,93%;1,59;0,33;47,31%;1,63;3,44;1,48;-;4,26
5;Игорь Субельдия Элорза;Реал Сосьедад;29;181;73;Испания;179;2301;З ЛЦ;7,08;52,49%;1,84;48,94%;1,1;-;0,04;0,16;0%;0,12;0,2;0,23;0,04;16,67%;0,2;0,04;-;0,16;0,08;50%;0,03;0,01;0,35;32,14%;1,49;0,04;-;0,2;-;0%;0,16;-;0%;-;0,04;20%;0,2;0,04;1,8;-;2,39;2,03;0,35;3,36;0,12;0,9;4,15;1,88;45,28%;0,04;0,04;1,13;0,86;75,86%;0,13;-;-0,13;100%;0,04;0,04;25%;9;85,23%;60,39;51,47;-;-;1,1;1,1;-;39,97;45,33;88,18%;-;-;-;31,58%;2,23;0,7;57,14%;2,66;4,65;0,59;-;5,91
2;Икер Бенито Санчез;Осасуна;23;-;-;Испания;183;192;П П;7,5;25%;4,69;30%;1,88;0,47;-;0,47;100%;-;1,41;0,94;0,47;50%;0,94;-;-;1,88;1,41;33,33%;0,04;-;-;0%;1,41;0,47;0,47;-;-;-;-;-;-;-;0,47;50%;9,84;0,47;1,41;-;8,91;4,69;4,22;5,62;1,41;1,41;1,88;0,47;25%;0,47;0,47;1,88;0,47;25%;0,04;0,08;0,08;50%;0,47;0,94;25%;15;72,17%;53,91;38,91;-;-;-;-;-;32,34;41,25;78,41%;60%;1,41;2,34;50%;1,88;0,94;33,33%;0,94;2,81;1,41;-;4,69
37;Икер Люк Сьерра;Атлетико Мадрид;21;-;-;Испания;-;35;П Л;12,86;40%;5,14;50%;2,57;2,57;-;5,14;50%;-;-;7,71;5,14;66,67%;2,57;-;-;-;-;-;0,51;-;2,57;100%;5,14;2,57;2,57;2,57;2,57;100%;-;-;-;-;2,57;100%;12,86;-;2,57;-;7,71;2,57;5,14;7,71;-;2,57;5,14;2,57;50%;-;-;2,57;2,57;100%;0,07;0,2;-1,23;50%;2,57;5,14;-;13;66,67%;38,57;25,71;-;-;-;-;-;15,43;18;85,71%;-;-;-;-;-;-;0%;-;2,57;5,14;-;5,14
6;Илаикс Мориба;Сельта;23;185;73;Гвинея, Испания;187;2768;ЗП ЛЦ;8,71;48,51%;3,19;41,84%;1,14;0,07;0,1;0,26;25%;0,49;1,89;0,59;0,16;27,78%;0,81;0,29;-;0,94;0,29;22,22%;0,06;0,1;0,42;37,14%;1,37;0,55;0,07;0,2;0,07;33,33%;0,03;-;0%;-;0,49;60%;6,6;0,42;1,27;-;3,45;1,89;1,56;4,49;0,52;1,33;1,53;0,49;31,91%;0,42;0,07;2,18;1,43;65,67%;0,1;0,93;-0,36;25%;0,1;0,39;44,83%;9;80,85%;46,53;37,62;-;-;1,46;1,37;0,1;30,27;34,27;88,33%;0%;-;0,03;60%;0,65;0,39;75,53%;2,31;3,06;0,91;-;3,25
16;Иниго Руиз;Атлетик Бильбао;32;175;66;Испания;183;2338;ЗП ПЦ;10,09;58,02%;4,35;62,83%;0,31;0,04;0,12;0,12;33,33%;0,65;1,62;0,77;0,08;10%;4,39;0,62;-;2,12;0,73;57,89%;0,03;0,25;0,12;37,5%;2,08;0,46;0,04;0,19;0,04;20%;-;-;-;-;1,96;44,74%;7,89;0,04;2,27;-;5,27;3,96;1,31;4,23;0,81;2,73;1,77;0,96;54,35%;1,31;0,42;2,31;1,39;60%;0,04;0,78;0,62;6,67%;0,04;0,58;61,82%;14;77,55%;62,75;48,66;-;-;2,81;2,69;0,12;40,11;49,27;81,41%;18,75%;0,23;1,23;46,15%;2,5;1,15;66,85%;4,73;7,08;1,15;-;4,39
9;Иньяки Уильямс;Атлетик Бильбао;32;186;77;Гана, Испания;172;2312;АП П;8,99;38,96%;6,89;41,24%;4,09;0,12;0,23;0,93;12,5%;0,66;0,93;2,22;0,82;36,84%;1,63;0,54;0,39;2,22;1,52;17,95%;0,33;0,18;1,63;40%;1,09;0,47;0,12;1,83;0,74;40,43%;0,43;0,16;36,36%;-;0,82;50%;9,93;1,36;0,51;-;6,35;2,37;3,97;5,49;1,75;2,84;2,49;1,17;46,88%;0,47;0,27;0,82;0,35;42,86%;0,15;2,83;0,5;20%;0,08;0,39;21,05%;13;59,58%;33,13;19,74;-;-;0,47;0,43;0,04;13,97;20,48;68,25%;8,7%;0,16;1,79;33,33%;0,47;0,16;43,59%;0,66;1,52;0,7;-;1,01
7;Исаак Палазон Камачо;Райо Вальекано;31;169;71;Испания;183;2443;АП Ц;8,69;41,1%;5,3;45,14%;1,73;0,11;0,11;0,52;21,43%;0,7;1,95;1,92;0,55;28,85%;4,31;0,63;0,22;1,88;0,59;43,75%;0,2;0,25;0,92;53,19%;1,36;0,37;0,11;0,63;0,26;41,18%;0,22;0,07;33,33%;-;1,58;36,75%;8,73;0,55;1,03;-;5,93;3,17;2,76;5,12;1,07;2,39;1,88;0,77;41,18%;0,81;0,26;1,44;0,59;41,03%;0,11;1,82;0;22,86%;0,29;1,29;43,14%;15;70,53%;49,26;34,74;-;-;1,62;1,33;0,29;27,92;35,96;77,66%;30%;0,22;0,74;52,27%;1,62;0,85;64,66%;2,76;4,27;1,03;0,15;1,95
7;Исаак Ромеро Берналь;Севилья;26;183;70;Испания;165;1605;Ф Ц;10,99;38,27%;8,47;39,74%;3,87;0,22;-;1,07;21,05%;0,62;1,35;2,36;0,95;40,48%;1,12;0,39;0,28;2,58;1,57;17,86%;0,31;0,06;1,79;46,38%;1,68;0,39;0,22;1,74;0,84;48,39%;0,39;0,11;28,57%;-;0,34;30%;7,07;1,18;1,12;-;6,95;2,19;4,77;6,79;2,02;3,36;3,25;1,35;41,38%;0,56;0,28;0,62;0,17;27,27%;0,13;1,37;-0,05;18,18%;0,11;0,62;21,74%;14;61,09%;34,88;21,31;-;-;0,34;0,28;0,06;13,91;19,29;72,09%;12,5%;0,06;0,45;62,5%;0,45;0,28;52,78%;1,07;2,02;1,01;-;1,85
22;Иско;Реал Бетис;34;176;79;Испания;178;267;АП Ц;6,74;40%;3,37;30%;2,02;0,34;0,34;1,01;33,33%;1,35;3,03;2,36;0,34;14,29%;6,74;1,01;-;1,01;0,34;100%;0,38;0,33;0,67;33,33%;1,35;1,35;0,34;1,35;0,34;25%;-;-;-;-;3,37;50%;14,83;0,34;2,7;-;6,74;3,71;3,03;4,04;0,67;1,01;1,35;0,34;25%;0,34;0,34;2,36;1,01;42,86%;0,16;1,14;-0,3;0%;-;1,01;33,33%;13;81,34%;70,45;57,3;-;-;3,03;3,03;-;53,26;60,34;88,27%;-;-;-;70%;3,37;2,36;57,89%;3,71;6,4;2,02;-;3,37
31;Исмаэль Бекхоча;Хетафе;21;144;37;Испания;175;147;З П;14,69;58,33%;5,51;66,67%;0,61;-;0,61;0,61;0%;-;1,84;0,61;-;0%;0,61;-;-;2,45;1,84;66,67%;0,01;0,17;-;0%;4,29;1,22;-;-;-;-;-;-;-;-;-;0%;6,12;-;1,84;-;1,22;0,61;0,61;6,12;1,22;3,67;1,22;-;0%;1,22;1,22;4,9;3,06;62,5%;0,02;-;0,09;0%;-;0,61;50%;13;63,33%;36,73;23,27;-;-;0,61;0,61;-;9,8;16,53;59,26%;-;-;-;66,67%;1,84;1,22;40%;1,22;3,06;-;-;3,67
21;Йереми Пино;Вильярреал;23;172;65;Испания;-;174;П Л;6,21;25%;4,14;12,5%;4,14;-;1,03;1,03;0%;2,07;-;1,03;0,52;50%;7,76;1,03;-;1,55;1,03;0%;0,1;1,15;2,07;50%;1,03;1,55;-;1,03;0,52;50%;-;-;-;-;4,14;53,33%;24,83;1,03;-;-;7,76;4,14;3,62;4,66;1,55;0,52;1,03;-;0%;-;-;1,03;-;0%;0,1;-;2,74;-;-;-;0%;14;75,65%;59,48;45;-;-;-;-;-;39,83;49,14;81,05%;28,57%;1,03;3,62;0%;0,52;-;66,67%;1,03;1,55;1,55;-;-
18;Йон Гуриди;Депортиво Алавес;31;179;64;Испания;170;1362;Ф ПЦ;9,65;47,26%;5,55;51,19%;2,71;-;0,07;0,4;0%;0,26;0,53;0,99;0,26;26,67%;0,66;0,4;0,13;1,32;0,4;66,67%;0,13;0,1;1,32;48,78%;0,99;0,53;-;0,86;0,26;30,77%;0,46;0,13;28,57%;-;0,33;50%;7,73;0,93;0,59;-;4,43;2,05;2,38;5,09;0,73;2,84;3,37;1,39;41,18%;0,59;0,26;1,92;0,79;41,38%;0,13;-;-0,14;0%;-;0,13;45%;11;74,51%;43,55;32,44;-;-;0,59;0,59;-;24,85;30,13;82,46%;20%;0,13;0,66;100%;0,13;0,13;68,57%;1,59;2,31;1,19;-;3,44
19;Йон Каррикабуру;Реал Сосьедад;23;183;-;Испания;155;171;Ф Ц;10;36,84%;5,79;36,36%;8,42;-;-;1,58;0%;-;2,11;3,68;1,05;28,57%;-;0,53;1,05;0,53;-;-;0,65;0,02;3,16;37,5%;1,58;-;-;3,16;1,05;33,33%;1,05;-;0%;-;-;-;5,26;2,63;0,53;-;7,37;2,63;4,74;6,32;0,53;2,11;6,32;1,58;25%;-;-;1,58;1,05;66,67%;0,18;-;0,71;0%;-;0,53;0%;13;45,45%;23,16;10,53;-;-;-;-;-;5,26;8,95;58,82%;0%;-;0,53;-;-;-;0%;-;0,53;1,05;-;1,05
7;Йон Монцаела Толлар;Осасуна;28;189;86;Испания;178;3251;ЗП ПЦ;6,28;53,3%;2,05;62,16%;0,5;-;0,14;0,3;9,09%;0,72;0,36;0,64;0,25;39,13%;4,04;0,19;-;0,64;0,17;50%;0,07;0,11;0,19;38,89%;1,16;0,36;0,03;0,36;0,17;46,15%;0,03;-;0%;-;1,58;39,04%;6,17;0,22;1,19;-;5,32;3,57;1,74;2,93;0,28;1,27;0,91;0,47;51,52%;0,36;0,08;2,69;1,41;52,58%;0,11;-;-0,03;30%;0,08;0,28;56,52%;13;75,22%;53,29;40,09;-;-;1,61;1,58;0,03;33,36;43,24;77,14%;14,71%;0,28;1,88;42,11%;2,1;0,89;57,21%;3,29;5,76;0,97;-;3,35
18;Йосип Брекало;Реал Овьедо;28;175;70;Хорватия;159;545;АП Л;8,92;44,44%;4,13;36%;3,14;-;-;0,33;0%;1,16;0,99;1,49;0,5;33,33%;3,47;0,83;-;2,15;1,16;28,57%;0,06;0,22;1,49;47,37%;1,16;0,17;-;0,5;0,33;66,67%;-;-;-;-;1,49;42,86%;9,41;1,16;1,32;-;7,76;4,46;3,3;4,95;1,49;1,49;0,83;-;0%;0,66;0,33;2,31;1,32;57,14%;0,04;-;-0,49;16,67%;0,17;0,99;30,77%;17;66,23%;49,87;33,03;-;-;1,32;0,99;0,33;26,42;37,32;70,8%;21,43%;0,5;2,31;60%;2,48;1,49;53,85%;2,31;4,29;1,65;-;2,64
20;Калебе;Депортиво Алавес;26;173;67;Бразилия;172;818;П П;13,86;47,62%;8,91;39,51%;1,76;-;-;-;-;0,66;2,09;0,55;0,11;20%;1,65;0,99;-;5,17;2,53;30,43%;0,02;0,15;0,99;56,25%;1,98;-;-;-;-;-;-;-;-;-;0,88;53,33%;9,35;0,22;1,32;-;5,06;2,42;2,64;7,26;3,41;3,52;0,55;0,22;40%;1,76;0,77;1,98;1,43;72,22%;0,03;-;0,23;20%;0,11;0,55;34,04%;12;76,26%;52,37;39,94;-;-;0,55;0,55;-;30,81;35,54;86,69%;10%;0,11;1,1;42,86%;0,77;0,33;60%;1,32;2,2;1,43;-;3,63
26;Карим Тунде Руиз;Леванте;20;-;-;Испания;163;1216;АП П;10,29;41,73%;7,03;40%;1,78;-;0,07;0,37;0%;0,3;1,7;1,63;0,37;22,73%;0,67;0,22;0,07;2,81;0,89;50%;0,11;0,12;0,74;41,67%;1,18;0,22;-;0,74;0,15;20%;0,07;-;0%;-;0,44;66,67%;6,14;0,37;1,04;-;5,25;2,15;3,11;6;1,7;2,81;2,29;0,89;38,71%;1,11;0,44;0,96;0,52;53,85%;0,07;-;-0,08;25%;0,22;0,89;39,47%;11;63,53%;30,64;19,47;-;-;0,3;0,22;0,07;12,8;16,73;76,55%;0%;-;0,74;25%;0,3;0,07;55,56%;0,74;1,33;1,26;-;2,66
2;Карл Старфельт;Сельта;31;185;80;Швеция;184;1631;З Ц;5,19;67,02%;1,1;85%;0,5;-;-;0,22;0%;-;0,44;0,22;0,06;25%;-;-;-;0,11;-;-;0,05;0,01;0,22;44,44%;1,05;0,06;-;0,22;0,06;25%;0,22;0,06;25%;-;-;-;0,33;0,11;0,99;-;1,05;0,66;0,39;1,71;0,06;0,94;2,87;1,77;61,54%;0,06;-;0,77;0,72;92,86%;0,21;-;0,01;-;-;-;50%;4;93,86%;69,25;65;-;-;0,88;0,88;-;53,75;56,06;95,87%;-;-;-;60%;0,55;0,33;72%;0,99;1,38;0,61;-;5,96
21;Карл Этта Эйонг;Леванте;22;-;-;Камерун;162;1866;Ф Ц;10,71;43,24%;7,19;41,61%;3,47;0,34;0,19;1,3;25,93%;0,72;1,64;2,46;1,25;50,98%;0,34;0,48;0,34;1,54;0,63;23,08%;0,45;0,09;1,64;47,22%;1,54;0,63;0,34;1,93;1,06;55%;0,63;0,29;46,15%;0,19;0,19;57,14%;5,69;1,5;0,63;-;5,79;1,93;3,86;6,08;1,01;2,99;4,49;1,69;37,63%;0,53;0,14;0,82;0,63;76,47%;0,18;1,33;-0,14;36,36%;0,19;0,53;34,38%;12;59,27%;28,89;17,12;-;-;0,19;0,19;-;9,55;14,04;68,04%;12,5%;0,05;0,39;25%;0,19;0,05;40%;0,48;1,21;1,16;-;1,11
10;Карлес Аленья;Депортиво Алавес;28;180;73;Испания;167;2140;П Л;8,58;47,06%;4,25;48,51%;1,35;-;0,21;0,46;0%;1,14;1,6;1,3;0,25;19,35%;4,25;0,88;0,04;1,35;0,34;37,5%;0,13;0,18;0,63;46,88%;1,6;0,46;-;0,63;0,17;26,67%;0,08;-;0%;-;1,72;40,59%;9,93;0,59;0,76;-;5;2,86;2,14;4,54;0,84;2,06;1,43;0,59;41,18%;0,5;0,13;2,1;1,09;52%;0,1;-;-0,18;12,5%;0,08;0,67;37,5%;13;74,25%;52,11;38,69;-;-;1,85;1,85;-;32,21;40,04;80,46%;19,35%;0,25;1,3;66,67%;1,26;0,84;74,16%;2,78;3,74;1,22;-;2,1
24;Карлос Альварес Ривера;Леванте;22;168;-;Испания;175;2039;П П;9,4;33,8%;5,83;34,09%;1,68;0,13;0,04;0,53;33,33%;1,37;2,21;1,32;0,44;33,33%;4,5;1,15;0,09;2,78;1,15;38,46%;0,13;0,35;0,79;47,37%;0,97;0,49;0,18;0,71;0,22;31,25%;0,04;0,04;100%;-;2,12;47,06%;7,55;0,53;0,66;-;5,47;2,21;3,27;6,22;1,94;1,99;0,88;0,13;15%;0,84;0,44;1,63;0,66;40,54%;0,09;0,95;-0,54;35,71%;0,22;0,62;30,16%;14;67,51%;43,48;29,35;-;-;1,77;1,63;0,13;24,28;31,29;77,57%;13,33%;0,09;0,66;77,78%;0,4;0,31;68,64%;3,58;5,21;1,06;-;1,9
30;Карлос Бальестеро Гарсиа;Депортиво Алавес;22;-;-;Испания;-;9;З Л;10;0%;-;-;-;-;-;-;-;-;-;-;-;-;-;-;-;-;-;-;-;-;-;-;-;-;-;-;-;-;-;-;-;-;-;-;-;-;-;-;-;-;-;10;-;-;-;-;-;-;-;10;-;0%;-;-;-0,8;-;-;-;-;20;33,33%;30;10;-;-;-;-;-;-;10;0%;-;-;-;-;-;-;-;-;-;-;-;-
24;Карлос Домингуез;Сельта;25;187;-;Испания;185;670;З Ц;6,72;62%;1,34;50%;0,4;-;-;-;-;-;0,13;0,27;0,13;50%;-;0,13;-;0,27;-;-;0,05;0,01;0,27;66,67%;0,81;0,13;-;0,27;0,13;50%;0,27;0,13;50%;-;-;-;0,94;-;1,21;-;1,88;1,34;0,54;2,55;0,27;0,67;2,55;1,88;73,68%;-;-;1,34;1,07;80%;0,19;-;-0,44;-;-;-;0%;8;89,33%;74,28;66,36;-;-;1,61;1,61;-;54,27;59,51;91,2%;-;-;-;58,33%;1,61;0,94;70,97%;2,96;4,16;0,81;-;5,64
14;Карлос Мартин Домингес;Райо Вальекано;24;188;-;Испания;162;501;АП П;10,6;47,46%;4,31;50%;2,51;-;-;0,72;0%;0,36;0,9;1,62;0,72;44,44%;1,26;0,54;-;0,9;0,72;75%;0,23;0,21;0,9;35,71%;1,98;0,36;-;1,26;0,54;42,86%;0,54;0,18;33,33%;-;0,72;57,14%;7,9;0,72;0,54;-;4,49;0,72;3,77;5,57;0,18;2,16;2,51;0,9;35,71%;0,72;0,54;4,13;1,62;39,13%;0,14;-;-0,41;50%;0,18;0,36;80%;11;69,59%;34,85;24,25;-;-;0,54;0,54;-;16,35;20,48;79,82%;20%;0,18;0,9;0%;0,36;-;77,78%;1,26;1,62;1,08;-;1,8
37;Карлос Масиа Ковес;Вильярреал;17;-;-;Испания;167;99;ЗП ЛЦ;8,18;44,44%;3,64;25%;-;-;-;-;-;-;-;0,91;-;0%;-;-;-;0,91;-;-;0,03;-;-;-;0,91;-;-;-;-;-;-;-;-;-;-;-;8,18;-;1,82;-;3,64;2,73;0,91;4,55;0;0,91;-;-;-;0,91;-;2,73;1,82;66,67%;0,03;-;0,49;0%;-;0,91;100%;12;76,36%;50;38,18;-;-;1,82;1,82;-;30;36,36;82,5%;-;-;-;-;-;-;100%;2,73;2,73;1,82;-;3,64
23;Карлос Науэль Бенавидес Протесони;Депортиво Алавес;28;185;76;Уругвай, Италия;163;375;З ПЦ;8,16;55,88%;3,6;40%;1,68;-;-;0,24;0%;0,48;0,48;0,72;0,48;66,67%;0,48;0,48;-;0,48;0,24;0%;0,12;0,02;0,96;57,14%;1,92;-;-;0,72;0,48;66,67%;-;-;-;-;-;0%;3,12;0,72;0,72;-;4,56;2,64;1,92;3,6;0,48;1,44;2,64;1,44;54,55%;-;-;1,44;1,2;83,33%;0,16;-;0,01;-;-;-;0%;10;79,21%;48,48;38,4;-;-;0,96;0,96;-;27,36;33,6;81,43%;100%;0,24;0,24;63,64%;2,64;1,68;60,87%;3,36;5,52;1,2;-;3,6
22;Карлос Ромеро Серрано;Эспаньол;24;170;-;Испания;194;3502;З Л;9,41;55,74%;4,29;56,29%;1,44;0,15;0,1;0,26;60%;0,36;0,49;1,08;0,31;28,57%;1,62;0,33;0,03;2,24;1,26;51,02%;0,08;0,08;0,64;44,64%;1,03;0,36;0,15;0,59;0,21;34,78%;-;-;-;-;0,87;53,97%;5,27;0,36;1,08;-;4,83;2,75;2,08;4,16;0,98;2,42;0,82;0,33;40,62%;1,26;0,64;2,21;1,39;62,79%;0,08;0,54;-0,14;21,05%;0,1;0,49;56,32%;12;75,3%;49,11;36,98;-;-;0,85;0,77;0,08;27,06;34,26;78,99%;10,17%;0,15;1,52;48,89%;1,16;0,57;57,27%;1,62;2,83;1,13;-;4,16
18;Карлос Солер;Реал Сосьедад;29;180;76;Испания;183;2507;ЗП ЛЦ;5,03;46,43%;2,05;49,12%;0,9;0,14;0,11;0,43;33,33%;0,86;0,72;1,26;0,68;54,29%;3,52;0,68;-;0,83;0,18;60%;0,1;0,21;0,61;68%;1,04;0,65;0,14;0,47;0,32;69,23%;0,11;0,11;100%;0,04;1,54;43,88%;8,01;0,5;1,18;-;4,06;2,69;1,36;2,69;0,36;1,01;0,75;0,29;38,1%;0,47;0,11;1,15;0,5;43,75%;0,08;0,71;-0,13;45,45%;0,36;0,79;56,52%;10;80,87%;53,67;43,4;-;-;1,87;1,79;0,07;37,95;44,95;84,42%;20,83%;0,18;0,86;54,17%;1,72;0,93;68,29%;4,02;5,89;0,79;-;2,87
19;Карлос Эспи Эскриуэла;Леванте;20;-;-;Испания;165;1493;Ф Ц;10,01;51,81%;7,35;54,92%;6,45;0,66;-;1,75;37,93%;0,48;1,51;3,44;1,51;43,86%;0,3;0,3;0,54;1,51;0,48;50%;0,49;0,03;3,19;49,53%;1,87;0,66;0,66;2,95;1,27;42,86%;1,75;0,54;31,03%;0,24;0,18;60%;5;1,99;0,66;-;5,37;2,17;3,19;4,82;0,78;4,04;4,88;2,77;56,79%;0,72;0,24;1,02;0,48;47,06%;0,14;0,74;0,18;50%;0,24;0,48;48%;11;60,77%;28,27;17,18;-;-;0,48;0,42;0,06;8,32;12,66;65,71%;0%;-;0,18;-;-;-;52,38%;0,66;1,27;1,02;-;1,51
16;Кервин Фабиан Арриага Вильянуэва;Леванте;28;191;-;Гондурас;173;1705;ЗП ЛЦ;10,24;59,28%;3,96;60%;1,16;0,16;0,16;0,26;60%;0,16;1,16;0,84;0,32;37,5%;0,79;0,05;0,11;1,16;0,26;40%;0,07;0,03;0,74;63,64%;1,16;0,42;0,16;0,21;0,16;75%;0,16;0,11;66,67%;0,05;0,11;13,33%;2,59;0,05;1,79;-;3,64;2,48;1,16;4,17;0,74;2,38;3,8;2,38;62,5%;0,42;0,11;1,58;1,06;66,67%;0,08;0,43;-0,45;25%;0,16;0,63;36,36%;11;79,5%;54,58;43,39;-;-;1,43;1,43;-;31,72;38,22;83,01%;50%;0,11;0,21;62,96%;1,43;0,9;58,33%;2,96;5,07;1,32;-;5,38
19;Кике;Эспаньол;36;186;79;Испания;163;1915;Ф Ц;12,83;44,69%;9,73;50,72%;5,92;0,38;0,05;1,5;25%;0,56;2,16;2,82;1,32;46,67%;0,75;0,56;1,22;1,08;0,75;37,5%;0,47;0,14;3,1;52,38%;1,6;0,61;0,38;2,54;1,22;48,15%;1,13;0,42;37,5%;0,05;0,28;37,5%;7,43;1,88;0,52;-;7,85;2,91;4,93;7,1;0,7;4,93;8,55;4,23;49,45%;0,38;0,28;0,89;0,38;42,11%;0,17;1,24;0,08;33,33%;0,09;0,28;34,78%;15;58,18%;36,19;21,05;-;-;0,42;0,38;0,05;12,17;18,7;65,08%;6,67%;0,05;0,7;60%;0,47;0,28;38,46%;0,7;1,83;0,94;-;0,8
4;Кике Салас;Севилья;24;185;-;Испания;182;2391;З ЛЦ;9,9;66,16%;3,35;62,92%;1,99;0,04;0,04;0,34;11,11%;0,11;0,75;0,68;0,26;38,89%;1,13;0,08;0,08;0,49;0,11;66,67%;0,09;0,03;0,87;43,4%;1,2;0,15;0,04;0,56;0,23;40%;0,19;0,08;40%;-;0,26;23,33%;1,99;0,6;2,07;-;5,19;4,4;0,79;3,35;0,19;2,11;4,89;3,35;68,46%;0,3;0,08;1,84;1,24;67,35%;0,13;2,41;-0,23;33,33%;0,04;0,11;61,54%;14;80,05%;71,89;57,55;-;-;1,39;1,39;-;41,78;52,36;79,8%;0%;-;0,15;26,23%;4,59;1,2;45,56%;3,09;6,78;0,87;-;7,11
17;Кико;Хетафе;35;176;61;Испания;173;2166;З П;6,98;48,81%;2,91;44,29%;0,54;0,04;-;0,21;20%;0,25;0,46;0,33;0,12;37,5%;1,29;0,25;0,21;0,91;0,46;18,18%;0,03;0,05;0,33;61,54%;0,91;0,17;0,04;0,21;0,12;60%;-;-;-;-;0,5;38,71%;5,24;0,29;1,25;-;4,82;2,58;2,24;3,57;0,62;1,29;1,62;0,75;46,15%;0,29;0,08;1,79;1,16;65,12%;0,09;0,72;-0,23;0%;-;0,12;31,82%;10;76,02%;42,96;32,66;-;-;0,79;0,66;0,12;24,85;31,37;79,21%;18,75%;0,25;1,33;38,46%;1,08;0,42;54,65%;1,95;3,57;0,71;-;4,4
10;Килиан Мбаппе;Реал Мадрид;27;178;73;Франция, Камерун;222;2812;Ф Ц;9,54;42,95%;8,35;43,68%;7,49;0,8;0,16;2,34;34,25%;1,31;1,15;4,67;2,14;45,89%;2,11;1,47;1,25;5,22;3,9;46,72%;0,68;0,37;4,06;54,27%;0,42;1,09;0,8;3,2;1,66;52%;0,06;0,03;50%;-;1,47;69,7%;21,06;2,88;0,48;-;6,56;2,05;4,51;5,44;2,72;3,65;0,32;0,22;70%;2,5;1,82;0,29;0,03;11,11%;0,15;0,85;0,66;32,61%;0,48;1,47;47,85%;12;73,72%;46,76;34,47;-;-;1,31;1,09;0,22;28;32,33;86,63%;15,38%;0,13;0,83;59,09%;0,7;0,42;81,97%;1,6;1,95;0,48;-;0,64
16;Кирилл Нгонге;Эспаньол;26;179;59;Бельгия;162;459;П П;13,53;42,03%;9,61;42,86%;1,96;-;0,39;0,39;0%;1,37;2,35;2,16;0,78;36,36%;5,29;0,98;0,98;4,51;2,94;20%;0,09;0,24;0,78;40%;1,76;0,59;-;0,39;0,2;50%;0,2;-;0%;-;1,57;29,63%;10;1,18;0,98;-;8,63;3,33;5,29;7,84;3,53;4,12;2,16;1,57;72,73%;0,98;0,59;1,18;0,78;66,67%;0,04;-;-0,43;33,33%;0,59;1,76;21,74%;18;60,43%;45,1;27,25;-;-;1,18;1,18;-;19,22;27,84;69,01%;22,22%;0,39;1,76;33,33%;1,18;0,39;50%;1,57;3,14;0,78;-;2,75
14;Клаудио Кандельмо Джеремиас Эчеверри;Жирона;20;-;-;Аргентина, Уругвай;162;647;Ф Ц;8,21;57,63%;6,96;56%;3,62;0,14;-;0,83;16,67%;0,56;1,81;2,92;0,83;28,57%;2,5;0,83;0,14;3,48;2,23;50%;0,24;0,18;1,95;53,85%;1,11;0,56;0,14;1,53;0,56;36,36%;-;-;-;-;0,97;38,89%;14,74;1,25;0,42;-;6,12;2,78;3,34;3,48;1,39;3,89;0,56;0,14;25%;2,09;1,11;0,56;0,56;100%;0,08;1,71;-0,29;20%;0,28;1,39;60%;11;75,85%;44,93;34,08;-;-;1,25;1,11;0,14;26,99;32,27;83,62%;25%;0,14;0,56;60%;0,7;0,42;70,59%;1,67;2,36;0,97;-;0,97
15;Клеман Ленгле;Атлетико Мадрид;31;186;81;Франция;184;1530;З ЛЦ;6,06;60,19%;1,59;66,67%;1,24;-;0,06;0,24;0%;0,12;0,41;0,29;-;0%;0,65;0,12;-;0,18;-;-;0,05;0,04;0,35;28,57%;1,29;0,12;-;0,24;-;0%;0,18;-;0%;-;0,24;36,36%;1,41;0,41;1,18;-;3,71;3,47;0,24;2,41;0;1,06;3,06;1,71;55,77%;0,18;-;1,53;1;65,38%;0,16;-;0,05;0%;-;0,06;100%;9;85,98%;67,53;58,06;-;-;1,88;1,88;-;47,88;54,65;87,62%;-;-;-;54,65%;5,06;2,76;65,09%;4,06;6,24;1,41;-;4,41
38;Клеменс Ридель;Эспаньол;22;186;85;Германия;169;1526;З ПЦ;6,84;55,17%;1,47;56%;0,65;-;0,06;0,18;0%;0,06;0,41;0,18;0,06;33,33%;1,12;0,06;0,12;0,06;-;-;0,01;0,01;0,18;27,27%;1,42;0,06;-;0,06;-;0%;0,06;-;0%;-;0,24;21,05%;0,71;0,12;1,12;-;2,48;2,24;0,24;3,07;0;0,83;3,89;2,12;54,55%;0,06;-;1,06;0,71;66,67%;0,06;-;0,06;50%;0,06;0,12;100%;9;85,49%;62,99;53,85;-;-;0,83;0,83;-;42,76;48,72;87,77%;100%;0,06;0,06;29,79%;2,77;0,83;43,84%;1,89;4,31;0,41;-;5,37
20;Коба Гомеш Да Коста;Хетафе;23;-;-;Испания;160;411;П Л;18,83;52,33%;12,92;55,93%;3,28;-;-;0,22;0%;-;1,31;1,09;0,22;20%;1,31;0,22;0,44;4,38;3,28;46,67%;0,06;0;1,53;46,67%;1,97;0,22;-;0,44;-;0%;0,22;-;0%;-;-;0%;10,73;0,22;0,66;-;10,51;4,38;6,13;8,98;2,19;7,23;5,91;4,38;74,07%;2,19;1,53;2,41;1,09;45,45%;0,06;-;0,12;33,33%;0,22;0,66;50%;21;60,33%;52,99;31,97;-;-;0,44;0,44;-;20,15;31,31;64,34%;14,29%;0,44;3,07;0%;1,09;-;46,67%;1,53;3,28;1,09;-;1,09
6;Коке;Атлетико Мадрид;34;176;77;Испания;194;2418;ЗП ЛЦ;6,33;46,47%;1,79;54,17%;0,63;0,07;0,04;0,3;25%;0,86;0,82;0,52;0,15;28,57%;2,79;0,71;-;0,37;0,07;50%;0,03;0,23;0,41;64,71%;0,78;0,56;0,07;0,19;0,11;60%;-;-;-;-;1,41;50,67%;10,57;0,56;1,27;-;4,17;2,72;1,45;3,39;0,26;0,97;1,12;0,52;46,67%;0,11;0,04;2,08;0,93;44,64%;0,06;0,44;0,22;11,11%;0,04;0,33;30%;10;87,68%;81,85;71,76;-;-;3,42;3,42;-;66,1;72,43;91,26%;18,18%;0,15;0,82;62,71%;2,2;1,38;76,68%;5,51;7,18;1,34;-;3,39
16;Колеошо;Эспаньол;21;-;-;Италия, Испания;185;85;П Л;15,88;60%;11,65;54,55%;-;-;-;-;-;-;-;1,06;-;0%;2,12;1,06;-;7,41;3,18;66,67%;0,03;0,72;-;-;3,18;-;-;-;-;-;-;-;-;-;-;0%;10,59;-;1,06;-;8,47;1,06;7,41;6,35;3,18;6,35;1,06;-;0%;4,24;2,12;2,12;2,12;100%;0,03;-;-0,53;0%;-;1,06;57,14%;11;78,72%;49,76;39,18;-;-;-;-;-;26,47;29,65;89,29%;0%;-;3,18;-;-;-;100%;1,06;1,06;2,12;-;3,18
4;Конор Галлахер;Атлетико Мадрид;26;182;-;Англия;190;766;ЗП ПЦ;11,16;49,47%;5,52;48,94%;2,7;0,23;-;1,06;33,33%;0,12;1,06;1,53;0,59;38,46%;1,06;0,12;0,23;2,11;0,7;16,67%;0,12;0,05;1,76;65,22%;2,11;0,35;0,35;1,06;0,47;44,44%;-;-;-;-;0,47;44,44%;11,16;1,64;1,76;-;4,7;2,11;2,58;5,64;1,76;2,7;2,11;1,17;55,56%;0,35;0,12;2,35;1,17;50%;0,08;0,51;0,31;25%;0,12;0,47;16,67%;11;81,19%;59,33;48,17;-;-;1,41;1,17;0,23;38,54;43,12;89,37%;14,29%;0,12;0,82;50%;0,7;0,35;69,23%;2,11;3,05;1,41;-;5,17
7;Кристиан Стуани;Жирона;39;184;76;Уругвай, Италия;157;514;Ф Ц;8,75;54%;6,65;55,26%;6,13;0,88;-;1,58;55,56%;0,53;1,93;3,15;1,93;61,11%;0,53;-;1,05;0,35;0,18;100%;0,8;0,13;3,5;57,14%;2,28;0,88;0,88;3,15;1,93;61,11%;1,23;0,7;57,14%;0,18;0,35;66,67%;4,55;2,1;0,53;-;4,9;1,75;3,15;4,03;0;3,68;6,13;3,33;54,29%;0,35;0,18;0,88;0,35;40%;0,25;0,92;-0,22;-;-;-;100%;9;61,76%;23,81;14,71;-;-;-;-;-;7,35;11,21;65,62%;-;-;-;0%;0,18;-;28,57%;0,35;1,23;1,05;-;0,88
10;Кристиантус Угонна Уче;Хетафе;23;-;-;Нигерия;182;306;Ф ЛЦ;15,29;44,23%;12,94;45,45%;4,71;0,29;0,29;0,29;100%;0,88;2,65;1,76;0,29;16,67%;0,88;0,29;0,29;4,71;2,35;25%;0,33;0,16;2,65;56,25%;2,94;0,59;0,29;1,47;0,29;20%;0,29;-;0%;-;0,29;33,33%;8,53;0,88;0,59;-;8,53;3,24;5,29;8,53;2,94;5,88;4,71;2,65;56,25%;1,76;0,59;0,29;0,29;100%;0,19;1,12;0,22;0%;-;0,29;37,5%;15;54,55%;32,35;17,65;-;-;0,29;-;0,29;8,82;13,53;65,22%;-;-;-;100%;0,29;0,29;0%;-;0,59;0,29;-;0,59
6;Куаси Сибо;Реал Овьедо;28;182;72;Гана;164;1797;ЗП ПЦ;6,51;53,08%;2;57,5%;0,3;-;-;0,2;0%;-;0,25;0,45;0,1;22,22%;0,3;0,05;-;0,3;0,05;100%;0,02;0;0,1;33,33%;1,55;0,05;-;0,1;0,05;50%;0,05;-;0%;-;0,2;66,67%;2,75;0,05;1,9;-;2,35;1,7;0,65;3,06;0,1;1,15;1,6;0,7;43,75%;0,2;0,05;2;1,2;60%;0,04;-;-0,31;14,29%;0,05;0,35;66,67%;8;82,3%;44,42;36,56;-;-;1;1;-;29,75;34,21;86,97%;0%;-;0,1;45,45%;0,55;0,25;74,07%;2;2,7;1,05;-;4,41
19;Кучо Эрнандес;Реал Бетис;27;175;73;Колумбия, Испания;179;2773;Ф Ц;8,8;43,91%;6,39;45,69%;4,61;0,36;0,1;1,53;23,4%;0,81;1,23;2,89;0,97;33,71%;1,04;0,78;0,55;1,79;1,27;48,72%;0,38;0,15;1,53;33,1%;0,78;0,65;0,36;2,14;0,68;31,82%;0,52;0,06;12,5%;0,03;0,65;62,5%;9,44;1,91;0,52;-;6,95;2,63;4,32;4,93;0,88;2,92;2,89;1,2;41,57%;0,91;0,62;0,62;0,29;47,37%;0,13;1,08;0,2;39,13%;0,29;0,75;50,91%;13;62,8%;34,73;21,81;-;-;0,49;0,39;0,1;15,42;21,49;71,75%;13,64%;0,1;0,71;61,54%;0,84;0,52;58,54%;0,78;1,33;1,04;-;1,23
18;Ладислав Крейчи;Жирона;27;191;87;Чешская Республика;-;202;З ЛЦ;5,79;53,85%;0,89;50%;0,89;-;-;0,45;0%;-;-;0,45;-;0%;-;-;-;-;-;-;0,12;-;0,45;50%;0,89;-;-;0,45;-;0%;0,45;-;0%;-;-;-;0,45;-;0,45;-;2,23;1,78;0,45;2,67;-;0,45;3,12;2,23;71,43%;-;-;0,89;0,45;50%;0,28;-;-1,78;-;-;-;-;8;85,82%;59,7;51,24;0,45;0,45;0,45;0,45;-;41,88;47,23;88,68%;-;-;-;33,33%;2,67;0,89;54,55%;2,67;4,9;0,89;1,34;2,67
10;Ламин Ямаль;Барселона;18;180;72;Испания, Экваториальная Гвинея;235;2481;АП П;17,3;50,31%;14,33;49,87%;8,2;0,58;0,47;1,49;41,46%;1,96;1,89;4,24;1,45;34,19%;5,41;1,34;0,51;9,47;6,06;51,5%;0,44;0,53;4,17;50,88%;1,05;1,49;0,62;2,68;1,12;41,89%;-;-;-;-;3,05;56,38%;26,23;1,7;0,76;-;10,67;4,64;6,02;8,6;4,57;7,15;0,18;-;0%;4,9;3,12;0,87;0,47;54,17%;0,1;0,75;0,89;20,93%;0,33;1,56;51,72%;21;71,45%;72,55;51,84;-;-;1,41;1,16;0,25;40,77;50,1;81,39%;22,08%;0,62;2,79;38,89%;1,31;0,51;50%;2,07;4,14;1,38;-;1,41
44;Ландер Астиазаран Эскабиас;Реал Сосьедад;20;-;-;Испания;-;5;П П;18;0%;18;0%;-;-;-;-;-;-;-;18;-;0%;-;-;-;-;-;-;0,54;-;-;-;-;-;-;-;-;-;-;-;-;-;-;-;18;-;-;-;-;-;-;18;-;-;-;-;-;-;-;-;-;-;0,03;-;-6,3;0%;-;18;-;90;16,67%;108;18;-;-;-;-;-;18;72;25%;-;-;-;-;-;-;-;-;-;-;-;18
28;Ландер Пинильос Уилсон;Депортиво Алавес;22;-;-;Испания;-;7;ЗП ЛЦ;12,86;0%;-;-;-;-;-;-;-;-;-;-;-;-;-;-;-;-;-;-;-;-;-;-;-;-;-;-;-;-;-;-;-;-;-;-;12,86;-;-;-;12,86;12,86;-;12,86;-;-;12,86;-;0%;-;-;-;-;-;-;-;-3,34;-;-;-;-;26;33,33%;38,57;12,86;-;-;-;-;-;12,86;25,71;50%;-;-;-;-;-;-;-;-;-;-;-;-
29;Ланкинет Курума;Жирона;22;-;-;Испания;166;67;З П;6,72;0%;2,69;0%;-;-;-;-;-;-;1,34;-;-;-;-;-;-;-;-;-;-;-;-;-;2,69;-;-;-;-;-;-;-;-;-;-;-;4,03;-;-;-;4,03;2,69;1,34;6,72;-;-;2,69;-;0%;-;-;2,69;-;0%;-;-;-0,48;-;-;-;-;11;60%;26,87;16,12;-;-;-;-;-;13,43;17,46;76,92%;-;-;-;-;-;-;-;-;-;1,34;-;1,34
17;Ларги Рамазани;Валенсия;25;167;-;Бельгия, Бурунди;175;1401;П Л;11,18;39,66%;8,03;40,8%;3,21;0,39;0,06;1,48;26,09%;0,64;1,28;3,28;1,22;37,25%;1,67;0,64;0,13;3,66;2,51;41,03%;0,42;0,13;1,41;44%;1,09;0,77;0,39;1,86;0,84;44,83%;0,13;-;0%;-;0,96;57,69%;8,61;0,96;1,28;-;6,87;3,02;3,85;6,75;2,18;3,28;0,9;0,19;21,43%;1,48;1,03;1,41;0,58;40,91%;0,13;1,09;0,37;27,27%;0,39;1,41;40,35%;14;62,12%;38,16;23,7;-;-;1,03;0,71;0,32;15,42;21,07;73,17%;15%;0,19;1,28;41,67%;0,77;0,32;50%;1,35;2,7;1,28;-;1,99
20;Леандер Дендонскер;Реал Овьедо;31;188;83;Бельгия;178;1456;ЗП ПЦ;8,47;56,93%;2,66;51,16%;2,16;0,06;-;0,37;16,67%;0,12;0,19;0,56;0,31;55,56%;0,12;0,12;0,06;0,49;0,06;0%;0,06;0,04;1,17;54,29%;0,74;0,06;0,06;0,37;0,25;66,67%;0,25;0,06;25%;-;0,12;100%;4,33;0,8;0,87;-;2,97;1,73;1,24;3,65;0,25;1,36;2,72;1,48;54,55%;0,25;-;2,41;1,36;56,41%;0,11;0,96;-1,05;33,33%;0,06;0,19;50%;9;81,83%;47,97;39,25;-;-;0,68;0,68;-;29,86;34,68;86,1%;25%;0,06;0,25;60%;0,62;0,37;72,09%;1,92;2,66;0,68;-;3,52
6;Леандро Даниэль Кабрера Сасиа;Эспаньол;35;190;80;Уругвай, Испания;173;3671;З ЛЦ;6,2;64,03%;2,67;64,22%;3,38;0,07;-;0,76;9,68%;0,27;0,22;1,01;0,34;34,15%;1,23;0,17;0,02;0,2;0,05;100%;0,11;0,06;1,57;46,38%;0,91;0,15;0,07;0,98;0,34;35%;0,93;0,32;34,21%;0,07;0,2;16%;1,23;0,71;1,2;-;3,6;3,21;0,39;2,23;0,05;1,72;4,02;2,67;66,46%;0,15;0,05;0,93;0,44;47,37%;0,11;1,45;-0,16;0%;-;0,02;75%;11;79,42%;52,05;41,33;-;-;0,91;0,91;-;30,08;37,88;79,42%;60%;0,07;0,12;32,1%;3,97;1,27;47,3%;2,79;5,91;0,66;-;4,71
15;Лекое;Атлетик Бильбао;33;180;70;Испания;173;646;З П;11,15;45%;3,9;35,71%;0,28;-;-;0,14;0%;-;-;0,42;0,14;33,33%;1,25;-;-;2,37;1,25;33,33%;0,02;-;-;0%;1,67;0,14;-;0,28;-;0%;-;-;-;-;0,28;22,22%;4,88;0,28;1,25;-;5,15;3,76;1,39;6,13;1,53;1,39;1,81;0,14;7,69%;0,84;0,42;2,65;1,95;73,68%;0,05;-;0,48;100%;0,14;0,14;35,29%;17;72,65%;62,14;45,14;-;-;1,67;1,67;-;35,8;46,39;77,18%;25%;0,28;1,11;40%;2,09;0,84;57,5%;3,2;5,57;1,11;-;5,99
21;Лео Петрот;Эльче;29;188;80;Франция;171;1764;З ЛЦ;6,94;63,24%;2,24;70,45%;0,61;-;-;0,2;0%;-;0,36;0,41;-;0%;0,56;-;0,1;0,36;0,15;0%;0,04;0,01;0,1;16,67%;0,97;0,2;-;0,31;-;0%;0,15;-;0%;-;0,2;36,36%;5,71;0,1;1,07;-;4,18;3,16;1,02;2,55;0,2;1,58;2,65;1,79;67,31%;0,15;-;1,58;1,17;74,19%;0,11;-;-0,49;0%;-;0,1;42,86%;11;84,05%;66,22;55,66;-;-;1,02;0,97;0,05;45,36;52,96;85,65%;0%;-;0,46;53,12%;1,63;0,87;65,15%;2,19;3,37;1,68;-;5,61
2;Логан Коста;Вильярреал;25;190;91;Кабо-Верде, Франция;-;34;З ПЦ;5,29;50%;2,65;0%;-;-;-;-;-;-;-;-;-;-;2,65;-;-;-;-;-;-;-;-;-;2,65;-;-;-;-;-;-;-;-;-;2,65;100%;-;-;-;-;-;-;-;2,65;-;-;-;-;-;-;-;2,65;2,65;100%;-;-;0,66;-;-;-;-;5;93,1%;76,76;71,47;-;-;2,65;2,65;-;66,18;68,82;96,15%;-;-;-;100%;5,29;5,29;100%;5,29;5,29;-;-;7,94
38;Локен Бейтиа Агиррегомезкорт;Реал Сосьедад;22;-;-;Испания;-;112;З ПЦ;4,82;50%;1,61;100%;-;-;-;-;-;-;0,8;-;-;-;-;-;-;0,8;-;-;-;-;-;-;2,41;-;-;-;-;-;-;-;-;-;-;-;-;-;0,8;-;3,21;3,21;-;2,41;0;1,61;2,41;1,61;66,67%;0,8;-;0,8;-;0%;-;-;-0,74;-;-;-;100%;6;85,96%;45,8;39,38;-;-;-;-;-;31,34;35,36;88,64%;-;-;-;33,33%;2,41;0,8;0%;-;2,41;0,8;-;4,82
5;Луиз Фелипе;Райо Вальекано;29;187;80;Италия, Бразилия;177;517;З ЛЦ;6,96;65%;1,74;80%;1,22;-;-;0,35;0%;-;0,17;0,52;0,17;33,33%;0,17;-;-;-;-;-;0,1;0;0,52;42,86%;0,87;-;-;0,52;0,17;33,33%;0,35;0,17;50%;-;-;0%;1,04;0,35;1,04;-;1,74;1,39;0,35;2,44;-;1,39;3,31;1,91;57,89%;-;-;1,74;1,04;60%;0,19;-;0,73;-;-;-;-;7;88,63%;59,71;52,92;-;-;0,17;0,17;-;40,56;44,56;91,02%;-;-;-;60%;0,87;0,52;50%;0,87;1,74;0,87;0,17;5,57
22;Луис Альфонсо Эспино Гарсиа;Райо Вальекано;34;172;71;Уругвай, Испания;177;1669;З Л;11,49;53,52%;4,58;57,65%;1,89;0,11;0,05;0,54;20%;0,65;1,62;1,08;0,49;45%;1,89;0,65;0,54;1,83;0,97;55,56%;0,08;0,16;1,29;68,57%;1,29;0,27;0,11;0,59;0,38;63,64%;0,05;0,05;100%;-;0,7;37,14%;7,28;0,59;1,35;0,05;7,39;4,48;2,91;5,34;0,92;2,64;2;0,97;48,65%;0,92;0,54;3,45;1,62;46,88%;0,07;0,73;-0,33;22,22%;0,11;0,49;50%;16;70,46%;55,49;39,1;-;-;1,35;1,35;-;28,2;38,61;73,04%;20%;0,38;1,89;34,21%;2,05;0,7;55,45%;3,02;5,45;0,97;0,11;3,99
19;Луис Измаил Вазкез;Хетафе;25;-;-;-;158;1283;Ф Ц;10,94;39,1%;8,49;46,28%;3,79;0,21;-;0,63;33,33%;0,42;2,24;1,82;0,7;38,46%;0,28;0,21;1,19;0,98;0,35;0%;0,24;0,02;1,96;51,85%;1,47;0,35;0,21;1,47;0,42;28,57%;0,7;0,21;30%;-;-;0%;6,38;1,12;0,77;-;8,28;2,67;5,61;6,66;0,77;3,93;7,44;3,23;43,4%;0,21;-;0,28;0,07;25%;0,13;1,16;0,1;80%;0,28;0,35;21,43%;14;51,34%;28,83;14,8;-;-;0,28;0,14;0,14;8,35;14,59;57,21%;0%;-;0,14;33,33%;0,21;0,07;44%;0,77;1,75;0,7;-;1,19
29;Луис Орехуэла Де Ла Роза;Мальорка;-;-;-;Испания;-;100;З Л;7,2;25%;1,8;50%;0,9;-;-;0,9;0%;-;3,6;0,9;-;0%;1,8;-;-;0,9;0,9;100%;0,08;-;-;0%;0,9;-;-;0,9;-;0%;0,9;-;0%;-;-;0%;1,8;0,9;-;-;-;-;-;5,4;0;0,9;5,4;0,9;16,67%;0,9;0,9;-;-;-;0,09;-;-0,72;-;-;-;100%;13;79,41%;61,2;48,6;-;-;0,9;0,9;-;40,5;46,8;86,54%;0%;-;0,9;0%;0,9;-;80%;3,6;4,5;-;-;3,6
11;Луис Риоджа;Валенсия;32;176;68;Испания;175;2845;П П;7,5;41,77%;4,24;41,79%;1,68;0,09;0,22;0,32;30%;0,79;0,92;1,36;0,19;13,95%;3,38;0,51;0,28;2,28;0,98;54,84%;0,09;0,23;0,6;35,85%;0,41;0,51;0,09;0,7;0,16;22,73%;0,03;-;0%;-;1,55;45,79%;10,57;0,35;0,73;-;5,22;2,63;2,59;4,37;1,17;1,77;0,73;0,13;17,39%;1,11;0,54;1,64;0,57;34,62%;0,07;1;-0,05;4,76%;0,03;0,66;48,61%;13;68,68%;40,81;28,03;-;-;0,57;0,51;0,06;22,49;29,74;75,64%;17,44%;0,47;2,72;44,44%;1,14;0,51;55,74%;1,08;1,93;0,73;-;2,12
21;Лука Илич;Реал Овьедо;27;182;73;Сербия;156;822;АП Ц;9,53;35,63%;4,38;40%;0,99;0,11;-;0,44;25%;0,44;0,77;0,99;0,55;55,56%;1,53;0,22;0,22;1,53;0,44;0%;0,12;0,09;0,44;44,44%;1,86;0,11;0,11;0,44;0,22;50%;0,11;0,11;100%;-;0,55;35,71%;7,01;0,55;0,55;-;5,04;2,85;2,19;6,13;1,09;1,75;1,53;0,66;42,86%;0,44;-;2,96;1,31;44,44%;0,12;1,07;-0,96;60%;0,33;0,55;28,57%;12;69,13%;40,07;27,7;-;-;0,77;0,77;-;20,69;26,5;78,1%;0%;-;0,11;66,67%;0,66;0,44;57,69%;1,64;2,85;1,31;-;2,52
24;Лука Сучич;Реал Сосьедад;23;185;77;Хорватия, Австрия;172;1137;Ф ПЦ;9,97;50,79%;5,38;54,41%;1,19;0,24;0,08;0,71;33,33%;0,4;0,55;1,82;0,55;30,43%;1,9;0,32;0,08;1,98;0,63;75%;0,13;0,06;0,55;46,67%;0,95;0,55;0,24;0,71;0,4;55,56%;0,08;0,08;100%;-;0,71;37,5%;6,41;0,79;0,79;-;5,94;3,48;2,45;4,91;0,87;2,93;2,77;1,27;45,71%;1,11;0,47;1,58;0,87;55%;0,07;0,54;-0,42;14,29%;0,16;1,11;56%;14;73,27%;51,53;37,76;-;-;1,11;1,03;0,08;29,53;37,12;79,53%;0%;-;0,47;52,38%;1,66;0,87;52%;2,06;3,96;1,5;-;2,53
24;Лукас Антонио Сепеда Бартурен;Эльче;23;177;66;Чили;186;444;П ПЦ;9,53;44,68%;5,47;44,44%;1,42;0,2;-;0,61;33,33%;0,81;2,03;2,64;1,01;38,46%;4,26;0,61;0,2;2,64;0,41;0%;0,15;0,19;0,81;57,14%;1,42;0,61;0,2;0,81;0,41;50%;-;-;-;-;2,64;61,9%;10,34;0,41;1,01;-;3,04;1,42;1,62;5,27;1,62;2,43;1,22;0,2;16,67%;1,01;-;1,62;0,61;37,5%;0,06;0,73;-0,12;33,33%;0,61;1,82;38,46%;13;73,33%;48,65;35,68;-;-;1,62;1,42;0,2;28,78;34,86;82,56%;16,67%;0,2;1,22;75%;0,81;0,61;78,26%;3,65;4,66;0,41;-;3,04
15;Лукас Эсекьель Белтран;Валенсия;25;174;75;Аргентина, Италия;160;1474;Ф ЛЦ;11,78;42,49%;7,82;42,97%;3,72;0,06;0,12;1,04;11,76%;0,55;2,44;2,08;0,55;26,47%;0,98;0,43;0,24;2,26;1,04;58,82%;0,32;0,14;1,53;40,98%;1,65;0,31;0,12;1,59;0,37;23,08%;0,31;0,12;40%;-;0,67;68,75%;6,96;1,1;0,98;-;6,35;2,2;4,15;6,78;1,22;3,36;4,27;1,59;37,14%;1,04;0,61;0,92;0,43;46,67%;0,15;5,16;0,35;37,5%;0,18;0,49;45,95%;13;66,57%;40,18;26,74;-;-;0,92;0,92;-;19,17;24,3;78,89%;0%;-;0,49;75%;0,24;0,18;74,47%;2,14;2,87;1,89;-;1,4
24;Лукаш Ахиджадо Куинтана;Реал Овьедо;31;173;67;Испания;181;1212;З П;10,17;63,5%;3,56;56,25%;0,45;-;0,07;0,15;0%;0,3;0,22;0,74;0,15;20%;1,49;0,22;0,15;2,15;0,67;44,44%;0,06;0,08;0,22;50%;1,04;0,15;-;0,3;0,15;50%;-;-;-;-;0,82;55%;4,75;0,22;0,67;-;4,53;2,67;1,86;3,71;0,97;2;0,89;0,52;58,33%;1,19;0,3;2,67;1,93;72,22%;0,09;-;-0,56;0%;-;0,45;55,17%;12;78,99%;55,84;44,11;-;-;0,97;0,97;-;32,6;40,02;81,45%;36,36%;0,3;0,82;35%;1,49;0,52;58,33%;2,08;3,56;1,26;-;4,46
32;Льюк Кастель Соле;Эспаньол;19;-;-;Испания;-;23;АП ЛЦ;7,83;0%;-;-;-;-;-;-;-;-;3,91;-;-;-;-;-;-;-;-;-;-;-;-;-;3,91;-;-;-;-;-;-;-;-;-;-;-;3,91;-;-;-;3,91;-;3,91;7,83;-;-;7,83;-;0%;-;-;-;-;-;-;-;0,39;-;-;-;-;12;25%;15,65;3,91;-;-;-;-;-;3,91;7,83;50%;-;-;-;-;-;-;-;-;-;-;-;-
15;Люка Бойе;Депортиво Алавес;30;183;81;Аргентина, Италия;166;2159;Ф ЛЦ;14,88;39,5%;10,5;40,48%;4,46;0,46;0,04;1;45,83%;0,33;1,67;2,63;0,88;33,33%;0,71;0,63;0,42;3,21;1,92;41,3%;0,48;0,13;1,67;37,38%;2,42;0,54;0,46;1,96;0,71;36,17%;0,5;0,13;25%;0,08;0,29;41,18%;7,13;1,29;1,21;-;8,25;2,67;5,59;9;1,67;4,25;4,34;1,38;31,73%;1,54;0,79;1,38;0,71;51,52%;0,18;1,06;0,1;25%;0,17;0,67;48,05%;16;58,32%;37,31;21,76;-;-;0,83;0,63;0,21;12,84;17,63;72,81%;12,5%;0,04;0,33;25%;0,17;0,04;58,62%;0,71;1,21;1,46;-;1,92
6;Люка Торро;Осасуна;31;190;77;Испания;179;2466;ЗП ЛЦ;9,53;65,9%;5,22;68,53%;2,99;-;0,04;0,51;0%;0,22;1,06;1,06;0,26;24,14%;0,33;0,26;-;0,51;0,15;75%;0,11;0,06;1,39;46,34%;1,46;0,07;-;0,69;0,18;26,32%;0,47;0,11;23,08%;-;0,15;44,44%;4,31;0,69;1,9;-;4,31;3,25;1,06;3,25;0,18;3,58;5,69;4,01;70,51%;0,33;0,11;1,35;0,95;70,27%;0,1;-;-0,26;20%;0,07;0,36;64,29%;13;73,75%;50,33;37,12;-;-;1,09;1,06;0,04;27,3;36,46;74,87%;0%;-;0,11;39,62%;1,93;0,77;45,52%;2,23;4,89;1,2;-;4,67
18;Люсьен Агуме;Севилья;24;185;72;Франция;185;2896;ЗП ПЦ;8,42;58,3%;3,73;57,5%;1,46;0,03;0,09;0,25;12,5%;0,37;0,47;0,5;0,09;18,75%;1,62;0,4;0,22;0,78;0,28;33,33%;0,05;0,1;0,47;31,91%;1,83;0,34;0,03;0,31;0,03;10%;0,12;-;0%;-;0,62;38,46%;6,12;0,44;1,71;-;4,2;2,77;1,43;3,51;0,44;2,14;2,95;1,71;57,89%;0,34;0,09;1,49;0,96;64,58%;0,09;1,5;-0,18;33,33%;0,06;0,19;44%;12;77,98%;53,36;41,61;-;-;2,21;2,18;0,03;32,88;40,71;80,76%;9,09%;0,03;0,34;52,24%;2,08;1,09;62,56%;4,1;6,56;1,03;-;4,48
9;Майораль;Хетафе;29;182;74;Испания;160;1162;Ф ЛЦ;6,97;36,67%;5,11;36,36%;2,32;0,31;-;0,85;36,36%;0,15;0,62;1,16;0,54;46,67%;0,46;0,23;0,85;0,85;0,54;57,14%;0,25;0,03;0,93;40%;0,46;0,31;0,31;0,85;0,54;63,64%;0,23;0,23;100%;0,08;0,23;50%;8,29;1,01;0,23;-;5,34;1,47;3,87;4,41;0,39;1,86;3,56;1,16;32,61%;0,46;0,31;0,54;0,23;42,86%;0,21;0,8;0,03;0%;-;0,31;54,55%;9;70%;30,21;21,14;-;-;0,23;0,23;-;16,73;20,76;80,6%;25%;0,08;0,31;75%;0,62;0,46;57,89%;0,85;1,47;0,54;-;0,62
6;Манор Соломон;Вильярреал;26;167;63;Израиль, Португалия;193;177;П Л;11,69;47,83%;7,63;53,33%;2,03;0,51;0,51;0,51;100%;1,02;1,02;1,02;0,51;50%;5,08;1,02;0,51;5,59;3,56;57,14%;0,14;0,65;1,02;50%;-;1,02;0,51;0,51;0,51;100%;-;-;-;-;1,53;30%;12,71;1,53;1,02;-;5,08;1,53;3,56;6,1;2,54;4,07;0,51;-;0%;3,05;2,03;1,53;0,51;33,33%;0,14;0,27;0,39;0%;-;0,51;54,55%;12;71,43%;42,71;30,51;-;-;0,51;0,51;-;22,88;28,47;80,36%;0%;-;2,03;-;-;-;50%;0,51;1,02;0,51;-;2,54
51;Ману;Реал Мадрид;22;170;-;Испания;-;8;З П;-;-;-;-;-;-;-;-;-;-;-;-;-;-;-;-;-;-;-;-;-;-;-;-;-;-;-;-;-;-;-;-;-;-;-;-;-;-;-;-;-;-;-;-;-;-;-;-;-;-;-;-;-;-;-;-;0,56;-;-;-;-;0;100%;90;90;-;-;-;-;-;90;90;100%;-;-;-;-;-;-;-;-;-;-;-;11,25
37;Мануэль Ангел;Реал Мадрид;22;160;-;Испания;-;110;П Л;8,18;40%;4,09;60%;0,82;-;-;-;-;-;3,27;1,64;0,82;50%;1,64;-;-;1,64;0,82;0%;0,05;0,07;0,82;100%;1,64;0,82;-;0,82;0,82;100%;0,82;0,82;100%;-;0,82;50%;12,27;-;0,82;-;5,73;4,09;1,64;4,91;0,82;2,45;-;-;-;0,82;-;1,64;-;0%;0,03;-;-0,29;0%;-;0,82;50%;12;82,14%;68,73;56,45;-;-;-;-;-;50,73;56,45;89,86%;-;-;-;100%;0,82;0,82;75%;2,45;3,27;0,82;-;3,27
8;Мануэль Ариньо Морланес Ариньо;Мальорка;27;178;75;Испания;178;1895;ЗП ПЦ;7,93;50,3%;2,42;60,78%;1,09;0,14;0,05;0,33;42,86%;0,43;0,62;0,62;0,24;38,46%;1,47;0,43;-;0,57;0,33;42,86%;0,09;0,17;0,43;39,13%;1,33;0,38;0,14;0,43;0,19;44,44%;0,05;-;0%;-;0,81;54,84%;6,22;0,43;1,66;-;2,71;1,71;1;3,94;0,19;1,47;1,47;0,62;41,94%;0,38;0,14;2,37;1,19;50%;0,14;0,61;-0,06;25%;0,05;0,19;66,67%;9;83,89%;57,18;47,97;-;-;2,42;2,33;0,09;40,89;45,78;89,32%;11,11%;0,05;0,43;66,67%;0,85;0,57;79,71%;5,22;6,55;0,52;-;3,94
28;Мануэль Буэно Себастьян;Севилья;21;178;-;Испания;169;310;ЗП ЛЦ;4,35;46,67%;0,87;33,33%;0,58;-;-;-;-;0,29;0,87;0,58;-;0%;1,16;0,29;-;0,58;0,29;100%;0,03;0,35;0,29;50%;1,16;-;-;-;-;-;-;-;-;-;0,58;50%;3,77;0,58;0,58;-;3,77;2,9;0,87;2,32;0,29;0,29;0,87;0,29;33,33%;0,29;0,29;1,74;1,16;66,67%;0,04;-;-0,12;0%;-;0,58;50%;8;80,74%;39,19;31,65;-;-;1,45;1,45;-;27,29;31,94;85,45%;100%;0,29;0,29;50%;1,16;0,58;75%;3,48;4,65;0,58;-;2,61
23;Мануэль Санчез Де Ла Пена;Леванте;25;-;-;Испания;176;3092;З Л;8,7;55,52%;2,97;49,02%;0,7;0,03;0,06;0,09;33,33%;0,12;0,61;0,38;0,12;30,77%;0,87;0,15;0,06;1,05;0,61;23,81%;0,03;0,06;0,29;41,67%;1,02;0,15;0,03;0,23;0,09;37,5%;0,09;0,03;33,33%;0,03;0,35;40%;4,6;0,26;1,05;-;3,64;2,27;1,37;3,87;0,73;1,46;1,48;0,64;43,14%;0,32;0,15;2,82;1,86;65,98%;0,09;1,16;-0,2;20%;0,03;0,15;30,56%;10;77,89%;47,12;36,7;-;-;0,64;0,61;0,03;26,87;33,15;81,04%;18,87%;0,29;1,54;34,78%;1,34;0,47;60%;2,01;3,35;0,76;-;4,19
12;Мануэль Фернандез Арройо;Сельта;25;-;-;Испания;183;829;З ПЦ;4,78;72,73%;1,3;75%;-;-;-;-;-;-;0,76;0,22;-;0%;0,33;-;-;0,22;-;-;0;0,05;-;-;0,87;0,33;-;-;-;-;-;-;-;-;0,11;33,33%;1,19;-;1,3;-;3,47;3,15;0,33;1,3;0,11;0,98;1,19;0,76;63,64%;0,11;-;1,19;1,19;100%;0,02;-;-0,33;0%;-;0,22;50%;7;89,26%;65,68;58,62;-;-;1,19;1,19;-;50,16;55,69;90,06%;-;-;-;43,48%;2,5;1,09;79,41%;2,93;3,69;1,52;-;5,1
4;Мараш Кумбулла;Мальорка;26;191;78;Албания, Италия;170;502;З ЛЦ;4,66;69,23%;1,61;88,89%;1,08;-;-;0,36;0%;-;0,9;0,54;-;0%;0,18;-;0,18;0,36;-;-;0,02;0,01;0,36;33,33%;0,36;0,18;-;0,54;-;0%;0,54;-;0%;-;-;0%;1,08;0,36;1,25;-;5,92;5,38;0,54;1,43;0,18;1,43;2,87;1,97;68,75%;0,18;-;0,72;0,54;75%;0,04;-;-0,41;-;-;-;50%;13;78,26%;61,85;48,41;-;-;1,25;1,25;-;41,41;52,89;78,31%;0%;-;0,18;32,14%;5,02;1,61;51,28%;3,59;6,99;2,15;-;4,48
9;Мариано;Депортиво Алавес;32;180;76;Доминиканская Республика, Испания;149;347;Ф ЛЦ;12,71;38,78%;9,08;40%;2,33;-;-;-;-;0,52;-;1,56;0,78;50%;0,78;0,52;1,56;0,52;0,52;50%;0,11;0,11;1,3;55,56%;3,37;-;-;0,52;0,26;50%;-;-;-;-;0,26;33,33%;5,97;-;0,78;-;8,3;2,59;5,71;7,78;0,26;3,63;8,56;3,11;36,36%;0,26;0,26;0,78;0,78;100%;0,07;-;-0,37;50%;0,52;1,04;50%;13;52,38%;27,23;14,27;-;-;-;-;-;7,52;11,93;63,04%;0%;-;0,52;-;-;-;20%;0,26;1,3;0,52;-;0,78
8;Марк Агуадо Палларес;Эльче;26;178;68;Испания;175;2665;ЗП Ц;4,15;60,16%;1,05;70,97%;0,17;0,03;0,14;0,03;100%;0,14;0,78;0,1;0,07;66,67%;0,2;0,2;-;0,03;0,03;0%;0,02;0,05;0,1;60%;0,84;0,17;0,03;0,1;0,07;66,67%;-;-;-;-;0,1;50%;2,5;-;1,28;-;2,06;1,35;0,71;1,65;0,03;0,74;0,81;0,27;33,33%;-;-;1,45;1,11;76,74%;0,17;0,52;-0,41;-;-;-;0%;6;89,22%;53,9;48,09;-;-;1,49;1,45;0,03;40,83;44,95;90,83%;100%;0,03;0,03;26,67%;0,51;0,14;79,37%;3,38;4,26;0,78;-;3,51
5;Марк Бартра;Реал Бетис;35;184;70;Испания;187;2149;З ПЦ;7,75;54,59%;1,42;58,82%;0,71;0,04;0,04;0,13;33,33%;0,04;0,46;0,67;0,25;37,5%;0,92;0,04;-;0,38;0,04;100%;0,04;0,02;0,25;35,29%;0,63;0,17;0,04;0,25;0,13;50%;0,25;0,08;33,33%;0,04;0,29;31,82%;0,92;0,17;0,96;-;3,39;2,76;0,63;3,52;0,13;0,84;3,06;1,76;57,53%;0,25;0,04;2,22;1,26;56,6%;0,06;0,94;0,17;30%;0,13;0,42;66,67%;11;84,19%;67,01;56,41;-;-;1,26;1,26;-;42,38;49;86,5%;-;-;-;43,33%;3,77;1,63;51,3%;2,47;4,82;0,67;-;4,98
22;Марк Бернал Касас;Барселона;19;191;-;Испания;199;862;ЗП ПЦ;11,69;58,93%;4,7;57,78%;1,15;0,21;0,21;0,31;66,67%;0,21;1,15;0,73;0,21;28,57%;0,94;0,42;-;1,57;0,42;50%;0,1;0,16;0,52;45,45%;1,67;0,63;0,21;0,31;0,21;66,67%;-;-;-;-;0,42;44,44%;9,29;0,31;2,4;-;3,45;1,98;1,46;4,8;0,42;2,71;3,24;1,57;48,39%;1,15;0,21;3,03;2,09;68,97%;0,14;0,49;0,29;0%;-;0,42;73,33%;10;87,04%;78,93;68,7;-;-;2,51;2,51;-;57,01;61,91;92,07%;100%;0,1;0,1;50%;1,25;0,63;69,77%;3,13;4,49;1,36;-;5,43
30;Марк Идальго Доменек Гонсалес;Мальорка;19;-;-;Испания;163;245;П П;6,98;57,89%;3,31;55,56%;2,94;-;0,73;0,73;0%;0,73;1,1;1,1;-;0%;1,47;0,37;-;1,47;0,73;0%;0,08;0,15;1,1;37,5%;1,1;0,73;-;1,1;-;0%;1,1;-;0%;-;0,73;50%;6,98;1,1;-;-;5,14;2,57;2,57;2,94;1,1;1,84;1,84;0,73;40%;0,37;-;0,73;0,73;100%;0,07;-;-0,08;-;-;-;25%;10;61,76%;24,98;15,43;-;-;-;-;-;8,08;13,59;59,46%;25%;0,37;1,47;0%;0,37;-;0%;-;0,37;1,47;-;2,2
17;Марк Касадо;Барселона;22;172;66;Испания;195;1084;ЗП ПЦ;5,56;58,21%;2,24;55,56%;0,5;-;0,08;0,17;0%;0,33;1,74;0,91;-;0%;1,83;0,42;-;0,5;0,17;0%;0,1;0,09;-;0%;2,08;0,91;-;0,42;-;0%;-;-;-;-;0,5;27,27%;11,87;0,17;1,08;-;4,4;2,74;1,66;2,32;0,33;1,25;1;0,58;58,33%;0,17;-;1,74;1,08;61,9%;0,11;-;0,65;0%;-;0,5;33,33%;10;88,25%;84,11;74,23;-;-;2,66;2,57;0,08;68,25;74,89;91,13%;25%;0,08;0,33;61,11%;1,49;0,91;77,61%;4,32;5,56;1,25;-;3,4
18;Марк Пубиль;Атлетико Мадрид;23;190;86;Испания;199;1500;З ПЦ;8,1;74,07%;2,52;69,05%;2,16;0,06;0,06;0,36;16,67%;0,12;0,84;0,66;0,3;45,45%;0,6;0,12;0,06;0,36;0,06;100%;0,07;0,03;0,96;44,44%;0,96;0,48;0,06;0,54;0,24;44,44%;0,24;0,12;50%;0,06;0,12;20%;2,46;0,48;1,56;-;3;2,22;0,78;2,1;0,12;1,74;4,92;3,84;78,05%;0,24;0,06;0,96;0,78;81,25%;0,11;1,23;0,24;50%;0,06;0,12;66,67%;10;86,95%;73,56;63,96;-;-;1,08;1,08;-;49,8;56,94;87,46%;33,33%;0,12;0,36;25%;1,2;0,3;56,41%;2,64;4,68;0,72;-;6,36
21;Марк Рока Жунке;Реал Бетис;29;184;77;Испания;194;2212;ЗП ЛЦ;6,02;54,73%;2,24;60%;0,49;0,04;0,04;0,28;14,29%;0,45;0,94;0,69;0,28;41,18%;1,14;0,28;-;0,73;0,33;75%;0,06;0,05;0,16;33,33%;1,75;0,37;0,04;0,24;0,12;50%;0,08;-;0%;-;0,61;53,57%;4,8;0,12;1,71;-;3,13;2,32;0,81;2,73;0,28;1,34;1,02;0,37;36%;0,45;0,24;1,91;1,02;53,19%;0,09;1,48;-0,02;36,36%;0,16;0,45;61,11%;8;84,63%;54,28;45,94;-;-;1,71;1,71;-;38,69;43,9;88,14%;22,22%;0,08;0,37;56,1%;1,67;0,94;63,21%;2,73;4,31;0,65;-;4,35
23;Маркао;Севилья;30;185;80;Бразилия;186;1051;З ЛЦ;7,02;54,88%;2,14;64%;2,06;-;-;0,43;20%;-;2,06;0,86;0,26;30%;0,51;-;0,09;0,09;-;-;0,13;-;0,94;45,83%;2,14;0,09;0,09;0,86;0,26;30%;0,69;0,09;12,5%;-;0,17;33,33%;0,34;0,34;1,8;-;2,74;2,31;0,43;3,17;0;1,37;4,54;2,4;52,83%;0,09;-;1,28;0,86;66,67%;0,15;-;-0,2;-;-;-;100%;9;84,07%;54,29;45,64;-;-;0,51;0,51;-;35,11;39,99;87,79%;0%;-;0,26;27,27%;1,88;0,51;56,52%;2,23;3,94;1,03;-;5,39
30;Марко Эстебан Фернандес;Реал Овьедо;20;-;-;Испания;-;51;З ПЦ;-;-;-;-;-;-;-;-;-;-;-;-;-;-;-;-;-;-;-;-;-;-;-;-;-;-;-;-;-;-;-;-;-;-;-;-;-;-;-;-;3,53;1,76;1,76;-;-;-;-;-;-;-;-;-;-;-;-;-;-0,86;-;-;-;-;2;92,86%;24,71;22,94;-;-;-;-;-;19,41;21,18;91,67%;-;-;-;-;-;-;-;-;-;3,53;-;-
20;Маркос Алонсо;Сельта;35;189;84;Испания;186;3044;З ЛЦ;6,18;60,77%;2,07;72,86%;0,92;0,03;-;0,24;12,5%;0,18;0,62;0,71;0,09;12,5%;1,09;0,21;-;0,71;0,15;80%;0,09;0,05;0,44;48,39%;0,68;0,15;0,03;0,35;0,09;25%;0,15;0,03;20%;-;0,44;40,54%;4,08;0,24;1,42;-;3,9;3,1;0,8;2,42;0,21;1,51;2,37;1,42;60%;0,5;0,12;1,3;0,77;59,09%;0,13;3,05;-0,24;0%;-;0,35;70,83%;10;88,03%;84,94;74,77;-;-;2,87;2,78;0,09;64,31;71,43;90,02%;18,18%;0,06;0,33;45,65%;4,08;1,86;67,11%;6,03;8,99;1,12;-;5,14
14;Маркос Льоренте;Атлетико Мадрид;31;184;74;Испания;200;2386;З П;6,75;61,45%;2,38;58,73%;1,62;-;0,26;0,19;20%;0,49;0,41;0,68;0,23;33,33%;2,64;0,53;0,15;0,91;0,6;43,75%;0,07;0,17;0,79;48,84%;1,06;0,38;0,04;0,41;0,19;45,45%;-;-;-;-;1,66;62,86%;11,73;0,72;1,06;-;4,07;2,53;1,55;2,6;0,41;1,4;0,87;0,38;43,48%;0,49;0,26;2,04;1,24;61,11%;0,11;-;0,54;14,29%;0,04;0,26;54,17%;10;86,23%;70,69;60,96;-;-;1,62;1,58;0,04;53,34;60,01;88,87%;10,26%;0,15;1,47;44,74%;1,43;0,64;72,95%;3,36;4,6;0,98;-;4,79
14;Маркус Рэшфорд;Барселона;28;180;70;Англия;205;1943;АП Л;9,45;34,8%;7,46;36,02%;5,47;0,37;0,42;1,3;28,57%;1,71;1,16;3,52;1,3;36,84%;5,51;1,2;0,46;4,35;3,38;32,88%;0,33;0,4;2,41;44,07%;0,46;1,11;0,37;1,99;0,93;46,51%;0,05;0,05;100%;0,05;2,69;48,74%;23,99;1,53;0,46;-;6,9;2,69;4,22;6,16;3,01;2,69;0,46;0,19;40%;1,34;1,11;0,42;0,19;44,44%;0,09;0,89;0,65;24,24%;0,37;1,53;30,85%;16;70,72%;54,1;38,26;-;-;0,69;0,6;0,09;32,19;39,65;81,19%;5,88%;0,14;2,36;62,07%;1,34;0,83;57,58%;0,88;1,53;0,88;-;0,83
16;Мартим Нето Карвальо Нето;Эльче;23;185;-;Португалия;180;1447;П ПЦ;7,21;52,59%;4,48;58,33%;1,43;0,12;0,31;0,19;66,67%;0,93;0,68;0,75;0,25;33,33%;2,49;1,24;-;2,3;1,06;52,94%;0,04;0,2;0,93;65,22%;1,18;0,5;0,12;0,25;0,12;50%;0,06;-;0%;-;1,31;52,5%;11,38;0,81;0,87;-;4,85;1,87;2,99;3,42;1;2,61;0,81;0,31;38,46%;1,31;0,56;1,18;0,5;42,11%;0,06;0,36;-0,48;25%;0,12;0,5;56,76%;9;81,13%;48,45;39,31;-;-;1,62;1,62;-;33,65;38,87;86,56%;18,75%;0,19;1;54,55%;0,68;0,37;86,79%;2,86;3,3;0,81;-;1,99
10;Мартин Адриан Сатриано Коста;Хетафе;25;187;75;Уругвай, Италия;172;1764;Ф ЛЦ;15,1;39,86%;11,02;43,06%;3,57;0,31;-;0,87;35,29%;0,41;1,63;1,79;0,71;40%;0,87;0,2;0,2;3,37;1,94;34,21%;0,23;0,12;1,68;47,14%;1,07;0,41;0,31;1,33;0,61;46,15%;0,56;0,2;36,36%;0,05;0,31;35,29%;7,6;0,87;0,61;-;7,81;3,57;4,23;9,08;2,09;4,74;5,77;2,14;37,17%;1,28;0,66;1,02;0,56;55%;0,13;0,74;-0,03;22,22%;0,1;0,46;37,88%;17;55,08%;38,16;21,02;-;-;0,41;0,41;-;12,5;19,49;64,14%;25%;0,2;0,82;41,67%;0,61;0,26;51,61%;0,82;1,58;0,56;-;1,38
24;Мартин Валиент;Мальорка;30;187;70;Словакия;177;3634;З ПЦ;5,18;65,55%;1,16;72,34%;0,52;-;0,02;0,1;0%;-;0,27;0,42;0,2;47,06%;0,5;0,02;-;0,15;-;-;0,03;0,01;0,22;42,86%;0,89;0,17;-;0,17;0,1;57,14%;0,05;-;0%;-;0,17;35%;1,09;0,2;1,54;-;2,72;2,28;0,45;1,78;0,05;0,84;2,45;1,46;59,6%;0,1;-;1,14;0,89;78,26%;0,08;-;-0,37;40%;0,1;0,25;66,67%;8;86,46%;58,15;50,28;-;-;0,62;0,62;-;39,08;44,95;86,94%;0%;-;0,02;35,71%;3,12;1,11;50,88%;2,15;4,24;0,59;-;5
18;Матео Джозеф Фернандез Регатило;Мальорка;22;185;-;Англия, Испания;164;1836;АП П;10,2;34,62%;6,52;34,59%;2,84;0,1;0,15;0,74;13,33%;0,39;1,52;1,62;0,69;42,42%;0,34;0,25;0,2;2,11;1,18;45,83%;0,27;0,06;1,13;39,66%;0,93;0,49;0,1;1,32;0,59;44,44%;0,25;0,1;40%;-;0,34;100%;6,32;1,03;0,59;-;4,95;1,32;3,63;6,67;1,23;2,25;2,7;0,49;18,18%;0,88;0,54;1,23;0,49;40%;0,17;2,79;-0,61;33,33%;0,1;0,29;41,86%;10;64,74%;29,75;19,26;-;-;0,34;0,29;0,05;12,16;15,05;80,78%;30%;0,15;0,49;50%;0,2;0,1;45,45%;0,25;0,54;0,59;-;2,06
2;Матеу Джаум Морея Бауса;Мальорка;26;173;67;Испания;174;810;З П;8,22;47,3%;1,44;76,92%;0,78;0,11;-;0,22;50%;0,33;1,22;0,44;0,22;50%;1,89;0,22;0,11;0,67;0,22;50%;0,04;0,16;0,44;57,14%;1,67;0,11;0,11;0,22;0,22;100%;-;-;-;-;0,89;47,06%;5,11;0,22;0,78;-;5;4;1;4,33;0,22;1,11;1,89;0,67;35,29%;0,44;0,11;2,89;1,33;46,15%;0,09;0,36;-0,23;0%;-;0,22;66,67%;13;72,79%;46,56;33,89;-;-;1,22;1,22;-;24,33;32,44;75%;16,67%;0,11;0,67;52,63%;2,11;1,11;60,53%;2,56;4,22;1,56;-;3,56
2;Матиас Агустин Морено;Леванте;22;-;-;Аргентина;172;2481;З ЛЦ;6,2;61,99%;2,39;54,55%;2,03;-;0,04;0,11;0%;0,11;0,83;0,36;-;0%;0,29;0,07;0,07;0,4;0,04;0%;0,05;0,03;0,69;33,93%;0,83;0,11;-;0,22;-;0%;0,15;-;0%;-;0,07;25%;0,98;0,36;0,91;-;3,16;2,47;0,69;2,36;0,25;1,31;3,3;1,85;56,04%;0,15;-;0,98;0,73;74,07%;0,14;-;-0,17;0%;-;0,15;36,36%;8;84,49%;53,8;45,45;-;-;0,98;0,94;0,04;34,21;39,83;85,88%;0%;-;0,07;43,64%;2;0,87;57,73%;2,03;3,52;0,8;-;4,53
15;Матиас Весино;Сельта;34;187;81;Уругвай, Италия;171;160;ЗП ЛЦ;12,38;68,18%;3,38;83,33%;1,12;-;-;-;-;-;-;1,12;-;0%;-;-;-;0,56;-;-;0,03;-;0,56;50%;2,25;-;-;-;-;-;-;-;-;-;-;-;7,31;0,56;2,81;-;3,38;2,25;1,12;3,94;0;2,81;3,94;1,69;42,86%;0,56;-;2,81;1,69;60%;0,03;-;0,54;0%;-;1,12;100%;14;80,8%;70,31;56,81;-;-;2,81;2,81;-;44,44;52,88;84,04%;0%;-;0,56;0%;0,56;-;72,73%;4,5;6,19;0,56;-;7,88
3;Маттео Руджери;Атлетико Мадрид;23;187;79;Италия, США;195;1932;З Л;8,01;54,07%;2,33;48%;1,07;-;0,14;0,14;0%;0,23;0,09;0,23;0,09;40%;1,49;0,28;0,05;0,84;0,37;12,5%;0,02;0,09;0,51;47,83%;1,35;0,47;-;0,14;0,09;66,67%;0,09;0,05;50%;-;0,75;50%;10,62;0,37;1,49;-;3,91;2,52;1,4;3,68;0,61;1,12;2,19;1,3;59,57%;0,23;0,05;2,47;1,35;54,72%;0,09;-;0,44;0%;-;0,09;27,78%;11;83,25%;63,4;52,78;-;-;0,98;0,98;-;42,76;49,57;86,28%;20,29%;0,65;3,21;42,31%;1,21;0,51;70,13%;2,52;3,59;1,16;-;4,52
8;Мауро Уилней Арамбарри Роза;Хетафе;30;175;74;Уругвай;175;3575;ЗП ЛЦ;10,27;45,59%;5,92;47,66%;2,32;0,15;0,03;0,55;27,27%;0,33;1,69;1,46;0,53;36,21%;0,58;0,2;0,13;1,86;0,65;38,46%;0,24;0,05;0,98;42,39%;1,51;0,25;0,15;1,08;0,38;34,88%;0,53;0,13;23,81%;0,05;0,2;34,78%;3,68;0,35;1,46;-;4,03;2,01;2,01;5,59;1,08;2,82;3,1;1,46;47,15%;0,78;0,25;1,61;0,68;42,19%;0,16;1,59;-0,08;40%;0,15;0,38;41,89%;11;66,98%;34,69;23,24;-;-;0,6;0,55;0,05;15,33;20,27;75,65%;12,5%;0,05;0,4;45,45%;0,83;0,38;49,17%;1,49;3,02;0,88;-;2,87
15;Мигель Ангел Рубио Лестан;Эспаньол;28;191;86;Испания;165;276;З ПЦ;9,78;63,33%;4,24;61,54%;3,26;0,33;-;0,65;50%;-;0,33;0,65;0,33;50%;-;-;-;0,33;-;-;0,21;-;0,98;30%;0,33;0,33;0,33;0,65;0,33;50%;0,33;-;0%;-;-;-;0,65;0,33;0,33;-;2,28;1,63;0,65;3,59;0;2,61;7,5;4,89;65,22%;0,33;-;0,65;0,65;100%;0,31;0,63;-0,71;-;-;-;100%;9;79,58%;46,3;36,85;-;-;-;-;-;18,26;23,8;76,71%;-;-;-;33,33%;0,98;0,33;33,33%;0,33;0,98;-;-;3,91
29;Мигель Анхель Сьерра Ортега;Севилья;22;-;-;Испания;162;78;АП Л;12,69;54,55%;5,77;60%;4,62;-;1,15;-;-;1,15;3,46;4,62;1,15;25%;4,62;-;-;2,31;-;-;0,47;0,16;2,31;50%;1,15;1,15;-;2,31;1,15;50%;1,15;-;0%;-;2,31;50%;10,38;-;2,31;-;4,62;3,46;1,15;5,77;0;3,46;2,31;-;0%;2,31;-;2,31;2,31;100%;0,1;-;2,05;0%;-;2,31;100%;22;58,7%;53,08;31,15;-;-;-;-;-;19,62;32,31;60,71%;-;-;-;100%;1,15;1,15;0%;-;2,31;1,15;-;3,46
44;Мигель Калатаюд Гарсия;Мальорка;20;-;-;Испания;-;55;З П;6,55;75%;1,64;100%;-;-;-;-;-;-;-;1,64;-;0%;-;-;-;1,64;1,64;100%;0,05;-;-;-;3,27;-;-;-;-;-;-;-;-;-;-;-;13,09;-;-;-;4,91;3,27;1,64;1,64;0;1,64;1,64;1,64;100%;1,64;1,64;1,64;-;0%;0,03;-;-2,01;0%;-;1,64;100%;8;87,8%;67,09;58,91;-;-;3,27;3,27;-;47,45;52,36;90,62%;0%;-;1,64;0%;3,27;-;80%;6,55;8,18;1,64;-;3,27
61;Мигель Льоренте Кубо;Атлетико Мадрид;18;-;-;Испания;-;59;Ф ЛЦ;16,78;45,45%;12,2;37,5%;7,63;1,53;-;3,05;50%;-;4,58;4,58;3,05;66,67%;1,53;-;-;3,05;-;-;0,35;-;4,58;60%;1,53;1,53;1,53;4,58;3,05;66,67%;1,53;1,53;100%;-;-;0%;4,58;3,05;3,05;-;3,05;1,53;1,53;9,15;1,53;4,58;7,63;1,53;20%;1,53;-;1,53;1,53;100%;0,08;0,23;-0,05;-;-;-;50%;14;57,14%;32,03;18,31;-;-;-;-;-;3,05;6,1;50%;-;-;-;0%;1,53;-;33,33%;1,53;4,58;-;-;3,05
6;Микель Весга Аррути;Атлетик Бильбао;33;191;83;Испания;172;565;ЗП ЛЦ;13,06;57,32%;5,73;52,78%;1,91;-;-;-;-;-;1,27;0,48;-;0%;1,27;0,32;-;1,59;1,12;71,43%;0,03;0,02;0,8;41,67%;1,27;-;-;0,16;-;0%;-;-;-;-;0,32;25%;6,05;0,32;2,23;-;5,42;3,66;1,75;5,58;0,48;3,03;3,82;2,23;58,33%;1,12;0,8;3,5;1,59;45,45%;0,06;-;-0,31;0%;-;0,32;70%;16;74,05%;62,6;46,35;-;-;2,23;1,91;0,32;35,04;45,24;77,46%;0%;-;0,96;53,85%;2,07;1,12;58,14%;3,98;6,85;1,43;-;5,1
18;Микель Джаурегизар;Атлетик Бильбао;22;-;-;Испания;179;3050;ЗП ЛЦ;9,38;51,26%;3,78;60,16%;0,62;0,06;-;0,32;18,18%;0,38;1;1,15;0,32;28,21%;2,12;0,47;-;0,94;0,38;15,38%;0,06;0,19;0,35;57,14%;1,45;0,15;0,06;0,18;0,03;16,67%;0,06;-;0%;-;0,74;34,72%;5,64;0,21;1,8;-;4,66;3,07;1,59;4,57;0,65;2,27;2,39;1,39;58,02%;0,3;0,06;2,6;1,15;44,32%;0,05;0,96;0,44;30,3%;0,3;0,97;31,25%;14;74,19%;54,65;40,54;-;-;1,98;1,98;-;32,37;41,08;78,81%;9,38%;0,09;0,94;40%;1,48;0,59;59,9%;3,66;6,11;0,74;-;3,9
10;Микель Ойарсабаль;Реал Сосьедад;29;181;78;Испания;184;2966;Ф Ц;9,16;41,39%;6,58;42,86%;4,01;0,46;0,15;1,18;38,46%;0,91;1,3;2,4;1,18;49,37%;1,58;0,7;0,39;1,94;1,21;52,5%;0,46;0,24;1,91;47,73%;0,88;0,85;0,46;1,73;0,94;54,39%;0,39;0,03;7,69%;-;1,06;67,31%;8,5;1,3;0,88;-;5,83;2,25;3,58;5,37;0,85;2,82;3,37;1,15;34,23%;1,09;0,64;0,88;0,36;41,38%;0,19;1;-0,13;36,36%;0,24;0,67;56,25%;12;67,21%;37,11;24,94;-;-;0,67;0,64;0,03;18,3;23,88;76,62%;12,5%;0,06;0,49;62,5%;0,49;0,3;65,15%;1,3;2;0,76;-;1,27
28;Микель Ян Салас Франч;Мальорка;20;-;-;Испания;-;25;ЗП ПЦ;14,4;50%;10,8;33,33%;3,6;-;-;-;-;-;3,6;-;-;-;3,6;-;-;3,6;-;-;-;-;-;0%;-;3,6;-;-;-;-;-;-;-;-;3,6;100%;3,6;-;3,6;-;7,2;3,6;3,6;7,2;0;3,6;7,2;3,6;50%;3,6;-;-;-;-;-;-;-0,04;-;-;-;100%;22;60%;54;32,4;-;-;7,2;7,2;-;21,6;36;60%;-;-;-;100%;7,2;7,2;100%;10,8;10,8;3,6;-;3,6
5;Милла;Хетафе;31;175;67;Испания;181;3603;ЗП Ц;7,72;51,13%;3,17;57,48%;0,3;0,02;0,27;0,15;16,67%;1,27;1,1;0,67;0,1;14,81%;5,52;1,07;0,05;1,02;0,42;47,06%;0,03;0,23;0,1;33,33%;0,82;0,52;0,02;0,15;0,02;16,67%;-;-;-;-;1,87;33,94%;4,25;0,17;1,77;-;4,95;3,37;1,57;3,77;0,5;1,82;2,4;1,37;57,29%;0,52;0,2;1,7;0,77;45,59%;0,05;1,26;-0,1;14,29%;0,07;0,52;51,22%;15;70,83%;50,86;36,02;-;-;1,32;1,2;0,12;28,65;39,14;73,2%;16,67%;0,25;1,5;45,71%;2,62;1,2;54,27%;3,17;5,85;0,8;-;3,95
21;Михайло Ристик;Сельта;30;180;73;Сербия;191;265;ЗП Л;7,81;43,48%;4,42;46,15%;-;-;-;-;-;-;0,68;0,34;-;0%;1,36;-;-;3,4;0,68;100%;0;0,01;-;-;-;-;-;-;-;-;-;-;-;-;-;0%;3,06;-;0,34;-;7,13;4,42;2,72;4,42;1,36;2,04;1,02;0,34;33,33%;2,04;0,68;1,7;0,68;40%;0,01;-;-0,08;0%;-;0,34;60%;13;80,51%;66,23;53,32;-;-;1,02;1,02;-;46,19;54,34;85%;0%;-;0,68;20%;1,7;0,34;68,42%;4,42;6,45;2,72;-;4,75
16;Мои Гомез;Осасуна;32;176;71;Испания;176;1352;ЗП ЛЦ;7,26;53,21%;3,53;54,72%;0,53;-;0,2;0,2;0%;0,4;1,53;0,73;0,13;18,18%;3,2;0,27;-;1,73;0,2;33,33%;0,03;0,12;0,27;50%;1,4;0,27;-;0,2;0,07;33,33%;-;-;-;-;1,53;47,92%;9,05;0,13;1,6;-;3,66;2,2;1,46;3,39;0,93;1,93;1,46;0,93;63,64%;0,8;0,07;1,6;0,87;54,17%;0,04;-;0,3;12,5%;0,07;0,53;46,15%;11;83,79%;69,83;58,51;-;-;3,39;3,39;-;52,06;59,38;87,67%;0%;-;1,2;61,54%;2,6;1,6;77,34%;6,59;8,52;0,73;-;4,26
11;Моралес;Леванте;38;180;70;Испания;164;470;П Л;10,72;51,79%;6,32;48,48%;3,26;0,19;-;1,34;28,57%;1,15;0,77;2,11;0,96;45,45%;3,45;1,15;0,77;3,45;1,91;40%;0,34;0,18;1,91;58,82%;0,57;0,57;0,38;1,34;0,96;71,43%;-;-;-;-;2,11;61,11%;9;1,15;0,96;-;6,32;3,26;3,06;5,17;1,72;3,06;0,96;0,38;40%;1,72;0,77;1,72;1,53;88,89%;0,16;1,78;-0,26;0%;-;0,77;50%;13;67,45%;40,6;27,38;-;-;1,15;0,96;0,19;19,15;26,04;73,53%;20%;0,19;0,96;33,33%;0,57;0,19;80%;1,53;1,91;0,57;-;3,06
4;Муктар Диахаби;Валенсия;29;192;78;Гвинея, Франция;188;601;З ЛЦ;5,84;74,36%;2,85;78,95%;1,95;0,15;-;0,3;50%;0,3;0,45;0,6;0,45;75%;0,3;0,15;0,15;0,45;-;-;0,12;0,02;1,35;69,23%;1,05;0,3;0,15;0,6;0,45;75%;0,45;0,45;100%;0,15;0,15;50%;1,05;0,6;1,65;-;2,85;2,25;0,6;1,5;0,3;2,25;3,29;2,4;72,73%;0,15;-;0,6;0,6;100%;0,2;0,78;-0,41;-;-;-;33,33%;8;88,06%;63,94;56,31;-;-;1,5;1,35;0,15;42,38;48,37;87,62%;-;-;-;11,11%;1,35;0,15;47,83%;1,65;3,44;0,9;-;6,59
19;Мурад Эль Гезуани;Эльче;28;189;85;Марокко, Испания;-;61;Ф Ц;14,75;70%;8,85;66,67%;1,48;-;-;1,48;0%;-;1,48;1,48;-;0%;-;1,48;-;-;-;-;0,18;0,21;-;0%;1,48;-;-;1,48;-;0%;-;-;-;-;-;-;4,43;1,48;-;-;5,9;2,95;2,95;4,43;-;5,9;4,43;2,95;66,67%;-;-;4,43;4,43;100%;0,12;-;0,16;-;-;-;-;12;70,37%;39,84;28,03;-;-;-;-;-;16,23;22,13;73,33%;-;-;-;-;-;-;-;-;-;2,95;-;1,48
22;Мусса Диарра;Депортиво Алавес;25;185;73;Франция, Мали;171;224;З Л;11,25;50%;4,82;58,33%;0,8;-;-;-;-;-;0,4;-;-;-;0,8;-;-;1,61;0,8;50%;-;0,02;0,4;50%;1,61;-;-;-;-;-;-;-;-;-;-;0%;4,02;-;0,8;-;7,63;5,62;2,01;5,62;1,21;2,81;2,41;2,01;83,33%;0,4;0,4;2,81;1,21;42,86%;-;-;-0,94;-;-;-;25%;18;65,41%;53,44;34,96;-;-;0,4;0,4;-;24,11;36,96;65,22%;100%;0,4;0,4;20%;2,01;0,4;20%;0,4;2,01;1,61;-;2,01
23;Наварро;Атлетик Бильбао;24;178;69;Испания;178;1475;АП Л;12,14;35,68%;8,6;36,17%;3,36;0,37;0,12;0,61;60%;0,92;1,04;1,28;0,61;47,62%;2,93;0,92;0,24;4,03;2,81;32,61%;0,25;0,26;1,65;49,09%;1,1;0,85;0,37;0,92;0,49;53,33%;-;-;-;-;1,34;45,83%;11,53;0,98;0,67;-;7,51;2,44;5,06;7,81;2,62;3,11;2,62;0,55;20,93%;1,4;0,92;0,67;0,43;63,64%;0,2;0,69;0,47;33,33%;0,12;0,37;34,85%;15;65,71%;42,71;28,07;-;-;0,24;0,18;0,06;21,6;27,76;77,8%;13,33%;0,37;2,75;22,22%;0,55;0,12;48,15%;0,79;1,65;0,85;-;1,71
16;Науэль Молина;Атлетико Мадрид;28;175;70;Аргентина;191;1492;З П;9,59;49,69%;3,68;52,46%;0,84;0,12;0,18;0,3;40%;0,48;0,3;0,84;0,24;28,57%;2,17;0,42;0,3;1,63;0,54;66,67%;0,03;0,13;0,12;14,29%;0,84;0,54;0,12;0,12;-;0%;-;-;-;-;0,97;44,44%;8,81;0,54;0,97;-;7,36;4,58;2,77;4,83;0,72;1,93;1,33;0,42;31,82%;0,9;0,36;3,02;1,75;58%;0,03;0,23;0,09;33,33%;0,24;0,72;55,56%;16;74,91%;65,39;48,98;-;-;1,75;1,75;-;39,87;50,85;78,41%;15,62%;0,3;1,93;33,33%;1,63;0,54;60,98%;3,02;4,95;2,17;-;5,37
29;Начо Перес Гомес;Леванте;17;-;-;Испания;-;161;З П;5,59;50%;1,12;100%;-;-;-;-;-;0,56;0,56;-;-;-;2,24;0,56;-;-;-;-;-;0,06;-;-;0,56;-;-;-;-;-;-;-;-;-;0,56;25%;1,12;-;1,68;-;3,35;2,8;0,56;2,8;-;1,12;1,12;-;0%;-;-;1,68;1,12;66,67%;-;-;0,6;-;-;-;-;10;77,03%;41,37;31,86;-;-;0,56;0,56;-;25,16;31,86;78,95%;-;-;-;0%;1,12;-;50%;1,12;2,24;0,56;-;2,8
18;Нельсон Александр Деосса Суарез;Реал Бетис;26;185;71;Колумбия;184;846;ЗП ПЦ;14,36;57,04%;9,26;57,47%;1,06;-;-;0,11;0%;0,53;2,87;1,91;-;0%;0,64;0,32;0,11;4,26;2,23;76,19%;0,06;0,08;0,64;60%;1,91;0,53;-;0,21;-;0%;0,11;-;0%;-;0,32;50%;8,83;0,43;1,28;-;5,64;2,23;3,4;6,17;1,28;5,32;4,15;2,98;71,79%;2,98;1,7;1,7;0,85;50%;0,03;-;0,12;0%;-;1,7;70%;14;73,96%;53,94;39,89;-;-;1,7;1,28;0,43;28,94;34,89;82,93%;0%;-;0,43;66,67%;0,64;0,43;78,26%;1,91;2,45;1,91;-;2,87
5;Нианцу Тангай Нианцу Куасси;Севилья;24;191;83;Франция, Кот-д'Ивуар;179;706;З ПЦ;8,54;71,64%;3,19;72%;2,04;-;-;0,64;0%;-;0,76;1,15;-;0%;0,64;-;-;0,64;-;-;0,12;0;0,89;43,75%;1,91;0,13;-;1,02;-;0%;0,89;-;0%;-;-;0%;0,51;0,25;1,4;-;2,55;2,04;0,51;2,42;0,38;2,29;3,82;3,06;80%;0,25;-;1,4;1,15;81,82%;0,1;-;-0,04;0%;-;0,13;40%;8;85,75%;58,13;49,84;-;-;0,89;0,89;-;36,08;40,79;88,44%;-;-;-;59,26%;3,44;2,04;65%;3,31;5,1;0,51;-;4,59
10;Нико Уильямс;Атлетик Бильбао;23;180;67;Испания, Гана;192;1769;АП Л;16,84;38,67%;12,82;42,86%;5,39;0,31;0,2;1,02;30%;1,12;1,48;2,34;0,92;39,13%;3;1,12;0,36;8,09;5,24;42,72%;0,29;0,27;2,29;42,45%;1,37;0,71;0,31;1,83;0,76;41,67%;0,1;-;0%;-;1,42;47,46%;13,89;1,02;1,27;-;9,92;3,26;6,66;10,33;4,68;5,49;0,92;0,41;44,44%;3,41;2,24;1,48;0,51;34,48%;0,13;0,96;0,3;30%;0,15;0,51;42,14%;19;62,84%;51,89;32,61;-;-;0,46;0,36;0,1;23,15;30,68;75,46%;16,98%;0,46;2,7;50%;0,71;0,36;59,26%;0,81;1,37;1,02;-;2,09
23;Николас Гонсалес;Атлетико Мадрид;28;180;75;Аргентина, Италия;199;1564;П Л;13,41;53,22%;8;53,96%;4,2;0,29;-;1,09;26,32%;0,58;1,61;2,53;1,32;52,27%;1,5;0,52;0,12;2,88;1,38;50%;0,31;0,23;1,9;45,21%;1,67;0,81;0,29;1,96;1,09;55,88%;0,86;0,46;53,33%;0,17;1,04;69,23%;10,01;1,27;1,15;-;6,56;3,51;3,05;6,27;1,5;4,32;4,83;2,99;61,9%;1,38;0,69;1,84;0,92;50%;0,12;1,08;0,17;40%;0,23;0,58;48%;15;70,83%;52,08;36,89;-;-;0,81;0,52;0,29;25,09;32,8;76,49%;9,09%;0,12;1,27;40%;0,86;0,35;47,06%;1,38;2,93;1,21;-;2,88
22;Николас Серрано Гальдеано;Атлетик Бильбао;23;176;-;Испания;172;429;АП П;13,64;36,92%;7,55;36,11%;2,52;0,21;-;0,42;50%;1,89;1,68;3,57;1,26;35,29%;5,66;0,84;-;4,41;2,94;35,71%;0,21;0,24;0,84;33,33%;2,1;0,21;0,21;1,47;0,84;57,14%;-;-;-;-;1,89;33,33%;17,62;1,26;0,63;-;7,13;2,73;4,41;8,6;2,94;2,73;1,47;0,42;28,57%;1,47;1,05;3,36;1,47;43,75%;0,06;1,01;0,75;20%;0,42;2,1;33,33%;20;60,08%;50,98;30,63;-;-;0,84;0,63;0,21;23,08;32,52;70,97%;7,69%;0,21;2,73;85,71%;1,47;1,26;53,85%;1,47;2,73;0,84;-;2,52
23;Николас Фонсека;Реал Овьедо;27;-;-;Италия;171;1090;ЗП ЛЦ;9,17;54,05%;1,82;63,64%;0,08;-;0,08;-;-;0,08;0,99;0,66;0,08;12,5%;1,07;0,08;-;0,25;-;-;0,03;0,04;-;0%;2,23;-;-;0,08;-;0%;-;-;-;-;0,25;23,08%;3,88;-;1,16;-;3,47;2,39;1,07;4,21;0,08;1,16;1,24;0,41;33,33%;0,17;-;3,63;1,9;52,27%;0,04;-;-0,44;14,29%;0,08;0,58;66,67%;12;80,7%;61,18;49,38;-;-;2,39;2,39;-;39,96;46,98;85,06%;-;-;-;75%;3,63;2,72;64,15%;2,81;4,38;0,99;-;4,38
19;Николя Пепе;Вильярреал;31;178;68;Кот-д'Ивуар;194;2592;П П;11,91;45,19%;8,4;48,35%;5,62;0,28;0,31;0,94;29,63%;1,7;1,49;2,19;0,9;41,27%;3,51;1,11;0,49;4,44;2,71;42,31%;0,26;0,35;3,09;54,94%;0,8;1,01;0,28;1,63;0,66;40,43%;0,17;0,03;20%;-;1,98;56,44%;13,4;1,18;0,9;-;6,32;2,33;3,99;6,53;2,4;4,06;1,49;0,62;41,86%;2,05;1,15;1,18;0,42;35,29%;0,12;0,93;0,5;43,75%;0,24;0,56;46,09%;14;71,4%;48,92;34,93;-;-;1,15;0,97;0,17;26,39;32,57;81,02%;18,75%;0,21;1,11;62,96%;0,94;0,59;64,52%;1,39;2,15;1,11;-;1,98
17;Нил Мопай;Севилья;29;173;69;Франция;159;878;Ф ЛЦ;7,48;36,99%;6,25;39,34%;1,54;0,21;0,1;0,62;33,33%;0,51;1,64;1,74;0,82;47,06%;0,72;0,82;0,31;1,13;0,72;14,29%;0,2;0,1;0,72;46,67%;1,64;0,41;0,21;0,82;0,31;37,5%;0,1;0,1;100%;0,1;0,41;57,14%;5,33;0,62;0,31;-;4,72;1,85;2,87;4,72;0,72;2,46;3,38;0,82;24,24%;0,41;0,1;0,41;0,1;25%;0,11;0,96;-0,26;55,56%;0,51;0,92;36,36%;10;68,47%;30,24;20,71;-;-;0,41;0,41;-;16,3;20,19;80,71%;0%;-;0,31;72,73%;1,13;0,82;53,85%;0,72;1,33;0,82;-;0,82
32;Нобель Менди;Райо Вальекано;21;-;-;Франция;177;1962;З ЛЦ;5,6;58,2%;1,01;59,09%;0,69;0,09;0,05;0,28;33,33%;0,09;0,6;0,5;0,18;36,36%;0,64;-;0,05;0,18;-;-;0,13;0,01;0,18;26,67%;1,47;0,18;0,09;0,37;0,14;37,5%;0,14;0,09;66,67%;0,09;-;0%;0,41;0,14;0,78;-;3,49;2,8;0,69;2,34;0,05;0,6;2,75;1,51;55%;0,14;-;1,24;0,87;70,37%;0,25;1,37;-0,12;33,33%;0,05;0,14;75%;9;85,22%;60,5;51,56;-;-;0,87;0,87;-;38,26;44,54;85,89%;0%;-;0,18;32,05%;3,58;1,15;37,8%;1,42;3,76;1,19;-;4,86
4;Нэйтан Бернардо Де Соуза;Реал Бетис;25;-;-;Бразилия;184;3066;З ЛЦ;5,75;56,63%;1,29;47,73%;0,79;-;-;0,12;0%;0,03;0,32;0,29;0,03;10%;0,23;0,06;-;0,12;-;-;0,03;0,01;0,29;37,04%;0,82;0,06;-;0,21;0,03;14,29%;0,12;0,03;25%;-;0,03;12,5%;0,47;0,15;1,06;-;2,47;2,05;0,41;2,5;0,03;0,62;3,58;1,97;54,92%;0,09;-;0,91;0,65;70,97%;0,1;-;0,06;0%;-;0,09;75%;8;86,44%;56,92;49,2;-;-;0,7;0,7;-;37,31;42,27;88,26%;0%;-;0,03;29,85%;1,97;0,59;45,98%;1,17;2,55;0,82;-;4,93
21;Обед Варгас;Атлетико Мадрид;20;175;68;Мексика, США;182;819;ЗП ЛЦ;7,91;50%;3,19;48,28%;0,99;-;0,11;-;-;0,33;0,99;0,55;-;0%;0,77;0,33;0,11;1,76;0,55;80%;0,03;0,04;0,22;22,22%;0,44;0,22;-;0,11;-;0%;-;-;-;-;0,55;71,43%;5,05;0,22;0,99;-;5,05;3,41;1,65;3,96;0,66;1,54;0,99;0,22;22,22%;1,1;0,44;1,54;0,66;42,86%;0,05;-;-0,42;0%;-;0,44;62,5%;11;77,42%;47,69;36,92;-;-;1,54;1,43;0,11;29,01;35,27;82,24%;0%;-;0,44;41,67%;1,32;0,55;53,33%;1,76;3,3;0,99;-;2,53
14;Овьемуно Эжариа;Реал Овьедо;28;188;75;Англия, Нигерия;160;235;П ЛЦ;13,4;42,86%;6,89;50%;2,3;-;-;0,38;0%;0,38;1,91;1,15;0,38;33,33%;1,53;0,38;0,38;2,68;1,91;80%;0,09;0,03;1,53;66,67%;1,15;-;-;0,38;-;0%;-;-;-;-;0,77;50%;9,19;0,38;1,15;-;4,6;1,91;2,68;7,66;1,15;3,45;4,98;2,68;53,85%;1,53;1,53;1,91;0,38;20%;0,08;-;-0,36;50%;0,38;0,77;57,14%;13;77,48%;57,83;44,81;-;-;1,53;1,53;-;36,38;40,98;88,79%;0%;-;0,77;-;-;-;87,5%;2,68;3,06;1,53;-;1,91
15;Ойер Луенго Редондо;Реал Овьедо;28;185;-;Испания;177;250;З ЛЦ;6,12;64,71%;1,44;75%;0,72;-;-;-;-;-;0,36;0,36;-;0%;-;-;-;-;-;-;0,07;-;-;0%;0,72;-;-;0,36;-;0%;-;-;-;-;-;-;-;-;0,36;-;3,96;2,88;1,08;2,16;-;1,08;2,52;0,72;28,57%;-;-;1,44;1,44;100%;0,19;-;-1,57;-;-;-;-;6;85%;43,2;36,72;-;-;-;-;-;28,44;32,4;87,78%;-;-;-;40%;1,8;0,72;0%;-;0,36;1,8;-;4,68
8;Ойхан Сансет;Атлетик Бильбао;26;188;73;Испания;183;1896;АП Ц;8,07;44,71%;5,46;44,35%;3,04;0,19;-;0,62;30,77%;0,57;1,38;2,28;0,76;33,33%;1,42;0,62;-;1,57;0,71;46,67%;0,35;0,12;1,33;43,75%;1,38;0,28;0,19;1,8;0,66;36,84%;0,38;0,09;25%;-;0,9;63,33%;9,16;0,81;0,9;-;5,22;2,33;2,9;4,46;0,81;2,42;2,37;0,9;38%;0,76;0,33;0,81;0,43;52,94%;0,15;1,83;0,45;20%;0,09;0,47;48,48%;11;71,43%;39,87;28,48;-;-;1,14;1,09;0,05;23,16;28,58;81,06%;10%;0,09;0,95;70,83%;1,14;0,81;74,19%;2,18;2,94;1,09;-;1,42
5;Омар Маскарелл;Мальорка;33;181;76;Испания, Экваториальная Гвинея;176;2438;ЗП ЛЦ;6,5;55,11%;1,88;66,67%;0,48;0,07;0,07;0,11;66,67%;0,15;0,48;0,26;0,11;42,86%;0,44;0,18;-;0,37;0,07;50%;0,01;0,04;0,18;38,46%;1,4;0,26;0,07;0,07;0,04;50%;0,07;0,04;50%;0,04;0,22;50%;1,4;0,22;1,44;-;2,99;2,33;0,66;2,92;0,15;1,26;2,51;1,11;44,12%;0,22;0,04;1,59;0,92;58,14%;0,04;0,16;-0,33;40%;0,07;0,18;60%;9;83,59%;52,86;44,19;-;-;1,22;1,18;0,04;34,48;40,09;86%;0%;-;0,18;38,78%;1,81;0,7;63,28%;2,99;4,73;0,81;-;4,61
29;Омар Фалах Руиз;Реал Овьедо;-;-;-;Испания;-;20;З Л;9;50%;4,5;0%;-;-;-;-;-;-;-;-;-;-;-;-;-;4,5;4,5;0%;-;-;-;-;-;-;-;-;-;-;-;-;-;-;-;-;4,5;-;-;-;4,5;-;4,5;4,5;4,5;-;-;-;-;-;-;-;-;-;-;-;-0,18;-;-;-;0%;9;85,71%;63;54;-;-;-;-;-;36;40,5;88,89%;-;-;-;100%;4,5;4,5;-;-;-;-;-;-
23;Омар Эль Хиляли;Эспаньол;22;183;-;Марокко;181;3096;З П;6,8;64,53%;1,54;79,25%;0,2;-;0,12;0,03;0%;0,23;0,7;0,03;-;0%;1,72;0,23;0,09;0,29;0,15;60%;0;0,04;0,09;42,86%;1,28;0,23;-;-;-;-;-;-;-;-;0,96;55,93%;2,85;0,12;0,9;-;3,72;3,05;0,67;2,41;0,09;1,22;1,89;0,81;43,08%;0,2;0,09;2,27;1,57;69,23%;0,02;-;-0,39;0%;-;0,03;70%;11;80,31%;57,3;46,02;-;-;1,28;1,28;-;36,16;45;80,36%;12,5%;0,12;0,93;32,05%;2,27;0,73;59,49%;3,37;5,67;0,9;-;3,55
14;Орельен Тчуамени;Реал Мадрид;26;187;81;Франция, Камерун;214;2838;ЗП ЛЦ;7,01;67,87%;2,38;73,33%;1,84;0,03;-;0,6;5,26%;0,16;0,86;1,43;0,25;17,78%;1,08;0,32;-;0,32;0,16;20%;0,11;0,07;0,82;44,83%;1,05;0,29;0,03;0,73;0,22;30,43%;0,44;0,13;28,57%;-;0,51;47,06%;8,02;0,48;2,22;-;2,79;1,9;0,89;2,25;0,22;1,74;3,01;2,32;76,84%;0,1;0,03;1,14;0,63;55,56%;0,08;3,58;0,61;4,55%;0,03;0,7;30%;9;88,26%;73,76;65,11;-;-;3,39;3,36;0,03;55,91;61,14;91,44%;0%;-;0,13;59,09%;1,4;0,82;82,27%;5,74;6,98;0,63;-;5,33
20;Ориоль Реу Эренас;Леванте;28;180;-;Испания;169;1465;ЗП ЛЦ;5,04;53,66%;1,41;69,57%;0,31;-;0,06;0,06;0%;0,06;0,86;0,49;0,06;12,5%;1,04;0,25;-;0,12;0,06;100%;0,03;0,02;0,06;20%;1,41;0,37;-;0,18;-;0%;-;-;-;-;0,37;35,29%;3,69;0,06;1,41;-;2,27;1,72;0,55;2,33;0,06;0,98;1,54;0,8;52%;0,06;0,06;1,84;0,8;43,33%;0,06;-;-0,32;20%;0,06;0,31;50%;7;83,76%;45,4;38,03;-;-;1,47;1,47;-;31,15;35,75;87,11%;50%;0,06;0,12;61,54%;0,8;0,49;66,07%;2,27;3,44;0,49;-;3,38
9;Орри Стейнн Оскарссон;Реал Сосьедад;21;186;-;Исландия;165;935;Ф Ц;5,97;46,77%;4,33;48,89%;3,85;0,87;-;1,73;50%;0,48;0,67;2,7;1,83;67,86%;0,58;0,1;1,35;0,39;0,1;100%;0,46;0,04;2,02;52,5%;1,44;1,06;0,87;2,31;1,54;66,67%;0,48;0,39;80%;0,19;0,19;33,33%;6,83;2,12;0,39;-;6,35;2,31;4,04;3,18;0,1;2,12;3,66;1,73;47,37%;0,29;0,1;0,58;0,19;33,33%;0,17;0,53;0,18;75%;0,29;0,39;75%;8;61,06%;21,75;13,28;-;-;0,19;0,1;0,1;7,7;12,13;63,49%;25%;0,1;0,39;100%;0,19;0,19;54,55%;0,58;1,06;1,44;-;0,67
8;Оскар Гуидо Трехо;Райо Вальекано;38;180;79;Аргентина, Италия;171;168;АП Ц;11,79;45,45%;4,82;55,56%;2,14;-;0,54;0,54;0%;1,07;2,68;0,54;0,54;100%;5,36;2,14;-;1,07;-;-;0,08;0,27;1,61;75%;1,61;1,07;-;0,54;0,54;100%;-;-;-;-;2,68;50%;16,07;1,07;2,14;-;8,57;4,82;3,75;6,43;0,54;2,68;1,61;0,54;33,33%;0,54;-;4,29;2,14;50%;0,15;-;0,76;-;-;-;50%;14;80,58%;74,46;60;-;-;3,75;3,21;0,54;52,5;60,54;86,73%;25%;0,54;2,14;33,33%;1,61;0,54;57,14%;4,29;7,5;1,07;-;3,75
23;Оскар Мартин Луенго;Райо Вальекано;31;177;72;Испания;185;2294;ЗП ЛЦ;10;54,9%;2,79;59,15%;0,75;0,04;-;0,16;25%;0,04;0,86;0,51;0,16;30,77%;0,35;0,16;-;0,47;0,04;0%;0,06;0,14;0,43;57,89%;1,22;0,2;0,04;0,27;0,08;28,57%;0,12;0,04;33,33%;-;0,12;33,33%;3,3;0,16;1,41;0,04;2,43;1,61;0,82;4,51;0,27;1,65;2,67;1,02;38,24%;0,2;-;3,26;1,92;59,04%;0,11;1,49;-0,04;33,33%;0,08;0,24;41,67%;9;82,53%;51,2;42,25;-;-;1,37;1,37;-;31,03;35,07;88,48%;0%;-;0,08;53,33%;0,59;0,31;80,23%;2,71;3,37;0,75;-;4,86
3;Оскар Мингуэца Мингуэца Гарсиа;Сельта;27;184;75;Испания;192;2153;ЗП П;8,15;50,26%;2,93;45,71%;0,79;0,04;0,21;0,21;40%;0,92;1,21;0,59;0,21;35,71%;4,56;0,71;0,04;1,3;0,63;53,33%;0,03;0,25;0,38;47,37%;0,63;0,59;0,08;0,17;0,08;50%;-;-;-;-;2,09;45,87%;14,42;0,29;0,63;-;6,44;4,89;1,55;4,05;0,67;1,34;0,92;0,59;63,64%;0,63;0,33;2,97;1,55;52,11%;0,05;0,77;-0,16;30%;0,13;0,42;48,39%;14;80,8%;72,28;58,4;-;-;2,47;2,47;-;50,46;59,9;84,23%;9,68%;0,13;1,3;45%;2,51;1,13;61,54%;4,35;7,06;1,84;-;3,34
8;Пабло Барриос;Атлетико Мадрид;23;157;46;Испания;201;1808;ЗП ПЦ;9,76;52,04%;5,82;56,41%;1,44;0,05;0,05;0,5;30%;0,6;1,14;1,14;0,35;30,43%;2,19;0,45;-;2,89;0,8;31,25%;0,06;0,15;0,5;34,48%;0,6;0,5;0,15;0,3;0,2;66,67%;-;-;-;-;1,49;68,18%;11,65;0,55;1,54;-;5,23;3,24;1,99;4,68;1,24;3,29;1,69;0,95;55,88%;1,64;0,25;1,39;0,75;53,57%;0,06;1,27;0,27;17,65%;0,15;0,85;56,9%;12;82,82%;67,5;55,9;-;-;3,09;2,79;0,3;47,49;53,61;88,58%;21,05%;0,2;0,95;54,05%;1,84;1;75,93%;4,08;5,38;1,59;-;3,93
52;Пабло Гарсиа Фернандез;Реал Бетис;20;-;-;Испания;170;447;АП П;12,68;31,75%;7,65;34,21%;4,03;-;-;0,81;0%;0,2;1,81;2,62;0,81;30,77%;1,21;0,4;0,6;4,03;1,81;22,22%;0,28;0,03;1,41;35%;1,01;-;-;1,81;0,6;33,33%;-;-;-;-;0,81;66,67%;9,26;1,61;1,41;-;7,45;1,61;5,84;8,66;3,02;2,62;0,4;-;0%;1,01;0,4;1,81;0,6;33,33%;0,11;-;0,72;25%;0,2;0,81;25%;14;62,23%;37,85;23,56;-;-;0,4;0,4;-;16,31;20,13;81%;0%;-;0,4;50%;0,4;0,2;80%;0,81;1,01;1,01;-;2,82
19;Пабло Ибанез Лумбрерас;Депортиво Алавес;27;179;-;Испания;178;2399;ЗП ПЦ;12,61;47,02%;7,13;44,74%;1,91;0,04;0,04;0,45;8,33%;0,19;2,51;1,76;0,49;27,66%;0,75;0,23;0,11;2,85;1,09;44,83%;0,2;0,12;0,79;41,18%;1,46;0,23;0,04;0,83;0,3;36,36%;0,26;0,04;14,29%;-;0,34;45%;7,39;0,53;0,98;-;5,33;2,59;2,74;6,68;1,69;3,19;1,99;0,98;49,06%;1,16;0,49;2,33;1,24;53,23%;0,11;5,36;0,14;20%;0,19;0,94;40,79%;14;75,35%;56,46;42,54;-;-;1,35;1,24;0,11;32,98;38,94;84,68%;16,67%;0,11;0,68;52,38%;0,79;0,41;66,35%;2,59;3,9;1,31;-;3,38
28;Пабло Марин;Реал Сосьедад;22;172;-;Испания;169;1692;ЗП ЛЦ;8,83;42,17%;5,43;39,22%;1,38;-;0,11;0,32;16,67%;0,48;1,33;0,69;0,27;38,46%;0,69;0,32;0,27;2,34;1,28;16,67%;0,07;0,11;0,53;38,46%;1,22;0,32;0,05;0,37;0,16;42,86%;-;-;-;-;0,32;46,15%;5,27;0,32;0,69;-;4,73;1,86;2,87;5,11;1,44;2,13;1,6;0,37;23,33%;0,9;0,21;1,38;0,8;57,69%;0,1;-;-0,34;33,33%;0,11;0,32;38,64%;10;69,32%;32,07;22,23;-;-;0,48;0,48;-;16,44;20,74;79,23%;23,08%;0,16;0,69;33,33%;0,32;0,11;67,65%;1,22;1,81;1,12;-;1,76
10;Пабло Мартинез Андрес;Леванте;28;182;74;Испания;167;2013;ЗП ЛЦ;5,77;41,86%;3,35;46,67%;1,12;0,04;0,22;0,36;12,5%;0,85;0,54;1,25;0,18;14,29%;3,93;0,72;0,18;1,48;0,76;52,94%;0,08;0,26;0,54;48%;1,43;0,45;0,04;0,27;0,09;33,33%;-;-;-;-;1,3;32,95%;5,81;0,54;1,21;-;5,1;3,22;1,88;3,35;0,85;1,56;0,94;0,58;61,9%;0,63;0,4;0,98;0,4;40,91%;0,07;1,83;-0,06;9,09%;0,09;0,98;42,42%;13;70,94%;44,31;31,43;-;-;1,25;1,21;0,04;25,53;33,98;75,13%;33,33%;0,36;1,07;40,35%;2,55;1,03;50%;2,15;4,29;0,94;-;2,77
23;Пабло Маффео;Мальорка;28;172;70;Испания;184;2859;З П;8,85;59,07%;3,53;61,61%;0,47;0,03;0,13;0,09;33,33%;0,09;0,72;0,22;0,03;14,29%;1,76;0,16;-;1,73;0,63;60%;0,01;0,07;0,16;33,33%;0,82;0,25;0,03;0,13;-;0%;0,03;-;0%;-;0,91;51,79%;5,16;0,13;0,91;-;5,23;3,65;1,57;3,62;0,66;2,17;1,86;1,01;54,24%;1,07;0,38;2,08;1,45;69,7%;0,04;0,25;-0,41;33,33%;0,03;0,09;61,82%;12;76,48%;52,6;40,23;-;-;0,82;0,76;0,06;29,02;37,56;77,28%;27,27%;0,47;1,73;33,93%;1,76;0,6;54,17%;2,46;4,53;1,26;-;3,97
27;Пабло Менендес Агудин;Реал Овьедо;18;-;-;Испания;149;115;АП Л;8,61;36,36%;3,91;20%;1,57;-;-;0,78;0%;-;0,78;1,57;-;0%;1,57;-;-;0,78;-;-;0,04;0,02;-;0%;3,13;-;-;0,78;-;0%;-;-;-;-;-;0%;5,48;-;0,78;-;11,74;5,48;6,26;5,48;0;0,78;2,35;1,57;66,67%;0,78;-;2,35;0,78;33,33%;0,02;-;-0,97;0%;-;0,78;100%;15;48,65%;28,96;14,09;-;-;-;-;-;8,61;16,43;52,38%;0%;-;0,78;0%;1,57;-;0%;-;1,57;3,91;-;2,35
20;Пабло Торре;Мальорка;23;173;63;Испания;181;1750;АП Ц;8,69;39,64%;4,78;36,56%;0,98;0,21;0,21;0,41;50%;1,18;1,9;1,29;0,62;48%;4,68;0,72;0,05;2,26;0,72;50%;0,1;0,24;0,62;63,16%;1,49;0,67;0,21;0,36;0,21;57,14%;0,05;0,05;100%;-;1,8;38,46%;9,36;0,36;0,82;-;6,02;3,03;2,98;5,25;1,44;1,75;1,7;0,41;24,24%;0,82;0,36;1,65;0,67;40,62%;0,08;0,48;-0,29;44,44%;0,41;0,93;36,36%;15;74,51%;57,29;42,69;-;-;2,37;2,31;0,05;36,36;45,05;80,71%;8,7%;0,1;1,18;56%;1,29;0,72;73,6%;4,73;6,43;1,39;-;2,37
8;Пабло Форнальс Малья;Реал Бетис;30;178;67;Испания;201;3050;АП Ц;7,44;44,44%;3,75;46,46%;1,62;0,27;0,21;0,53;55,56%;1,33;0,8;1,3;0,53;40,91%;3,95;1;0,38;1,39;0,71;37,5%;0,1;0,28;0,59;36,36%;0,94;0,89;0,3;0,53;0,3;55,56%;0,03;0,03;100%;0,03;1,68;42,54%;11,95;0,74;1,48;-;6,79;4,07;2,71;4,13;0,65;1,74;1,59;0,44;27,78%;0,74;0,27;1,65;0,56;33,93%;0,08;0,39;0,25;30,77%;0,24;0,77;53,19%;14;79,58%;67,34;53,59;-;-;2,6;2,57;0,03;47,39;56,24;84,26%;17,86%;0,3;1,65;61,11%;2,12;1,3;71,23%;4,46;6,26;1,09;-;3,1
18;Пап Гуйе;Вильярреал;27;189;79;Сенегал, Франция;195;2297;ЗП ЛЦ;7,29;60,22%;3,06;55,13%;1,29;0,2;0,08;0,78;25%;0,39;2,12;1,88;0,55;29,17%;1,88;0,31;0,08;1,29;0,47;33,33%;0,19;0,14;0,55;42,42%;1,37;0,82;0,2;0,71;0,24;33,33%;0,12;0,04;33,33%;-;1,1;58,33%;7,68;0,55;1,18;-;5,29;3,8;1,49;2,9;0,71;1,68;1,68;0,98;58,14%;0,59;0,16;1,37;1,06;77,14%;0,1;0,95;0,49;26,67%;0,31;1,18;45,45%;12;78,12%;56,42;44,08;-;-;1,88;1,88;-;34,36;42,47;80,9%;20%;0,12;0,59;50%;3,21;1,61;60,14%;3,49;5,8;1,21;-;3,45
6;Пате Сисс;Райо Вальекано;32;183;71;Сенегал;184;2212;ЗП ПЦ;7,61;67,91%;2,48;68,85%;1,14;0,08;0,04;0,45;18,18%;0,12;0,53;0,81;0,37;45%;0,45;0,12;0,08;0,57;0,04;0%;0,16;0,05;0,53;46,43%;1,26;0,24;0,08;0,61;0,33;53,33%;0,37;0,08;22,22%;0,04;0,08;18,18%;1,63;0,16;2,2;-;3,05;2,4;0,65;2,44;0,16;1,71;2,56;1,38;53,97%;0,41;-;1,87;1,38;73,91%;0,19;1,94;0,24;20%;0,04;0,2;71,43%;8;87,14%;63,27;55,13;0,04;-;2,03;1,99;0,04;43,54;48,78;89,24%;-;-;-;61,19%;2,73;1,67;72,19%;4,43;6,14;0,81;0,04;7,57
33;Пау Кабаньес Де Ла Торре;Вильярреал;-;-;-;Испания;-;15;Ф ПЦ;6;0%;6;0%;-;-;-;-;-;-;-;-;-;-;-;-;-;-;-;-;-;-;-;-;-;-;-;-;-;-;-;-;-;-;-;-;12;-;6;-;6;6;-;6;-;-;6;-;0%;-;-;-;-;-;-;-;-0,42;-;-;-;-;12;66,67%;36;24;-;-;-;-;-;24;30;80%;-;-;-;-;-;-;-;-;-;-;-;12
5;Пау Кубарси;Барселона;19;184;75;Испания;201;2959;З ПЦ;5,54;64,29%;1,31;69,77%;0,55;0,03;-;0,09;33,33%;0,03;0,27;0,3;0,09;30%;0,46;0,06;-;0,06;0,03;100%;0,03;0,02;0,21;38,89%;0,76;0,33;0,03;0,21;0,09;42,86%;0,15;0,03;20%;0,03;0,12;26,67%;1,4;0,06;1,31;-;1,61;1,28;0,33;1,98;0,03;0,91;3,19;2,04;63,81%;0,03;0,03;0,91;0,52;56,67%;0,11;1,14;0,77;0%;-;0,09;50%;7;93,23%;96,2;89,7;-;-;3,07;3,07;-;80,11;84,43;94,88%;-;-;-;55,81%;1,31;0,73;82,42%;4,56;5,54;0,7;-;5,96
6;Пау Наварро Баденес;Вильярреал;21;-;-;Испания;186;2090;З ПЦ;9,65;58,48%;1,72;65%;0,04;-;-;0,09;0%;0,09;0,47;0,13;0,13;100%;0,26;-;0,04;0,52;-;-;0,01;0;-;0%;1,51;0,22;-;-;-;-;-;-;-;-;-;0%;0,86;-;0,78;-;2,58;2,07;0,52;4;0,22;1,12;2,37;1,21;50,91%;0,3;-;3,66;2,28;62,35%;0,06;-;0,42;100%;0,13;0,13;58,33%;9;85,27%;61,67;52,58;-;-;1,12;1,12;-;39,49;44,53;88,68%;100%;0,04;0,04;45%;1,72;0,78;60%;1,81;3,01;0,99;-;5,25
5;Пачеко;Депортиво Алавес;25;184;77;Испания;171;1898;З ЛЦ;7,35;60,65%;1,75;64,86%;0,66;-;-;0,14;0%;-;0,33;0,19;0,05;25%;1,23;0,05;0,05;0,28;-;-;0,03;0,01;0,19;28,57%;0,66;0,05;-;0,19;0,05;25%;0,14;0,05;33,33%;-;0,33;26,92%;0,76;0,09;1,47;-;3,13;2,56;0,57;2,89;0,14;1,14;3,22;1,99;61,76%;0,14;-;1,9;1,38;72,5%;0,17;-;0,01;-;-;-;50%;9;84,58%;59,37;50,22;-;-;1,28;1,28;-;38,84;44,95;86,39%;0%;-;0,05;38,57%;3,32;1,28;51,69%;2,89;5,6;0,81;-;5,6
8;Педри;Барселона;23;174;60;Испания;213;2309;ЗП ЛЦ;8,58;53,18%;4,29;55,45%;0,97;0,08;0,35;0,39;20%;1,05;1,68;0,82;0,39;47,62%;3,86;1,33;0,04;2,38;0,78;70%;0,08;0,25;0,55;56%;0,35;0,86;0,08;0,39;0,19;50%;0,04;-;0%;-;2,3;59,6%;16,92;0,55;1,72;-;4,37;2,65;1,72;4,01;0,94;2,38;0,55;0,39;71,43%;1,44;0,55;1,87;0,66;35,42%;0,1;1,04;0,85;45,45%;0,19;0,43;60,66%;11;88,15%;93,78;82,67;-;-;5,42;5,38;0,04;74,1;80,76;91,75%;31,25%;0,19;0,62;68,52%;2,1;1,44;80,37%;6,7;8,34;0,78;-;4,13
6;Педро Бигас;Эльче;36;181;83;Испания;182;2242;З ЛЦ;6,78;61,54%;1,69;69,05%;0,88;0,04;0,08;0,32;12,5%;0,36;0,76;0,4;0,12;30%;1,49;0,32;-;0,32;0,12;66,67%;0,05;0,05;0,44;50%;1,04;0,48;0,04;0,24;0,04;16,67%;0,2;0,04;20%;-;0,6;40,54%;4,3;0,08;1,36;-;4,38;3,53;0,84;2,61;0,16;1,16;2,97;2,09;70,27%;0,16;0,08;1,61;0,92;57,5%;0,11;1,15;0,05;50%;0,08;0,16;50%;11;85,77%;78,16;67,04;-;-;2,89;2,89;-;55,88;64,11;87,16%;28,57%;0,08;0,28;41,35%;4,17;1,73;69,09%;6,1;8,83;1,08;-;4,54
4;Педро Диаз Фаньул;Райо Вальекано;28;180;75;Испания;175;2058;АП Ц;7,87;45,56%;3,63;49,4%;1,22;-;0,09;0,39;0%;0,35;0,57;1,92;0,26;13,64%;1,44;0,57;-;1,4;0,66;33,33%;0,08;0,12;0,52;42,86%;0,92;0,13;-;0,44;0,09;20%;-;-;-;-;0,35;24,24%;8,09;0,44;1,79;0,04;4,33;2,67;1,66;4,29;0,79;1,79;1,14;0,57;50%;0,61;0,22;2,14;0,79;36,73%;0,04;-;-0,06;11,76%;0,17;1,49;43,75%;12;74,47%;47,1;35,07;-;-;1,49;1,27;0,22;28,82;34,85;82,69%;23,53%;0,17;0,74;25%;0,87;0,22;61,36%;2,36;3,85;0,74;0,13;3,28
27;Педро Фернандез;Барселона;18;-;-;Испания;189;106;АП Л;11,04;61,54%;9,34;63,64%;3,4;-;-;0,85;0%;0,85;0,85;-;-;-;0,85;1,7;0,85;3,4;1,7;50%;-;0,14;1,7;50%;0,85;0,85;-;-;-;-;-;-;-;-;-;0%;12,74;-;0,85;-;5,09;0,85;4,25;4,25;1,7;5,94;2,55;1,7;66,67%;1,7;0,85;1,7;0,85;50%;-;-;1,14;-;-;-;50%;10;80,65%;52,64;42,45;-;-;0,85;0,85;-;34,81;40,75;85,42%;-;-;-;-;-;-;100%;1,7;1,7;1,7;-;0,85
27;Пелайо Фернандес;Райо Вальекано;23;-;-;Испания;-;52;З ЛЦ;19,04;63,64%;1,73;0%;3,46;-;-;1,73;0%;1,73;-;1,73;-;0%;-;-;-;-;-;-;0,14;-;-;0%;1,73;-;-;1,73;-;0%;1,73;-;0%;-;-;-;1,73;1,73;1,73;1,73;3,46;1,73;1,73;6,92;-;-;15,58;12,12;77,78%;-;-;1,73;-;0%;0,08;-;-0,47;-;-;-;-;21;80,65%;107,31;86,54;3,46;1,73;5,19;5,19;-;55,38;65,77;84,21%;-;-;-;100%;1,73;1,73;100%;5,19;5,19;1,73;1,73;12,12
11;Пере Милла;Эспаньол;33;180;72;Испания;174;2087;П Л;9,36;43,78%;4,27;46,46%;3,23;0,3;0,04;0,86;35%;0,73;1,64;2,54;0,91;35,59%;2,16;0,78;0,43;1,12;0,39;22,22%;0,34;0,2;1,85;57,33%;1,08;0,43;0,3;1,6;0,78;48,65%;0,69;0,22;31,25%;0,13;1,03;48%;6,64;1,55;1,34;-;6,21;3,41;2,8;5,26;0,65;1,98;2,37;0,86;36,36%;0,47;0,09;2,5;0,91;36,21%;0,13;1,11;0,16;13,64%;0,13;0,95;42,31%;14;63,7%;39,2;24,97;-;-;0,99;0,95;0,04;16,95;24,28;69,8%;7,69%;0,04;0,56;33,33%;0,52;0,17;53,23%;1,42;2,67;1,16;-;2,72
10;Пол Лосано Визуте;Эспаньол;26;176;62;Испания;175;2315;ЗП ПЦ;6,38;45,73%;1,9;51,02%;0,23;0,08;0,04;0,19;40%;0,35;1,17;0,66;0,23;35,29%;1,67;0,23;-;0,47;0,08;50%;0,04;0,1;0,12;50%;2,49;0,35;0,08;0,12;0,08;66,67%;-;-;-;-;0,7;41,86%;4,55;0,12;1,36;-;2,92;1,98;0,93;3,46;0,35;0,97;1,24;0,47;37,5%;0,12;0,04;2,33;1,13;48,33%;0,06;0,51;-0,11;28,57%;0,16;0,54;25%;9;80,81%;47,82;38,64;-;-;1,52;1,52;-;32,54;37,83;86,02%;23,08%;0,12;0,51;46,15%;1,01;0,47;65,91%;3,38;5,13;0,62;-;3,15
8;Порту;Жирона;34;167;66;Испания;161;519;АП Ц;6,76;20,51%;4,51;19,23%;3,64;-;-;1,04;0%;0,87;0,69;1,56;1,04;66,67%;2,08;0,35;0,52;0,69;0,52;0%;0,23;0,29;1,91;52,38%;1,04;0,17;-;1,56;1,04;66,67%;-;-;-;-;0,35;16,67%;6,94;1,56;0,35;-;4,86;1,73;3,12;5,38;0,69;0,87;2,43;0,52;21,43%;-;-;0,52;0,17;33,33%;0,15;-;-1,06;-;-;-;0%;11;57,05%;25,84;14,74;-;-;0,17;0,17;-;10,92;16,13;67,74%;0%;-;0,69;66,67%;0,52;0,35;50%;0,35;0,69;0,87;-;1,39
22;Рамон Мартинез Гил;Севилья;23;-;-;Испания;-;120;З Ц;3;25%;0,75;0%;-;-;-;-;-;-;0,75;-;-;-;-;-;-;-;-;-;-;-;-;-;0,75;-;-;-;-;-;-;-;-;-;-;-;0,75;0,75;0,75;-;3;2,25;0,75;2,25;-;-;1,5;0,75;50%;-;-;0,75;-;0%;-;-;0,22;-;-;-;-;8;85,92%;53,25;45,75;-;-;0,75;0,75;-;42;47,25;88,89%;-;-;-;25%;3;0,75;100%;1,5;1,5;1,5;-;1,5
14;Рамон Терратс Эспасио;Эспаньол;25;181;-;Испания;162;1171;АП Ц;11,37;33,78%;5,69;37,84%;1,77;0,08;0,15;0,54;14,29%;0,69;1,84;1,15;0,23;20%;3;0,69;0,08;2,38;1,08;7,14%;0,08;0,23;0,61;34,78%;1,15;0,38;0,08;0,54;0,15;28,57%;0,08;-;0%;-;1,38;46,15%;5,92;0,92;1,54;-;6,15;3;3,15;7,53;1,69;2,15;2,38;0,69;29,03%;0,69;0,08;1,54;0,77;50%;0,07;1,1;-0,4;12,5%;0,08;0,61;29,03%;14;62,81%;37,2;23,36;-;-;0,92;0,77;0,15;15,76;21,14;74,55%;0%;-;0,85;50%;1,23;0,61;64,1%;1,92;3;0,61;-;2,92
17;Рауль Асенсио Дел Росарио;Реал Мадрид;23;184;79;Испания;198;1830;З ПЦ;3,89;63,29%;1,13;65,22%;1,18;0,1;-;0,44;22,22%;0,15;1,13;0,69;0,2;28,57%;0,54;0,1;-;0,1;-;-;0,08;0,02;0,54;45,83%;0,84;0,3;0,1;0,54;0,2;36,36%;0,49;0,2;40%;0,1;0,3;54,55%;2,36;0,15;0,74;-;1,82;1,38;0,44;1,43;0,05;0,74;1,77;1,03;58,33%;0,05;-;0,98;0,64;65%;0,12;0,81;0,58;0%;-;0,15;50%;6;91,95%;68,41;62,9;-;-;1,67;1,67;-;55,48;59,07;93,92%;0%;-;0,05;41,38%;1,43;0,59;79,31%;3,39;4,28;0,79;-;4,03
9;Рауль Гарсиа Де Харо;Осасуна;25;192;70;Испания;160;1237;Ф Ц;12,08;50,6%;9,39;50,39%;6,62;0,51;-;1,75;29,17%;0,29;1,09;2,84;1,67;58,97%;0,44;0,36;0,51;2,26;1,75;45,83%;0,45;0,04;3,64;54,95%;0,87;0,51;0,51;2,47;1,53;61,76%;0,87;0,44;50%;0,07;0,22;50%;6,98;1,75;0,65;-;5,89;1,75;4,15;5,97;1,16;4,73;5,53;2,91;52,63%;1,09;0,8;0,8;0,58;72,73%;0,16;0,88;0,38;40%;0,15;0,36;48,39%;13;62,45%;33,9;21,17;-;-;0,36;0,22;0,15;11,64;17,24;67,51%;33,33%;0,22;0,65;75%;0,29;0,22;33,33%;0,36;1,09;0,65;-;1,31
18;Рауль Моро Прессоли;Осасуна;23;172;65;Испания;167;696;АП Л;6,98;42,59%;5,04;43,59%;1,94;-;0,26;0,13;0%;0,91;0,78;0,78;-;0%;1,68;0,91;0,65;3,23;2,07;50%;0,04;0,19;0,91;46,67%;0,13;0,52;-;0,52;-;0%;-;-;-;-;1,03;61,54%;8,15;0,26;1,29;-;7,76;2,72;5,04;4,01;1,68;2,2;0,78;0,13;16,67%;1,55;1,03;0,39;0,26;66,67%;0,05;-;-0,06;0%;-;0,26;48%;10;67,5%;31,03;20,95;-;-;0,65;0,52;0,13;16,55;21,85;75,74%;10%;0,39;3,88;25%;0,52;0,13;76,92%;1,29;1,68;1,55;-;1,94
4;Рафа Марин Замора;Вильярреал;24;191;-;Испания;189;2145;З ПЦ;6,34;62,91%;1,89;66,67%;1,72;0,04;-;0,08;50%;0,17;0,38;0,21;0,04;20%;0,34;0,08;0,13;0,08;-;-;0,02;0,03;0,67;39,02%;0,67;0,13;0,04;0,17;0,04;25%;0,13;0,04;33,33%;0,04;0,13;37,5%;0,88;0,38;0,97;-;3,02;2,35;0,67;2,35;0;1,26;3,06;1,68;54,79%;0,08;-;1,64;1,22;74,36%;0,11;0,54;0,15;0%;-;0,04;100%;7;88,4%;60,04;53,08;-;-;1,51;1,51;-;41,24;45,65;90,35%;0%;-;0,04;56,45%;2,6;1,47;68,35%;2,27;3,31;1,01;-;4,36
10;Рафаэль Мир Висенте;Эльче;29;191;86;Испания;171;1935;Ф ЛЦ;7,07;30,26%;4,47;30,21%;4,05;0,37;-;1,02;40,91%;0,47;0,74;3,21;1,67;52,17%;0,65;0,19;0,33;0,93;0,47;20%;0,39;0,11;1,86;45,98%;1,91;0,6;0,42;2,37;1,26;52,94%;0,42;0,19;44,44%;-;0,47;71,43%;8,93;1,21;0,23;-;4,79;2,09;2,7;4,93;0,7;1,35;2,74;0,93;33,9%;0,23;0,09;0,79;0,42;52,94%;0,12;1,05;0,03;50%;0,42;0,84;25%;11;66,62%;31,63;21,07;-;-;0,51;0,42;0,09;15,77;19,86;79,39%;6,67%;0,05;0,7;63,64%;0,51;0,33;61,9%;0,6;0,98;0,79;-;0,88
11;Рафинья;Барселона;29;176;66;Бразилия, Италия;211;1473;АП Л;7,33;44,17%;5,13;48,81%;5,74;0,79;0,18;1,71;46,43%;1,71;0,61;3,97;1,53;38,46%;4,52;1,47;0,24;2,69;2,2;50%;0,56;0,29;2,81;48,94%;0,61;1,47;0,79;2,32;1,1;47,37%;0,24;0,12;50%;0,06;1,83;40,54%;17,96;1,59;1,04;-;6,78;4,22;2,57;4,09;1,41;2,51;0,43;0,18;42,86%;1,28;1,1;1,28;0,43;33,33%;0,14;0,71;1,11;25,93%;0,43;1,65;47,73%;16;72,21%;55,85;40,33;-;-;1,16;1,04;0,12;33,54;42,53;78,88%;18,42%;0,43;2,32;50%;1,96;0,98;52,83%;1,71;3,24;0,55;-;1,53
29;Раяне Белаид Хелиль;Атлетико Мадрид;20;-;-;Испания, Франция;-;140;Ф Ц;16,71;26,92%;9;35,71%;6,43;-;-;0,64;0%;0,64;0,64;3,21;-;0%;0,64;-;0,64;4,5;1,93;66,67%;0,45;0,16;1,93;30%;0,64;-;-;3,21;-;0%;0,64;-;0%;-;0,64;100%;6,43;1,29;-;-;8,36;1,93;6,43;12,21;3,21;3,21;3,21;0,64;20%;1,29;1,29;2,57;-;0%;0,14;-;0,06;-;-;-;28,57%;17;57,14%;40,5;23,14;-;-;1,29;1,29;-;17,36;19,29;90%;0%;-;0,64;-;-;-;100%;1,29;1,29;3,86;-;-
12;Ренату Вейга;Вильярреал;22;190;83;Португалия;179;2714;З ЛЦ;4,31;57,69%;1,13;61,76%;0,73;-;-;0,13;0%;-;0,2;0,3;0,1;33,33%;0,6;-;0,1;0,17;0,03;0%;0,02;0;0,4;54,55%;0,8;0,13;-;0,17;0,07;40%;0,13;0,07;50%;-;0,1;16,67%;0,93;0,17;0,8;-;3,52;2,89;0,63;1,82;0,17;0,7;2,49;1,66;66,67%;-;-;0,83;0,43;52%;0,05;-;0,15;25%;0,03;0,13;0%;8;87,44%;63,9;55,88;-;-;1,36;1,36;-;45,73;51,73;88,4%;0%;-;0,03;36,73%;3,25;1,19;60,26%;3,02;5,01;1,36;-;4,44
20;Рензо Саравия;Валенсия;33;178;75;Аргентина;176;371;З П;9,7;45%;2,67;36,36%;0,49;-;-;-;-;-;2,43;0,24;-;0%;1,21;0,24;-;1,21;-;-;0;0;-;0%;0,97;0,49;-;-;-;-;-;-;-;-;0,49;40%;3,64;0,49;2,18;-;5,09;3,64;1,46;5,34;0,73;0,97;2,18;0,73;33,33%;0,49;-;3,15;1,7;53,85%;0,02;-;-0,6;0%;-;0,24;40%;13;78,6%;58,95;46,33;-;-;1,7;1,46;0,24;36,63;43,67;83,89%;0%;-;0,24;25%;0,97;0,24;61,11%;2,67;4,37;1,46;-;6,31
12;Рикардо Родригес;Реал Бетис;33;181;77;Швейцария, Испания;185;1700;З Л;4,82;56,04%;1,01;68,42%;0,11;-;0,05;0,11;0%;0,21;0,26;0,16;-;0%;0,53;0,16;-;0,16;0,05;0%;0,01;0,02;-;0%;0,58;0,26;-;0,05;-;0%;0,05;-;0%;-;0,32;60%;4,87;0,11;0,58;-;4,08;3,39;0,69;2,12;0,11;0,69;1,64;0,9;54,84%;0,05;-;1,43;0,85;59,26%;0,06;-;-0,1;0%;-;0,11;33,33%;9;81,5%;48,65;39,65;-;-;0,9;0,9;-;32,14;38,86;82,7%;37,5%;0,16;0,42;21,74%;1,22;0,26;52,11%;1,96;3,76;1,91;-;3,34
24;Робен Ле Норман;Атлетико Мадрид;29;187;80;Испания, Франция;187;1987;З ПЦ;6,84;64,9%;1,86;65,85%;0,5;0,05;0,05;0,14;33,33%;0,05;0,63;0,27;0,05;16,67%;0,18;-;0,05;0,23;0,05;0%;0,06;0,04;0,14;27,27%;1;0,36;0,05;0,27;0,05;16,67%;0,14;0,05;33,33%;0,05;0,05;25%;0,54;0,14;1,54;-;2,36;1,95;0,41;2,4;0,18;1,22;3,35;2,26;67,57%;0,05;-;1,49;1,13;75,76%;0,21;1,24;0,11;-;-;-;20%;8;87,42%;60,83;53,18;-;-;1,18;1,18;-;42,53;47,56;89,43%;0%;-;0,09;27,59%;1,31;0,36;66,32%;2,85;4,3;1,36;-;5,34
9;Роберт Левандовски;Барселона;37;185;81;Польша;184;1836;Ф Ц;5,69;42,24%;4,17;48,24%;5,1;0,69;0,05;2,01;34,15%;0,54;1,08;3,09;1,42;46,03%;0,54;0,44;0,83;0,93;0,59;66,67%;0,64;0,13;2,5;49,04%;0,64;0,88;0,69;2,79;1,27;45,61%;0,88;0,44;50%;0,2;0,34;63,64%;8,43;2,16;0,44;-;4,66;1,62;3,04;3,28;0,49;2,01;2,4;1,13;46,94%;0,44;0,39;0,49;0,05;10%;0,21;0,93;0,94;50%;0,15;0,29;47,37%;8;69,3%;26,67;18,48;-;-;0,15;0,15;-;13,43;16,67;80,59%;50%;0,05;0,1;42,86%;0,34;0,15;50%;0,49;0,98;0,98;-;0,83
9;Роберто Фернандез;Эспаньол;23;186;75;Испания;156;2593;Ф Ц;9,72;32,86%;7,36;35,38%;4,48;0,24;0,14;1,04;26,67%;0,28;1,63;2,08;0,87;41,67%;0,28;0,35;0,31;0,83;0,59;35,29%;0,38;0,11;1,77;39,53%;1,39;0,42;0,28;1,74;0,73;42%;0,73;0,28;38,1%;0,1;0,03;12,5%;4,93;1,28;0,52;-;5,59;1,94;3,64;6,53;0,52;2,6;6,07;1,87;30,86%;0,31;0,21;0,69;0,21;30%;0,18;1,55;-0,02;40%;0,14;0,35;37,5%;12;56,44%;26,69;15,06;-;-;0,21;0,21;-;9,02;12,91;69,89%;16,67%;0,03;0,21;40%;0,17;0,07;47,37%;0,31;0,66;0,94;-;0,76
7;Роджер Бругое Аигуаде;Леванте;29;173;68;Испания;161;1103;П Л;9,47;37,07%;6,12;45,33%;3,35;0,08;0,08;1,06;7,69%;0,33;0,65;2,28;0,73;32,14%;1,14;0,16;0,49;1,96;1,47;33,33%;0,29;0,12;1,31;39,02%;0,9;0,33;0,08;2,04;0,57;28%;0,49;0,24;50%;0,08;0,82;71,43%;7,75;1,47;0,73;-;4,24;1,14;3,1;5,96;1,22;2,77;3,02;1,22;40,54%;0,73;0,49;0,9;0,08;9,09%;0,13;3,51;-0,3;66,67%;0,16;0,24;37,5%;11;67,84%;34,76;23,58;-;-;0,57;0,49;0,08;16,73;20,4;82%;37,5%;0,24;0,65;50%;0,33;0,16;56,52%;1,06;1,88;0,82;-;1,8
11;Родриго;Реал Мадрид;25;174;64;Бразилия;197;765;АП Л;13,29;39,82%;9,18;39,74%;5,88;0,12;0,35;1,29;9,09%;1,76;2,71;3,18;1,41;44,44%;3,41;0,94;-;5,65;3,88;33,33%;0,35;0,31;2,47;42%;0,71;0,71;0,12;2,59;1,29;50%;0,24;0,12;50%;-;1,65;48,28%;20;1,65;0,82;-;5,29;1,88;3,41;8;3,53;3,65;1,06;-;0%;2,12;1,29;1,65;0,94;57,14%;0,11;2,96;0,85;20%;0,12;0,59;37,5%;15;74,95%;60,12;45,06;-;-;1,06;1,06;-;36,82;42,12;87,43%;11,11%;0,24;2,12;25%;0,47;0,12;76,47%;1,53;2;0,47;-;2,12
30;Родриго Мендоса;Эльче;21;-;-;Испания;172;1331;П ПЦ;9,13;40,74%;5,61;43,37%;1,35;0,07;0,07;0,41;33,33%;0,54;1,56;1,15;0,34;29,41%;2,64;0,34;0,14;2,57;0,74;45,45%;0,09;0,09;0,54;40%;2,03;0,34;0,14;0,34;0,27;80%;-;-;-;-;1,08;41,03%;11,16;0,68;0,68;-;6,49;2,77;3,72;5,41;1,22;2,43;1,96;0,47;24,14%;1,35;0,34;0,88;0,34;38,46%;0,08;1,35;-0,29;8,33%;0,07;0,81;52,63%;13;77,22%;56,39;43,55;-;-;1,28;1,22;0,07;37,87;44,49;85,11%;16,67%;0,14;0,81;72%;1,69;1,22;73,68%;2,84;3,85;1,69;-;2,7
17;Родриго Рикельме Рече;Реал Бетис;26;174;-;Испания;178;940;АП Л;14,27;34,23%;8,23;32,56%;2,97;0,1;0,1;0,96;10%;0,77;1,05;2,39;0,77;32%;1,24;0,67;0,1;4,4;2,3;25%;0,2;0,15;1,05;35,48%;0,86;0,29;0,1;1,24;0,48;38,46%;-;-;-;-;0,77;61,54%;10,72;0,96;1,05;-;6,51;2,3;4,21;9,38;3,35;2,68;1,34;0,38;28,57%;1,05;0,57;2,68;1,15;42,86%;0,08;2,05;-0,19;25%;0,29;1,15;23,91%;16;67,05%;49,69;33,32;-;-;1,15;1,15;-;25,76;31,12;82,77%;23,53%;0,38;1,63;62,5%;0,77;0,48;84,38%;2,59;3,06;1,24;-;2,2
4;Рональд Араухо;Барселона;27;191;89;Уругвай;198;1209;З ПЦ;6,7;71,11%;1,86;72%;2,16;0,22;-;0,45;50%;0,07;0,22;0,89;0,37;41,67%;0,37;-;-;0,07;0,07;0%;0,16;0,01;0,97;44,83%;1,34;0,37;0,22;0,74;0,3;40%;0,37;0,15;40%;0,15;0,15;40%;1,71;0,22;1,34;-;1,94;1,41;0,52;1,94;0,07;1,34;4,39;2,98;67,8%;-;-;0,6;0,52;87,5%;0,18;0,72;1,02;50%;0,07;0,15;0%;8;89,91%;76,75;69,01;-;-;2,08;2,08;-;59,26;64,54;91,81%;0%;-;0,52;36,36%;1,64;0,6;56,25%;2,01;3,57;0,6;-;5,88
33;Роперез;Реал Сосьедад;23;-;-;Испания;-;5;Ф ЛЦ;-;-;-;-;-;-;-;-;-;-;-;-;-;-;-;-;-;-;-;-;-;-;-;-;-;-;-;-;-;-;-;-;-;-;-;-;-;-;-;-;-;-;-;-;-;-;-;-;-;-;-;-;-;-;-;-;-1,62;-;-;-;-;0;100%;36;36;-;-;-;-;-;36;36;100%;-;-;-;-;-;-;100%;18;18;-;-;-
11;Рубен Варгас;Севилья;27;178;68;Швейцария, Доминиканская Республика;185;1698;АП Л;9,12;44,19%;6,2;46,15%;2,6;0,16;0,27;0,85;18,75%;0,9;0,9;2,17;0,53;24,39%;4,4;0,69;0,37;2,86;1,48;53,57%;0,21;0,2;0,9;34,69%;0,69;0,74;0,16;1,27;0,27;20,83%;0,27;-;0%;-;1,7;38,55%;10,55;1,01;1,01;-;7,42;3,82;3,6;5,09;1,75;2,86;1,96;1,11;56,76%;1,11;0,8;0,85;0,32;37,5%;0,1;1,35;-0,04;29,41%;0,27;0,9;38,89%;17;63,03%;47,17;29,73;-;-;0,58;0,48;0,11;23,59;34,29;68,78%;13,89%;0,27;1,91;30,43%;1,22;0,37;56,45%;1,86;3,29;1,7;-;2,12
14;Рубен Гарсиа;Осасуна;32;171;72;Испания;178;2364;АП П;10,01;45,63%;4,72;48,39%;1,71;0,08;0,19;0,3;25%;1,22;1,03;1,18;0,42;35,48%;4,76;0,72;0,04;1,52;0,69;55,56%;0,11;0,21;0,61;35,56%;1,37;0,57;0,08;0,57;0,23;40%;0,08;0,04;50%;-;1,94;40,8%;8,76;0,42;0,76;-;6,28;3,73;2,55;5,44;0,84;2,28;2,59;0,84;32,35%;0,69;0,38;2,47;1,26;50,77%;0,1;1,49;0,06;31,25%;0,19;0,61;45%;15;69,17%;49,15;34;-;-;0,76;0,76;-;26,92;35,86;75,05%;22,81%;0,49;2,17;48,57%;2,66;1,29;46,05%;1,33;2,89;1,14;-;2,59
26;Рубен Иранзо Лендинез;Валенсия;23;182;63;Испания;-;11;З П;16,36;50%;-;-;-;-;-;-;-;-;-;-;-;-;-;-;-;-;-;-;-;-;-;-;8,18;-;-;-;-;-;-;-;-;-;-;-;-;-;-;-;8,18;-;8,18;8,18;-;-;8,18;-;0%;-;-;-;-;-;-;-;-0,41;-;-;-;-;8;83,33%;49,09;40,91;-;-;-;-;-;16,36;16,36;100%;-;-;-;-;-;-;100%;8,18;8,18;8,18;-;8,18
2;Рубен Санчез Саез;Эспаньол;25;185;-;Испания;171;912;З П;10,26;50%;5,03;52,94%;0,79;-;0,1;0,2;0%;0,49;1,18;0,79;0,1;12,5%;3,75;0,39;0,2;2,66;1,09;54,55%;0,02;0,25;0,1;12,5%;1,09;0,2;-;0,2;-;0%;0,1;-;0%;-;1,78;47,37%;3,36;0,3;1,09;-;6,02;3,55;2,47;5,13;1,28;2,66;2,47;1,28;52%;1,38;0,59;1,97;0,89;45%;0,03;-;0,33;16,67%;0,1;0,59;51,85%;17;70,47%;56,15;39,57;-;-;1,28;1,18;0,1;29,8;40,56;73,48%;4,76%;0,1;2,07;33,33%;2,96;0,99;49,3%;3,45;7,01;0,79;-;4,74
19;Руни Барджи;Барселона;20;182;-;Швеция, Сирийская Арабская Республика;191;736;АП П;10,76;47,73%;8,19;49,25%;3,18;0,12;0,12;0,86;14,29%;0,98;0,98;2,69;1,47;54,55%;4,89;0,98;-;5,26;3,42;57,14%;0,17;0,44;1,59;50%;0,86;0,61;0,12;1,59;0,86;53,85%;-;-;-;-;2,2;45%;21,4;1,47;0,49;-;6,6;2,93;3,67;5,62;2,57;4,04;0,37;-;0%;2,69;1,96;0,73;0,61;83,33%;0,06;1,42;0,78;55,56%;0,61;1,1;51,16%;14;76,95%;59,43;45,73;-;-;0,37;0,24;0,12;38,15;45;84,78%;12%;0,37;3,06;85,71%;0,86;0,73;62,5%;0,61;0,98;1,1;-;1,71
11;Рэнди Нтека;Райо Вальекано;28;189;75;ДР Конго, Франция;165;439;Ф Ц;12,71;56,45%;9,64;57,45%;4,92;0,62;-;1,64;37,5%;0,21;1,44;2,67;1,44;53,85%;0,62;0,82;1,03;1,44;0,62;33,33%;0,54;0,04;3,08;62,5%;2,26;0,62;0,62;2,26;1,23;54,55%;1,23;0,21;16,67%;-;-;0%;9,23;2,26;0,82;-;6,36;1,85;4,51;5,54;0,62;5,54;7,38;4,31;58,33%;0,82;0,21;0,82;0,21;25%;0,2;0,88;-0,4;50%;0,21;0,41;57,14%;11;72,04%;38,13;27,47;-;-;0,21;0,21;-;15,17;19,07;79,57%;-;-;-;-;-;-;20%;0,41;2,05;0,62;-;1,64
6;Садик Умар;Валенсия;29;192;79;Нигерия;156;1221;Ф Ц;13,56;36,41%;10,61;40,28%;4,64;0,29;0,15;1,11;26,67%;0,74;1,55;2,14;0,74;34,48%;0,52;0,44;1,11;3,02;2,14;34,48%;0,29;0,15;2,14;46,03%;2,36;0,74;0,29;1,47;0,52;35%;0,74;0,37;50%;0,22;0,22;42,86%;7,08;1,7;0,37;-;7,3;2,29;5,01;8,62;1,92;4,28;5,6;1,84;32,89%;1,11;0,74;0,37;0,07;20%;0,13;0,97;0,02;33,33%;0,22;0,66;36,59%;14;54,25%;31,25;16,95;-;-;0,44;0,29;0,15;9,29;13,56;68,48%;40%;0,15;0,37;-;-;-;33,33%;0,37;1,11;0,81;-;0,59
12;Саму Кошта;Мальорка;25;183;75;Португалия;179;2935;ЗП ПЦ;11,22;51,09%;5,7;51,61%;2,09;0,21;0,03;0,43;50%;0,28;2,09;1,2;0,49;41,03%;0,71;0,15;0,18;1,66;0,64;9,52%;0,14;0,05;0,98;47,06%;2,02;0,49;0,21;0,83;0,43;51,85%;0,34;0,15;45,45%;0,06;0,18;26,09%;6,22;0,61;1,66;-;5,09;3,13;1,96;5,49;1,23;2,94;3,5;2,3;65,79%;0,43;0,06;1,99;0,89;44,62%;0,12;0,65;-0,4;16,67%;0,06;0,37;25,93%;14;75,11%;57,53;43,21;-;-;1,01;0,98;0,03;31,46;39,59;79,47%;15%;0,09;0,61;43,59%;1,2;0,52;55,26%;2,58;4,66;1,26;-;3,53
28;Самуэль Бесерра Гомез;Райо Вальекано;-;-;-;Испания;-;24;П Л;-;-;-;-;3,75;-;-;-;-;-;-;-;-;-;-;-;-;-;-;-;-;-;-;0%;3,75;-;-;-;-;-;-;-;-;-;-;-;18,75;-;-;-;3,75;3,75;-;-;-;-;-;-;-;-;-;-;-;-;-;-;3,41;-;-;-;-;4;91,67%;45;41,25;-;-;-;-;-;41,25;45;91,67%;50%;3,75;7,5;-;-;-;-;-;-;-;-;-
8;Санти Касорла;Реал Овьедо;41;168;65;Испания;162;1051;АП Ц;7,36;44,19%;3,85;55,56%;0,26;-;0,17;0,26;0%;1,63;1,71;0,6;0,09;14,29%;6,51;0,94;-;1,97;0,69;50%;0,04;0,38;0,09;33,33%;0,51;0,17;-;0,26;0,09;33,33%;-;-;-;-;2,23;34,21%;8,48;0,17;0,86;-;5,65;3,77;1,88;4,11;0,86;2,14;0,94;0,51;54,55%;1,11;0,34;1,37;0,43;31,25%;0,06;-;-0,38;0%;-;0,34;56,52%;15;76,04%;61,48;46,76;-;-;2,91;2,83;0,09;41,62;51,72;80,46%;0%;-;1,28;66,67%;3,34;2,23;68,13%;5,31;7,79;1,28;-;1,88
14;Сантьяго Комесанья Вейга;Вильярреал;29;188;75;Испания;184;2599;ЗП ПЦ;7,9;50,88%;3,22;51,61%;2,18;0,1;0,17;0,59;17,65%;0,62;0,97;0,93;0,28;29,63%;1,59;0,55;0,03;0,87;0,21;16,67%;0,16;0,19;0,97;44,44%;1,49;0,45;0,1;0,69;0,28;40%;0,07;-;0%;-;0,62;39,13%;7,2;1;1,42;-;4,64;3,12;1,52;3,88;0,48;1,66;2,39;1,21;50,72%;0,38;0,03;1,77;0,9;50,98%;0,17;1,54;0,47;0%;-;0,24;44%;12;78,77%;55,3;43,56;-;-;2,08;1,97;0,1;34,94;42,14;82,91%;11,11%;0,03;0,31;34,29%;1,21;0,42;66,41%;3,01;4,54;1,32;-;4,85
11;Сантьяго Цоломбатто;Реал Овьедо;29;180;71;Аргентина, Италия;167;2208;ЗП ЛЦ;5,79;57,75%;1,92;53,19%;0,94;-;0,04;0,24;0%;0,69;1,67;0,61;0,12;20%;3,34;0,45;0,04;0,33;0,12;66,67%;0,04;0,18;0,49;52,17%;1,79;0,16;-;0,24;0,08;33,33%;0,08;-;0%;-;1,26;37,8%;4,32;0,41;1,63;-;3,71;2,81;0,9;2,45;0,12;1,02;1,06;0,45;42,31%;0,2;0,08;2,04;1,35;66%;0,06;-;-0,45;11,11%;0,04;0,37;62,5%;10;80,8%;53,72;43,41;-;-;1,35;1,35;-;36,68;44,06;83,26%;21,43%;0,12;0,57;39,58%;1,96;0,77;63,11%;3,14;4,97;0,94;-;3,59
15;Себастьян Бозелли;Хетафе;22;183;72;Уругвай, Италия;167;450;З П;12;61,67%;2,6;92,31%;1,8;-;-;0,4;0%;-;-;0,8;0,2;25%;1,6;-;-;0,4;0,4;100%;0,09;0,01;1;55,56%;1,2;0,2;-;0,6;0,2;33,33%;0,2;-;0%;-;0,6;37,5%;2,4;0,2;1,6;-;6;4,8;1,2;4,6;0;2,4;2,4;1,4;58,33%;0,4;0,4;5,4;2,8;51,85%;0,11;-;-0,41;0%;-;0,2;100%;14;63,78%;39,2;25;-;-;0,6;0,6;-;12;21;57,14%;40%;0,4;1;29,41%;3,4;1;48%;2,4;5;1,2;-;4,2
11;Седрик Бакамбу;Реал Бетис;35;183;76;ДР Конго;165;652;Ф Ц;6,35;34,78%;4,97;33,33%;4,42;0,41;0,14;1,93;21,43%;0,55;1,24;2,9;1,38;47,62%;0,28;0,41;1,38;0,69;0,55;25%;0,5;0,05;2,07;46,88%;1,52;0,55;0,41;2,62;1,38;52,63%;0,69;0,28;40%;0,14;0,28;100%;5,94;1,79;0,69;-;5,66;1,38;4,28;4,14;0,55;1,66;3,73;1,38;37,04%;0,14;0,14;0,28;-;0%;0,17;1,22;0,02;0%;-;0,28;20%;9;62,94%;23,47;14,77;-;-;0,55;0,55;-;9,52;12,56;75,82%;0%;-;0,14;50%;0,28;0,14;36,36%;0,55;1,52;0,83;-;1,24
44;Селтон Суед Санчес Камило;Атлетик Бильбао;19;-;-;Испания;175;228;АП Ц;9,87;44%;6,32;43,75%;2,37;-;0,39;-;-;0,39;1,97;1,58;0,39;25%;3,16;0,79;0,39;2,37;0,39;0%;0,21;0,1;-;0%;1,97;0,79;-;0,79;-;0%;0,39;-;0%;-;1,97;62,5%;6,32;0,39;0,79;-;7,11;3,55;3,55;5,53;1,97;2,76;0,79;0,39;50%;0,39;-;1,97;0,79;40%;0,13;-;0,61;50%;0,39;0,79;16,67%;15;62,63%;39,08;24,47;-;-;0,39;0,39;-;17,76;25,66;69,23%;0%;-;0,39;50%;0,79;0,39;30%;1,18;3,95;2,37;-;0,79
10;Серги Дардер;Мальорка;32;180;71;Испания;179;2909;АП Ц;5,57;47,78%;3,37;55,96%;0,71;0,03;0,15;0,19;16,67%;1,21;0,9;1,11;0,4;36,11%;4,7;0,84;0,06;1,98;0,68;59,09%;0,07;0,27;0,34;47,83%;0,65;0,31;0,03;0,28;0,09;33,33%;0,03;-;0%;-;1,98;42,11%;6,25;0,31;1,02;-;5,2;3,65;1,55;2,91;0,93;1,89;0,46;0,25;53,33%;1,05;0,4;0,87;0,37;42,86%;0,06;2,13;-0,23;37,04%;0,31;0,84;53,12%;12;76,54%;49,19;37,65;-;-;1,67;1,67;-;32,27;40,19;80,29%;9,09%;0,12;1,36;56,99%;2,88;1,64;60,87%;3,47;5,69;0,77;-;2,23
23;Серги Кардона Бермудез;Вильярреал;26;186;-;Испания;187;2155;З Л;7,85;54,26%;2,17;57,69%;1,34;0,04;0,17;0,25;16,67%;0,42;0,96;0,75;0,25;33,33%;2,09;0,25;0,04;0,67;0,13;33,33%;0,08;0,16;0,75;56,25%;1,17;0,42;0,04;0,63;0,25;40%;0,21;-;0%;-;0,67;32%;6,47;0,46;0,84;-;4,43;2,67;1,75;3,59;0,5;1,25;1,59;0,75;47,37%;0,17;0,04;2,88;1,71;59,42%;0,1;1,88;0,11;0%;-;0,13;25%;12;77,86%;53,96;42,01;-;-;0,71;0,71;-;31,24;39,09;79,91%;20,69%;0,5;2,42;52,78%;1,5;0,79;64,06%;1,71;2,67;0,88;-;4,68
17;Серхио Гомез Мартин;Реал Сосьедад;25;171;68;Испания;190;2944;З Л;7,67;57,77%;1,93;68,25%;0,73;-;0,21;0,12;0%;0,67;0,49;0,37;0,03;8,33%;3,97;0,4;0,12;0,76;0,18;33,33%;0,02;0,19;0,31;41,67%;1,38;0,28;-;0,24;0,03;12,5%;0,03;-;0%;-;1,16;29,23%;7,49;0,37;2,08;-;4,98;3,52;1,47;3,24;0,37;1,31;0,98;0,64;65,62%;0,4;0,06;2,66;1,38;51,72%;0,06;-;-0,08;0%;-;0,12;52%;13;80,79%;69,21;55,91;-;-;2,08;2,08;-;47,14;56,86;82,9%;14,49%;0,31;2,11;42,11%;1,74;0,73;70,05%;4,43;6,33;0,92;-;5,17
10;Серхио Камелло;Райо Вальекано;25;177;69;Испания;168;920;Ф Ц;10,37;42,45%;7,73;41,77%;2,93;0,49;0,1;1,37;35,71%;0,68;1,37;2,64;1,37;51,85%;0,78;1,27;0,2;3,42;1,86;52,63%;0,33;0,1;1,66;56,67%;0,88;0,59;0,49;1,86;1,08;57,89%;0,49;0,1;20%;-;0,39;50%;8,41;0,68;0,59;-;5,77;2,05;3,72;5,97;1,76;3,23;1,37;0,29;21,43%;1,66;0,98;0,78;0,29;37,5%;0,12;0,67;-0,12;37,5%;0,29;0,78;48,57%;11;68,61%;35,22;24,16;-;-;0,88;0,78;0,1;17,8;21,62;82,35%;25%;0,1;0,39;66,67%;0,59;0,39;66,67%;1,37;2,05;1,76;-;1,08
5;Серхио Каррейра Виларино;Сельта;25;170;70;Испания;193;2971;ЗП Л;6,12;46,53%;2,94;48,45%;1;0,06;0,03;0,21;28,57%;0,3;1,09;0,48;0,24;50%;1,45;0,36;0,06;1,7;0,64;38,1%;0,04;0,09;0,61;60,61%;0,61;0,33;0,06;0,27;0,21;77,78%;0,03;-;0%;-;1;68,75%;10,81;0,48;0,85;-;5,6;3,79;1,82;3,27;0,91;1,42;1;0,3;30,3%;0,79;0,24;1,18;0,79;66,67%;0,07;0,59;-0,18;14,29%;0,03;0,21;46,43%;12;81,86%;63,61;52,07;-;-;1,12;1,12;-;45,17;53,19;84,91%;14,81%;0,12;0,82;60,87%;1,39;0,85;66,67%;2,97;4,45;1,91;-;3,06
21;Серхио Лосано Луч;Леванте;27;176;70;Испания;-;20;П Л;36;25%;22,5;0%;-;-;-;-;-;-;-;-;-;-;-;-;-;9;-;-;-;-;-;-;-;-;-;-;-;-;-;-;-;-;-;-;13,5;-;-;-;4,5;-;4,5;27;9;-;4,5;-;0%;-;-;4,5;4,5;100%;-;-;-2,65;-;-;-;0%;27;60%;67,5;40,5;-;-;-;-;-;31,5;31,5;100%;-;-;-;-;-;-;-;-;-;4,5;-;4,5
3;Сесар Аспиликуэта;Севилья;36;178;76;Испания;186;1328;З ПЦ;6,51;65,62%;1,9;71,43%;0,41;-;0,07;-;-;0,14;0,68;0,07;-;0%;1,83;0,14;0,07;0,34;0,2;0%;0;0,06;0,2;50%;1,63;0,41;-;-;-;-;-;-;-;-;0,75;40,74%;2,37;-;0,88;-;4,13;3,12;1,02;2,24;0,2;1,36;2,37;1,56;65,71%;0,14;-;1,63;0,88;54,17%;0,02;-;-0,41;0%;-;0,07;40%;10;84,74%;65,26;55,3;-;-;1,83;1,83;-;45,47;53,13;85,59%;20%;0,14;0,68;35,29%;2,3;0,81;59,72%;2,91;4,88;0,75;-;4,54
38;Сесар Паласиос Перес;Реал Мадрид;21;-;-;Испания;178;97;П Л;10,21;54,55%;4,64;80%;2,78;-;-;1,86;0%;-;2,78;1,86;-;0%;0,93;0,93;-;2,78;1,86;100%;0,22;0,02;0,93;33,33%;3,71;-;-;1,86;-;0%;-;-;-;-;-;0%;16,7;1,86;1,86;-;8,35;2,78;5,57;4,64;0,93;3,71;-;-;-;1,86;1,86;2,78;0,93;33,33%;0,12;-;-0,56;-;-;-;66,67%;11;82,86%;64,95;53,81;-;-;0,93;0,93;-;44,54;49,18;90,57%;0%;-;0,93;100%;0,93;0,93;-;-;-;1,86;-;5,57
5;Сесар Таррега Рекени;Валенсия;24;193;-;Испания;175;2881;З ПЦ;6,59;59,24%;2,06;62,12%;0,94;-;0,03;0,09;0%;-;0,44;0,34;0,03;9,09%;0,19;0,03;-;0,5;0,03;100%;0,03;0,01;0,25;26,67%;1,25;-;-;0,31;0,03;10%;0,28;-;0%;-;0,03;16,67%;0,56;0,19;1,03;-;2,94;2,53;0,41;2,69;0,19;1,28;3,53;2;56,64%;0,31;0,03;1,03;0,75;72,73%;0,09;-;-0,01;0%;-;0,03;62,5%;9;84,55%;56,61;47,86;-;-;0,62;0,59;0,03;35,89;41,58;86,33%;0%;-;0,03;31,43%;2,19;0,69;47,52%;1,5;3,16;1,44;-;4,72
14;Софьян Амрабат;Реал Бетис;29;175;73;Марокко;184;1413;ЗП ПЦ;5,61;52,27%;1,53;54,17%;0,19;-;0,06;0,19;0%;0,13;1,34;0,51;0,06;12,5%;0,64;0,25;-;0,64;-;-;0,02;0,05;0,13;66,67%;1,46;0,06;-;0,06;-;0%;-;-;-;-;0,32;50%;5,22;0,06;1,53;-;3,18;2,17;1,02;2,68;0,25;0,83;0,83;0,25;30,77%;0,38;-;2,17;1,21;55,88%;0,04;-;0,22;14,29%;0,06;0,45;60%;8;87,2%;66,18;57,71;-;-;1,78;1,59;0,19;52,04;57,39;90,68%;0%;-;0,25;61,11%;2,29;1,4;74,65%;3,38;4,52;0,89;-;4,39
27;Станис Идумбо Музамбо;Севилья;21;170;-;Бельгия, ДР Конго;-;47;П Л;9,57;20%;5,74;33,33%;1,91;-;-;-;-;-;-;1,91;-;0%;1,91;-;-;1,91;1,91;0%;0,15;0,15;-;0%;-;-;-;1,91;-;0%;-;-;-;-;1,91;100%;7,66;-;-;-;3,83;-;3,83;7,66;1,91;1,91;1,91;-;0%;-;-;1,91;-;0%;0,08;-;-3,01;-;-;-;0%;17;50%;34,47;17,23;-;-;-;-;-;13,4;21,06;63,64%;-;-;-;0%;1,91;-;-;-;-;-;-;1,91
17;Таджон Бьюкенен;Вильярреал;27;183;69;Канада, Ямайка;178;1961;П П;10,56;36,96%;6,43;35,71%;2,29;0,32;0,09;0,64;50%;0,41;1,65;1,24;0,5;40,74%;1,84;0,32;0,37;3,63;1,7;21,62%;0,13;0,22;1,01;44%;0,87;0,64;0,32;0,73;0,37;50%;0,05;-;0%;-;0,83;45%;9,41;0,78;1,29;-;5,05;1,93;3,12;6,65;2,66;2,29;0,69;0,14;20%;0,96;0,37;1,61;0,92;57,14%;0,1;0,4;0,24;27,27%;0,14;0,5;26,58%;12;67,39%;38,14;25,7;-;-;0,23;0,18;0,05;18,54;23,59;78,6%;10,71%;0,14;1,29;14,29%;0,64;0,09;39,13%;0,41;1,06;0,83;-;2,48
55;Таи Абед;Леванте;21;176;-;Израиль, Испания;168;122;П П;8,85;33,33%;5,16;42,86%;2,21;-;-;-;-;0,74;1,48;1,48;0,74;50%;1,48;0,74;-;2,95;2,21;33,33%;0,08;0,17;0,74;33,33%;1,48;-;-;0,74;-;0%;-;-;-;-;1,48;100%;6,64;-;0,74;-;3,69;0,74;2,95;5,9;1,48;2,21;0,74;-;0%;1,48;0,74;0,74;-;0%;0,05;-;0,38;100%;0,74;0,74;50%;10;64,1%;28,77;18,44;-;-;0,74;-;0,74;12,54;16,23;77,27%;0%;-;2,95;-;-;-;-;-;-;-;-;2,95
14;Такефуса Кубо;Реал Сосьедад;25;174;68;Япония;185;1627;П П;12;45,62%;8,08;44,52%;3,65;0,11;0,22;0,55;20%;1,16;2,77;1,55;0,72;46,43%;2,88;1,11;0,66;4,87;3,37;45,9%;0,14;0,29;1,6;43,94%;0,5;0,55;0,11;1;0,5;50%;0,06;0,06;100%;0,06;1,83;63,46%;11,73;0,94;0,61;-;6,91;2,16;4,76;6,53;2,82;3,6;1,05;0,39;36,84%;2,05;1,55;1,49;0,72;48,15%;0,09;1,27;-0,1;40%;0,22;0,55;42,05%;14;68,85%;43,87;30,2;-;-;0,61;0,61;-;22,13;28,43;77,82%;9,52%;0,11;1,16;66,67%;0,33;0,22;56,67%;0,94;1,66;1,11;-;1,6
11;Такума Асано;Мальорка;31;173;71;Япония;158;750;АП П;10,2;43,53%;5,76;41,67%;4,2;0,12;-;1,08;11,11%;0,24;1,2;2,04;0,24;11,76%;0,36;0,12;0,96;1,32;0,36;0%;0,3;0,14;1,56;37,14%;1,08;0,12;0,12;1,92;0,24;12,5%;0,24;-;0%;-;0,12;33,33%;8,76;1,68;0,72;-;5,4;1,92;3,48;5,76;1,08;2,4;3,6;1,08;30%;0,24;-;1,08;0,72;66,67%;0,14;2,46;0,06;0%;-;0,12;18,18%;12;58,4%;28,56;16,68;-;-;0,36;0,36;-;10,92;15,24;71,65%;22,22%;0,24;1,08;0%;0,12;-;100%;0,36;0,36;0,72;-;1,32
21;Тани Олувасейи;Вильярреал;26;188;77;Канада, Нигерия;159;1024;Ф ЛЦ;11,16;42,52%;8,26;44,68%;4,04;0,18;0,09;0,79;22,22%;0,26;0,79;1,41;0,62;43,75%;0,18;0,18;0,88;2,02;1,05;41,67%;0,24;0,03;1,41;34,78%;0,97;0,53;0,18;1,14;0,62;53,85%;0,18;-;0%;-;0,18;100%;4,48;1,23;0,44;-;5,89;1,76;4,13;6,42;1,23;3,69;4,66;1,93;41,51%;0,79;0,44;0,88;0,35;40%;0,17;1,38;-0,28;0%;-;0,26;39,13%;11;55,76%;24,43;13,62;-;-;0,35;0,18;0,18;6,59;10,2;64,66%;50%;0,09;0,18;100%;0,18;0,18;33,33%;0,26;0,79;1,14;-;0,97
28;Тауфик Сеиду Занзи Авуду;Атлетико Мадрид;18;-;-;Испания;-;28;П ПЦ;-;-;-;-;-;-;-;-;-;-;-;-;-;-;-;-;-;-;-;-;-;-;-;-;6,43;-;-;-;-;-;-;-;-;-;-;-;-;-;-;-;6,43;6,43;-;-;-;-;-;-;-;-;-;-;-;-;-;-;-2,76;-;-;-;-;6;66,67%;19,29;12,86;-;-;-;-;-;6,43;12,86;50%;-;-;-;-;-;-;0%;-;3,21;-;-;-
11;Тома Лемар;Жирона;30;171;63;Франция;181;1323;АП Ц;9,52;41,43%;6,19;42,86%;1,29;0,2;0,07;0,61;33,33%;0,82;1,43;1,16;0,68;58,82%;3,81;0,82;-;2,79;1,5;40,91%;0,11;0,22;0,68;52,63%;1,29;0,48;0,2;0,34;0,34;100%;-;-;-;-;1,56;41,07%;14,69;0,34;0,82;0,07;5,99;2,45;3,54;5,58;1,43;2,65;0,27;0,2;75%;1,36;0,61;1,5;0,41;27,27%;0,1;0,54;-0,28;41,67%;0,34;0,82;48,78%;13;77,95%;60,48;47,14;-;-;2,04;1,97;0,07;41,02;48,23;85,05%;20%;0,2;1,02;76,19%;1,43;1,09;82,46%;3,2;3,88;1,22;0,2;1,7
43;Томас Маркес;Барселона;19;-;-;Испания;-;14;П ПЦ;19,29;0%;6,43;0%;-;-;-;-;-;-;-;-;-;-;6,43;-;-;6,43;-;-;-;-;-;-;6,43;-;-;-;-;-;-;-;-;-;-;0%;-;-;-;-;12,86;6,43;6,43;19,29;6,43;-;6,43;-;0%;-;-;-;-;-;-;-;-1,67;-;-;-;0%;32;66,67%;96,43;64,29;-;-;6,43;6,43;-;64,29;77,14;83,33%;-;-;-;-;-;-;0%;-;12,86;6,43;-;-
16;Томас Парти;Вильярреал;33;185;78;Гана;175;1046;ЗП ЛЦ;7,31;51,76%;3,01;57,14%;0,77;-;-;0,34;25%;0,6;0,52;0,95;0,17;18,18%;1,29;0,52;-;0,95;-;-;0,09;0,06;0,34;44,44%;0,95;0,09;0,09;0,26;0,09;33,33%;-;-;-;-;0,17;13,33%;6,8;0,26;2,24;-;4,73;3,53;1,2;3,53;0,26;1,72;2,07;1,29;62,5%;0,69;-;1,55;0,77;50%;0,09;-;-0,08;12,5%;0,09;0,69;72,73%;11;81,66%;60,06;49,04;-;-;1,2;1,2;-;40,96;47,67;85,92%;-;-;-;43,75%;1,38;0,6;62,96%;2,93;4,65;1,63;-;4,56
12;Трент Александер-Арнольд;Реал Мадрид;27;180;69;Англия;204;1265;З П;4,84;51,47%;1,71;45,83%;1;-;0,28;0,07;0%;1,57;0,36;0,71;0,14;20%;6,69;1,21;-;0,92;0,43;33,33%;0,02;0,24;0,07;7,14%;0,71;0,85;-;0,07;-;0%;-;-;-;-;2,49;37,23%;14,87;0,5;0,85;-;6,97;5,19;1,78;2,35;0,57;0,78;0,57;0,36;62,5%;0,36;0,14;1,57;0,85;54,55%;0,02;-;0,46;22,22%;0,14;0,64;38,46%;16;79,76%;78,4;62,54;-;-;2,21;2,21;-;57,49;70,43;81,62%;14,04%;0,57;4,06;59,57%;6,69;3,98;64,15%;4,84;7,54;0,92;-;3,2
24;Турхус Долан;Эспаньол;24;170;-;Англия;176;2578;П П;11,28;45,82%;6,74;43,52%;1,82;0,07;0,17;0,38;18,18%;0,63;1,61;1,19;0,45;38,24%;1,64;0,52;0,17;3,32;2,13;42,62%;0,12;0,14;0,94;51,92%;1,29;0,45;0,07;0,63;0,28;44,44%;-;-;-;-;0,77;46,81%;7,85;0,7;0,84;-;5,87;1,61;4,26;6,11;2,09;2,93;1,26;0,38;30,56%;1,22;0,91;1,78;1,01;56,86%;0,1;1,66;-0,17;31,25%;0,17;0,56;36,84%;11;69,34%;35,29;24,47;-;-;0,45;0,42;0,03;16,65;20,63;80,71%;10,39%;0,28;2,69;37,5%;0,28;0,1;74,42%;1,12;1,5;1,01;-;2,13
12;Тьерри Рендалл Коррейа;Валенсия;27;176;69;Португалия, Кабо-Верде;179;1507;З П;8,12;56,62%;2,99;56%;1,19;-;0,12;0,24;0%;0,6;1,49;0,36;0,24;66,67%;2,27;0,54;0,24;1,13;0,72;41,67%;0,05;0,15;0,6;50%;1,73;0,18;-;0,24;0,12;50%;-;-;-;-;1,43;63,16%;8,78;0,6;1,37;-;6,75;4,12;2,63;3,52;0,66;1,67;2,33;0,9;38,46%;0,48;0,3;1,73;1,37;79,31%;0,14;-;0,21;100%;0,12;0,12;42,11%;13;78,74%;59;46,46;-;-;1,49;1,37;0,12;38,1;47;81,07%;17,65%;0,36;2,03;36,84%;1,13;0,42;62,03%;2,93;4,72;1,49;-;4,18
11;Тьяго Альмада;Атлетико Мадрид;25;171;62;Аргентина;183;1428;П Л;10,27;47,85%;5,74;54,95%;1,83;0,19;0,13;0,63;30%;1,13;1,01;1,32;0,63;47,62%;3,53;1,07;0,13;2,65;1,2;57,89%;0,2;0,27;1,13;62,07%;0,88;0,5;0,19;0,88;0,5;57,14%;-;-;-;-;2,08;58,93%;12,54;0,88;1,13;-;5,23;2,71;2,52;5,36;1,32;3,15;1,01;0,32;31,25%;1,32;0,69;2,39;1,01;42,11%;0,15;1,07;0,12;28,57%;0,13;0,44;50%;13;78,22%;58,74;45,95;-;-;1,95;1,83;0,13;38,63;45,38;85,14%;18,18%;0,25;1,39;52,38%;1,32;0,69;72,13%;2,77;3,84;1,01;-;2,46
15;Тьяго Крус Фернандес;Реал Овьедо;22;-;-;Аргентина;164;885;АП Л;15,05;30,41%;10,17;29%;1,53;-;0,41;0,41;0%;0,71;1,12;1,32;0,51;38,46%;2,44;0,41;0,2;5,29;2,75;40,74%;0,07;0,3;0,61;40%;0,71;0,51;-;0,41;0,1;25%;-;-;-;-;1,32;54,17%;8,85;0,31;0,71;-;7,53;2,34;5,19;10,47;3,25;2,95;1,32;0,2;15,38%;2,03;1,12;1,73;0,81;47,06%;0,06;-;-0,04;44,44%;0,41;0,92;38,46%;17;62,91%;46,07;28,98;-;-;0,81;0,71;0,1;21,76;27,56;78,97%;17,65%;0,31;1,73;50%;1,02;0,51;52,63%;1,02;1,93;1,93;-;1,73
17;Тьяго Николас Борбас Силва;Реал Овьедо;24;186;69;Уругвай;139;223;Ф Ц;13,72;35,29%;10,49;34,62%;6,86;-;-;0,4;0%;-;1,21;2,02;0,81;40%;0,4;-;1,61;-;-;-;0,38;-;1,61;23,53%;2,83;-;-;2,02;0,81;40%;0,4;-;0%;-;0,4;100%;3,63;1,21;1,21;-;9,28;4,04;5,25;8,88;-;3,63;10,09;3,63;36%;-;-;0,81;0,4;50%;0,19;-;-0,61;-;-;-;-;16;54,02%;35,11;18,97;-;-;-;-;-;10,09;16,14;62,5%;-;-;-;0%;0,4;-;0%;-;0,81;0,81;-;2,42
45;Тьяго Питарч Пинар;Реал Мадрид;18;-;-;Испания;183;627;ЗП ПЦ;10,62;33,78%;4,45;45,16%;1;-;0,29;0,43;0%;0,43;1;0,86;0,29;33,33%;0,43;0,72;0,43;1,87;0,57;25%;0,07;0,11;0,29;28,57%;1,72;0,57;-;0,57;0,14;25%;-;-;-;-;0,29;66,67%;11,48;0,72;1,87;-;4,45;2,44;2,01;7,03;0,86;2,01;1,44;0,29;20%;1;0,14;3,73;0,57;15,38%;0,08;-;0,29;50%;0,14;0,29;53,85%;13;81,93%;73,06;59,86;-;-;1,72;1,72;-;53,4;59;90,51%;0%;-;0,29;57,14%;1;0,57;81,48%;3,16;3,88;1,29;-;3,59
14;Уго Рагхувер;Леванте;22;179;62;Франция;170;786;ЗП Ц;11,45;58%;3,66;68,75%;0,11;-;-;-;-;0,11;1,6;0,34;-;0%;0,69;0,23;0,11;1,37;0,23;50%;0,01;0,02;-;0%;1,15;-;-;-;-;-;-;-;-;-;0,11;16,67%;2,29;0,11;1,49;-;4,35;2,98;1,37;4,81;0,34;2,52;3,66;2,29;62,5%;1,03;0,11;2,98;1,72;57,69%;0,03;-;-0,32;0%;-;0,34;75%;11;79,67%;55,19;43,97;-;-;1,03;1,03;-;32,52;38,59;84,27%;0%;-;0,11;28,57%;0,8;0,23;69,57%;1,83;2,63;1,15;-;6,53
5;Уерау Альварес;Атлетик Бильбао;31;182;78;Испания;166;566;З ПЦ;3,82;45,83%;1,43;66,67%;1,27;-;-;0,16;0%;0,32;0,8;0,16;-;0%;1,59;0,32;-;0,16;0,16;0%;0,03;0,03;0,64;50%;0,48;0,16;-;0,16;-;0%;0,16;-;0%;-;0,48;30%;1,43;0,16;2,39;-;3,18;2,86;0,32;2,07;0,16;0,95;3,18;1,27;40%;-;-;0,16;0,16;100%;0,16;-;0,44;-;-;-;0%;10;82,79%;58,2;48,18;-;-;1,91;1,91;-;38,16;45,95;83,04%;0%;-;0,16;37,04%;4,29;1,59;51,06%;3,82;7,47;-;-;7
5;Унаи Елжецабал Удондо;Леванте;33;185;74;Испания;172;1067;З ПЦ;5,57;65,15%;1,77;76,19%;1,77;0,08;-;0,25;33,33%;0,25;0,51;0,25;0,08;33,33%;0,17;0,08;-;-;-;-;0,06;0,08;0,93;52,38%;0,93;0,08;0,08;0,25;0,08;33,33%;0,08;-;0%;-;0,08;50%;0,76;0,17;1,94;-;2,28;1,69;0,59;1,94;-;1,35;3,71;2,61;70,45%;-;-;1,18;0,59;50%;0,25;0,76;-0,91;-;-;-;-;7;84,9%;48,58;41,25;-;-;0,42;0,42;-;29,61;34,75;85,19%;-;-;-;26,32%;1,6;0,42;39,47%;1,27;3,21;0,59;-;4,64
17;Унаи Лопез;Райо Вальекано;30;170;68;Испания;180;1731;ЗП ПЦ;7,44;53,85%;2,76;50,94%;0,83;-;0,16;0,42;0%;0,99;0,73;1,14;0,21;18,18%;3,95;1,09;0,05;1,14;0,26;20%;0,06;0,21;0,47;56,25%;1,92;0,31;-;0,26;0,1;40%;0,05;0,05;100%;-;1,25;31,58%;6,97;0,52;1,87;-;4,94;3,33;1,61;3,43;0,47;1,4;1,2;0,68;56,52%;0,68;0,05;2,34;1,3;55,56%;0,05;-;0,28;11,76%;0,1;0,88;59,09%;14;80,34%;70,61;56,72;-;-;2,39;2,34;0,05;49,39;58,91;83,85%;0%;-;0,62;53,73%;3,48;1,87;65,69%;4,68;7,12;1,04;0,05;3,85
4;Унаи Нуньез Гестосо;Валенсия;29;186;80;Испания;173;1024;З П;7,12;54,32%;1,76;45%;1,14;-;-;0,35;0%;0,18;0,7;0,79;0,18;22,22%;0,26;0,09;-;0,26;0,09;0%;0,08;0,03;0,35;30,77%;1,05;0,18;-;0,44;0,09;20%;0,35;0,09;25%;-;0,18;66,67%;1,67;0,44;1,32;-;4,13;3,6;0,53;3,25;0,26;0,79;2,29;1,23;53,85%;-;-;2,02;1,49;73,91%;0,1;-;0,03;25%;0,09;0,35;0%;11;81,33%;56,95;46,32;-;-;1,32;1,23;0,09;36,56;43,33;84,38%;0%;-;0,35;25,93%;2,37;0,62;50%;2,02;4,04;1,41;-;6,15
4;Урко Гонзалез Де Сарате;Эспаньол;25;189;-;Испания;171;2901;ЗП ПЦ;7,69;50,4%;2,42;57,69%;0,31;-;0,06;0,12;25%;0,12;1,33;0,56;0,03;5,56%;0,65;0,19;0,03;0,84;0,12;25%;0,04;0,05;0,09;30%;1,37;0,22;0,03;0,19;-;0%;0,03;-;0%;-;0,22;33,33%;2,7;0,12;1,64;-;3,54;2,57;0,96;3,82;0,37;1,4;1,55;0,68;44%;0,47;0,03;2,45;1,12;45,57%;0,07;-;-0,33;8,33%;0,03;0,37;55,56%;10;76,01%;43,19;32,82;-;-;1,09;1,05;0,03;24,82;30,84;80,48%;16,67%;0,03;0,19;25%;0,99;0,25;61,6%;2,39;3,88;0,62;-;4,44
22;Уэсли Гасова Рибейро Тейшейра;Реал Сосьедад;21;-;-;Бразилия;162;110;АП Л;12,27;33,33%;9;36,36%;3,27;-;-;-;-;-;0,82;0,82;-;0%;0,82;-;-;4,09;4,09;60%;0,01;-;-;0%;2,45;-;-;-;-;-;-;-;-;-;-;0%;11,45;-;-;-;9,82;4,91;4,91;8,18;1,64;3,27;3,27;1,64;50%;2,45;2,45;-;-;-;0,01;-;-1,09;0%;-;0,82;60%;17;57,14%;40,09;22,91;-;-;0,82;0,82;-;18;26,18;68,75%;0%;-;1,64;0%;0,82;-;66,67%;1,64;2,45;0,82;-;0,82
15;Фабио Кардосо;Севилья;32;187;79;Португалия;183;317;З Ц;7,38;61,54%;1,42;60%;0,28;-;-;-;-;-;0,28;-;-;-;0,28;-;-;-;-;-;-;-;-;0%;2,56;-;-;-;-;-;-;-;-;-;-;0%;0,57;-;1,42;-;1,7;1,7;-;2,84;-;0,85;4,26;2,27;53,33%;-;-;1,7;1,42;83,33%;-;-;-0,37;-;-;-;-;5;90,21%;55,08;49,68;-;-;0,28;0,28;-;37,19;39,75;93,57%;-;-;-;57,14%;1,99;1,14;50%;1,14;2,27;0,28;-;6,25
14;Факундо Науэль Тенагля;Депортиво Алавес;30;181;73;Аргентина, Италия;177;3563;З ПЦ;6,72;59,02%;2,2;58,62%;1,09;0,05;-;0,25;30%;0,13;1,06;0,63;0,25;40%;0,45;0,08;0,13;0,58;0,25;30%;0,07;0,02;0,51;46,51%;0,81;0,2;0,08;0,51;0,23;45%;0,25;0,08;30%;-;0,13;27,78%;1,59;0,33;1,19;-;2,93;2,27;0,66;2,75;0,33;1,29;2,55;1,24;48,51%;0,25;0,08;1,39;1,01;72,73%;0,12;1,45;0,04;20%;0,03;0,13;43,48%;8;83,49%;50,95;42,54;-;-;1,01;0,99;0,03;31,37;36,65;85,6%;0%;-;0,15;40%;1,77;0,71;55,78%;2,07;3,71;0,68;-;5,13
2;Факундо Томас Гарсес;Депортиво Алавес;26;189;82;Аргентина, Испания;171;894;З ПЦ;7,25;61,11%;2,01;55%;1,81;-;-;0,5;0%;-;0,3;0,81;0,4;50%;0,5;-;0,2;-;-;-;0,07;0,01;0,7;38,89%;1,31;0,1;-;0,7;0,4;57,14%;0,6;0,4;66,67%;-;0,1;20%;0,81;0,5;1,11;-;2,32;1,91;0,4;2,82;-;1,11;4,63;2,52;54,35%;-;-;1,31;1,01;76,92%;0,09;-;-0,18;0%;-;0,1;-;9;83,27%;52,95;44,09;-;-;0,81;0,81;-;30,5;36,14;84,4%;-;-;-;24%;2,52;0,6;38,24%;1,31;3,42;0,6;-;4,73
22;Федерико Агустин Гаттони;Севилья;27;183;79;Аргентина;-;21;З ПЦ;4,29;100%;-;-;-;-;-;-;-;-;-;-;-;-;-;-;-;-;-;-;-;-;-;-;-;-;-;-;-;-;-;-;-;-;-;-;-;-;4,29;-;-;-;-;0;-;-;4,29;4,29;100%;-;-;-;-;-;-;-;-;-;-;-;-;0;100%;17,14;17,14;-;-;-;-;-;4,29;4,29;100%;-;-;-;-;-;-;100%;4,29;4,29;-;-;12,86
8;Федерико Вальверде;Реал Мадрид;27;182;78;Уругвай, Испания;214;2979;З П;4,98;60,61%;2,63;62,07%;1,15;0,15;0,27;0,45;33,33%;0,97;0,42;1,54;0,69;45,1%;1,93;0,76;0,03;1,15;0,45;60%;0,07;0,17;0,6;52,63%;0,54;0,69;0,15;0,33;0,21;63,64%;0,03;0,03;100%;-;1,27;65,62%;13,6;0,57;1,42;-;3,53;2,45;1,09;1,96;0,45;1,63;1,06;0,66;62,86%;0,69;0,27;0,91;0,57;63,33%;0,04;0,43;0,61;40%;0,48;1,21;60,53%;9;87,35%;69,76;60,94;-;-;3,23;3,14;0,09;53,84;59,85;89,95%;10%;0,06;0,6;55,74%;1,84;1,03;81,6%;5,23;6,4;0,66;-;4,14
9;Федерико Виньяс;Реал Овьедо;28;180;81;Уругвай;162;2597;Ф Ц;14,8;53,16%;10,85;53,35%;5,27;0,31;0,07;1,07;32,26%;0,62;2,39;1,98;0,76;38,6%;0,35;0,55;0,45;2,6;0,83;50%;0,31;0,1;2,29;43,42%;1,63;0,38;0,35;1,66;0,73;43,75%;0,97;0,31;32,14%;0,14;0,21;60%;5,61;1,25;1,18;-;6,55;2,39;4,16;6,93;0,9;5,79;6,62;3,19;48,17%;1,7;0,42;1,18;0,8;67,65%;0,15;0,98;-0,35;11,11%;0,03;0,31;65,33%;13;64,84%;37,36;24,22;-;-;0,52;0,35;0,17;13,07;18,06;72,36%;0%;-;0,03;100%;0,14;0,14;46,55%;0,94;2,01;1,52;-;2,04
5;Федерико Редондо;Эльче;23;188;75;Аргентина, Испания;164;247;ЗП Ц;7,29;50%;2,55;57,14%;0,36;-;-;-;-;-;1,82;0,36;-;0%;-;0,36;-;0,73;-;-;0,11;0;-;0%;2,91;0,36;-;0,36;-;0%;-;-;-;-;-;-;6,19;-;2,19;-;2,91;2,19;0,73;3,64;0,73;1,46;1,46;0,73;50%;-;-;2,19;1,82;83,33%;0,3;-;-1,03;-;-;-;0%;10;84,3%;62,67;52,83;-;-;1,46;1,46;-;43,36;49,19;88,15%;-;-;-;50%;0,73;0,36;85,71%;2,19;2,55;1,46;-;4,74
23;Ферлан Менди;Реал Мадрид;31;180;73;Франция;189;234;З Л;3,46;66,67%;2,31;83,33%;0,38;-;-;-;-;-;0,38;-;-;-;0,38;-;-;1,15;0,77;50%;-;-;-;0%;0,77;-;-;-;-;-;-;-;-;-;-;0%;9,62;0,38;1,15;-;2,69;1,92;0,77;1,15;0,38;1,92;1,54;0,77;50%;0,77;0,38;-;-;-;-;-;0,1;-;-;-;66,67%;6;91,71%;69,62;63,85;-;-;1,92;1,92;-;60;64,62;92,86%;-;-;-;-;-;-;93,33%;5,38;5,77;1,54;-;2,69
16;Фермин Лопес;Барселона;23;174;-;Испания;217;1949;АП Ц;11,73;48,03%;6,65;51,39%;3,6;0,28;0,46;1,48;18,75%;1,11;0,92;3,14;1,25;39,71%;2,86;0,74;0,23;3,79;2,12;54,35%;0,33;0,29;1,48;41,03%;1,57;1,11;0,28;2,03;0,92;45,45%;0,09;-;0%;-;1,39;48,39%;15,56;1,75;1,2;-;5,54;2,54;3;6,1;1,75;3,42;1,02;0,37;36,36%;2,03;1,15;2,12;1,15;54,35%;0,11;1,19;0,95;29,17%;0,32;1,11;53,66%;14;76,79%;58,69;45,07;-;-;1,34;1,15;0,18;36,8;42,44;86,72%;21,43%;0,28;1,29;72,22%;0,83;0,6;62,5%;2,08;3,32;1,06;-;2,26
5;Фернандо Калеро Вилла;Эспаньол;30;184;71;Испания;172;2336;З ПЦ;5,62;52,05%;1,19;48,39%;1;-;-;0,27;0%;-;0,35;0,46;0,04;8,33%;0,39;0,04;-;0,27;0,12;0%;0,09;0;0,31;30,77%;0,58;0,04;-;0,42;0,04;9,09%;0,19;0,04;20%;-;-;0%;0,58;0,31;0,96;-;2,16;1,93;0,23;2,7;0,19;0,58;3,16;1,39;43,9%;0,08;-;0,85;0,58;68,18%;0,2;-;-0,32;0%;-;0,04;28,57%;9;86,04%;61,26;52,71;-;-;0,85;0,81;0,04;41,96;47,39;88,54%;0%;-;0,04;37,5%;2,77;1,04;40,91%;1,39;3,39;0,46;-;5,47
8;Фернандо Лопез Гонзалез;Сельта;22;-;-;Испания;183;1274;ЗП ПЦ;9,04;50%;4,8;55,88%;1,62;0,07;0,07;0,35;20%;0,57;1,27;0,92;0,35;38,46%;2,76;0,57;0,07;2,61;1,13;43,75%;0,1;0,22;0,78;47,83%;1,7;0,57;0,07;0,42;0,21;50%;-;-;-;-;1,27;46,15%;9,61;0,71;1,13;-;5,44;2,97;2,47;4,52;1,13;2,68;0,99;0,35;35,71%;1,48;0,49;1,77;0,92;52%;0,11;1,41;-0,32;28,57%;0,14;0,49;56,76%;11;78,8%;53,97;42,53;-;-;1,91;1,84;0,07;35,75;42,1;84,9%;33,33%;0,14;0,42;59,09%;1,55;0,92;68,42%;2,76;4,03;1,84;-;3,25
9;Ферран Джутгла Бланч;Сельта;27;175;77;Испания;185;1791;АП ПЦ;9,15;32,42%;6,68;35,34%;3,42;0,45;0,2;1,26;36%;0,45;1,51;2,26;1,31;57,78%;0,55;0,45;0,5;3,12;1,91;31,58%;0,31;0,11;1,76;51,47%;1,21;0,75;0,45;1,51;1,01;66,67%;0,3;0,1;33,33%;-;0,25;45,45%;10,25;1,56;0,45;-;6,78;2,46;4,32;6,18;2,06;2,36;2,36;0,85;36,17%;1,06;0,6;0,4;0,2;50%;0,14;0,68;-0,16;40%;0,3;0,75;33,87%;12;65,85%;34,72;22,86;-;-;0,45;0,3;0,15;16,63;21,36;77,88%;17,65%;0,15;0,85;50%;0,5;0,25;76%;0,95;1,26;1,66;-;0,95
7;Ферран Торрес;Барселона;26;184;77;Испания;190;2150;Ф Ц;5,36;45,31%;3,98;46,32%;4,81;0,67;0,04;1,76;38,1%;0,5;0,88;2,89;1,63;56,52%;0,96;0,54;0,5;1,21;0,96;30,43%;0,52;0,15;2,22;46,09%;0,59;0,92;0,67;2,39;1,38;57,89%;0,46;0,25;54,55%;0,04;0,42;43,48%;10,38;2,55;0,42;-;4,98;2,09;2,89;2,93;0,8;1,84;1,84;1,05;56,82%;0,42;0,29;0,46;0,13;27,27%;0,18;0,77;0,66;50%;0,25;0,5;34,48%;9;69,3%;29,18;20,22;-;-;0,59;0,54;0,04;15,2;19,97;76,1%;0%;-;0,08;20%;0,21;0,04;53,57%;0,63;1,17;1,09;-;0,88
23;Филип Угринич;Валенсия;27;184;84;Швейцария, Сербия;172;1620;ЗП ПЦ;7,22;56,15%;3,33;61,67%;0,78;-;0,17;0,17;0%;0,72;0,72;1,11;0,17;15%;2,94;0,72;0,33;1,61;0,56;50%;0,06;0,19;0,17;21,43%;0,94;0,33;-;0,22;0,06;25%;-;-;-;-;1;33,96%;7,33;0,56;1,44;-;4,83;2,78;2,06;3,17;0,67;2,06;1,67;0,94;56,67%;0,94;0,28;1,33;0,78;58,33%;0,05;-;0,02;12,5%;0,11;0,89;58,62%;12;77,17%;50,61;39,06;-;-;1,67;1,61;0,06;31,67;39,11;80,97%;26,32%;0,28;1,06;54,17%;1,33;0,72;68%;2,83;4,17;1,5;-;3,72
22;Флавиен Энцо Тиедорт Бойомо;Осасуна;24;180;70;Камерун, Франция;179;2791;З ПЦ;6,22;58,03%;1,58;57,14%;1,03;0,03;0,06;0,16;20%;0,23;0,16;0,35;0,1;27,27%;0,64;0,13;-;0,29;0,06;50%;0,07;0,04;0,45;43,75%;1,1;0,16;0,03;0,35;0,1;27,27%;0,16;0,03;20%;-;0,29;45%;1,29;0,29;1,32;-;2,68;2,1;0,58;2,61;0,19;0,9;2,45;1,19;48,68%;0,1;0,03;1,16;0,94;80,56%;0,19;2,05;0,04;-;-;-;33,33%;9;84,26%;55,53;46,79;-;-;0,84;0,84;-;37,15;43,02;86,36%;12,5%;0,03;0,26;26,92%;1,68;0,45;55,08%;2,1;3,81;0,58;-;5,42
24;Флоран Клауде Лежен;Райо Вальекано;35;190;89;Франция;185;3553;З ПЦ;6,97;64,36%;1,7;74,63%;1,09;0,05;-;0,3;16,67%;0,05;0,35;1,24;0,46;36,73%;0,43;0,13;0,03;0,28;0,03;0%;0,07;0,04;0,58;53,49%;1,19;0,1;0,05;0,48;0,2;42,11%;0,38;0,18;46,67%;0,03;0,05;11,76%;0,94;0,28;1,39;-;3,19;2,91;0,28;2,48;0,08;1,27;3,07;2,05;66,94%;0,2;-;1,72;1,14;66,18%;0,05;1,33;0,12;33,33%;0,25;0,76;72,73%;10;85,72%;70,6;60,52;-;-;1,42;1,37;0,05;47,34;54,16;87,42%;0%;-;0,1;33,82%;5,24;1,77;49,38%;3,04;6,16;0,89;0,03;6,51
30;Франко Мастантуоно;Реал Мадрид;18;-;-;Аргентина;194;1116;АП П;14,27;42,37%;9,6;45,38%;3,95;0,08;-;0,97;8,33%;0,81;2,42;2,42;0,56;23,33%;3,31;0,65;0,08;5;3,15;41,03%;0,26;0,21;1,61;40,82%;1,53;0,4;0,08;1,53;0,48;31,58%;-;-;-;-;1,77;53,66%;17,02;1,21;1,13;-;6,37;1,85;4,52;8,23;2,98;4,35;1,05;0,4;38,46%;2,02;1,29;2,1;0,73;34,62%;0,11;3,26;0,86;9,09%;0,08;0,89;40,32%;15;74,8%;59,84;44,76;-;-;1,05;0,89;0,16;36,61;41,61;87,98%;30,77%;0,32;1,05;55,56%;0,73;0,4;60%;1,69;2,82;0,89;-;2,74
21;Франсиско Перес Мартинез;Райо Вальекано;23;-;-;Испания;169;1365;АП Л;8,31;38,1%;4,68;39,44%;1,25;0,13;0,07;0,46;28,57%;0,46;0,99;1,12;0,53;47,06%;0,92;0,4;0,4;2,18;0,86;46,15%;0,15;0,13;0,46;36,84%;1,19;0,26;0,13;0,73;0,33;45,45%;0,07;-;0%;-;0,53;57,14%;7,71;0,59;1,12;-;5,08;1,58;3,49;5,14;1,25;1,85;1,32;0,07;5%;0,92;0,4;1,71;0,79;46,15%;0,13;1,11;0,09;50%;0,2;0,4;42,42%;10;68,21%;32,77;22,35;-;-;0,66;0,46;0,2;17,01;21,69;78,42%;13,79%;0,26;1,91;28,57%;0,46;0,13;73,33%;0,73;0,99;0,86;-;2,51
20;Франсиско Хосе Гарсиа Торрес;Реал Мадрид;26;169;69;Испания;195;989;З Л;7,01;44,16%;2,73;36,67%;1,55;0,09;0,09;0,36;25%;0,18;1,27;0,55;0,18;33,33%;0,27;0,27;0,09;0,91;0,46;20%;0,07;0,04;0,64;41,18%;0,64;0,36;0,09;0,27;0,18;66,67%;-;-;-;-;0,09;33,33%;13,01;0,64;1,27;-;3,82;2,28;1,55;3,91;0,64;1;1,73;0,64;36,84%;0,27;0,09;1,37;0,91;66,67%;0,14;0,81;0,5;0%;-;0,27;30%;10;83,11%;59,79;49,69;-;-;1,18;1,18;-;42,04;47,87;87,83%;22,22%;0,36;1,64;57,14%;0,64;0,36;78,12%;2,28;2,91;1;-;3,64
27;Франциско Кортес Грасиа;Леванте;18;-;-;Испания;162;517;АП Л;10,62;34,43%;8,01;36,96%;1,91;-;-;0,35;0%;0,52;1,04;2,09;0,7;33,33%;1,57;0,7;0,17;4;1,91;27,27%;0,11;0,08;0,52;27,27%;1,04;-;-;1,22;0,35;28,57%;-;-;-;-;0,87;55,56%;5,05;0,17;1,04;-;6,44;1,91;4,53;6,96;2,44;2,96;0,7;0,17;25%;1,57;0,52;1,22;0,52;42,86%;0,05;-;-0,61;40%;0,35;0,87;39,13%;14;60,2%;34,12;20,54;-;-;0,52;0,35;0,17;14,1;19,32;72,97%;12,5%;0,35;2,79;0%;0,35;-;45,45%;0,87;1,91;0,7;-;1,91
21;Френки де Йонг;Барселона;29;180;74;Нидерланды;200;1817;ЗП ПЦ;5,75;57,76%;1,63;60,61%;1,59;0,05;0,25;0,15;33,33%;0,69;1,34;0,35;0,1;28,57%;1,34;0,84;0,1;0,35;0,2;100%;0,07;0,25;0,99;62,5%;0,5;0,59;0,05;0,3;0,1;33,33%;-;-;-;-;1,04;77,78%;14,51;0,84;1,68;-;2,58;1,59;0,99;2,43;0,1;0,99;0,79;0,4;50%;0,25;0,2;1,68;1,19;70,59%;0,2;1,42;1,09;0%;-;0,05;71,43%;7;91,7%;82,92;76,03;-;-;4,51;4,51;-;70,58;74,79;94,37%;44,44%;0,2;0,45;69,57%;1,14;0,79;89,93%;6,64;7,38;0,94;-;3,76
42;Хави Еспарт Фонт;Барселона;19;175;-;Испания;191;187;З П;9,63;60%;4,33;55,56%;0,48;-;-;-;-;-;1,93;0,48;-;0%;0,96;-;-;1,44;0,48;100%;0,01;-;-;0%;-;-;-;-;-;-;-;-;-;-;-;0%;7,7;-;0,96;-;5,29;3,37;1,93;3,85;0;2,41;2,89;2,41;83,33%;1,44;0,48;0,96;-;0%;0,03;-;0,16;0%;-;0,48;100%;12;85,88%;85,19;73,16;-;-;0,48;0,48;-;62,09;69,79;88,97%;-;-;-;0%;0,96;-;70%;3,37;4,81;2,41;-;5,29
34;Хавиер Олаизола Хименез;Мальорка;19;-;-;Испания;-;62;З Л;7,26;80%;2,9;100%;-;-;-;-;-;-;1,45;-;-;-;4,35;-;-;-;-;-;-;-;-;-;-;-;-;-;-;-;-;-;-;-;1,45;33,33%;-;-;-;-;5,81;4,35;1,45;1,45;-;2,9;2,9;2,9;100%;-;-;1,45;1,45;100%;-;-;-0,64;-;-;-;-;15;84,13%;91,45;76,94;-;-;1,45;1,45;-;62,42;75,48;82,69%;0%;-;1,45;57,14%;10,16;5,81;66,67%;2,9;4,35;1,45;-;4,35
20;Хавьер Галан Гиль;Осасуна;31;172;70;Испания;187;1977;З Л;11,2;55,28%;5,6;52,85%;0,91;-;0,09;-;-;0,36;1,82;0,27;0,05;16,67%;1,82;0,36;0,09;3,41;1,18;42,31%;0,02;0,08;0,5;55%;1,5;0,18;-;0,14;0,05;33,33%;-;-;-;-;0,86;47,5%;8,06;0,36;1,46;-;5,37;3,28;2,09;5,01;1,73;2,96;1,68;0,64;37,84%;1,68;0,5;2,14;1,59;74,47%;0,06;-;0,12;0%;-;0,14;49,33%;14;79,71%;68,42;54,54;-;-;1,87;1,78;0,09;42,7;51,35;83,16%;25,93%;0,64;2,46;42,11%;2,59;1,09;64,23%;3,6;5,6;1,46;-;5,42
8;Хавьер Герреро Мурильо;Валенсия;23;187;-;Испания;176;2248;ЗП ПЦ;9,53;42,02%;5,44;42,65%;1,6;0,16;0,2;0,52;30,77%;1;0,8;1,24;0,48;38,71%;2,04;0,64;0,08;2,72;1,16;34,48%;0,1;0,14;0,68;42,5%;1,16;0,6;0,16;0,52;0,24;46,15%;-;-;-;-;0,76;37,25%;6,97;0,76;1,36;-;5,97;3,2;2,76;5,52;1,68;2,32;1,16;0,64;55,17%;1,04;0,4;1,6;0,6;37,5%;0,08;0,61;0,02;33,33%;0,24;0,72;38,24%;14;73,71%;54,21;39,96;-;-;1,44;1,32;0,12;32,79;40,76;80,45%;19,05%;0,16;0,84;39,58%;1,92;0,76;63,64%;3,36;5,28;1,32;-;3,32
19;Хавьер Лабрес Эспозито;Мальорка;23;174;-;Испания;160;259;П Л;8,34;33,33%;4,52;38,46%;2,08;-;-;0,35;0%;-;1,04;1,74;0,69;40%;0,69;-;-;1,74;1,04;0%;0,21;-;0,69;33,33%;1,39;-;-;1,74;0,69;40%;-;-;-;-;-;0%;8,69;1,04;-;-;5,56;1,74;3,82;5,56;1,39;1,74;1,04;0,35;33,33%;0,35;-;1,04;0,69;66,67%;0,12;-;-0,23;-;-;-;20%;11;66,33%;34,05;22,59;-;-;0,35;0,35;-;17,37;22,24;78,12%;0%;-;3,47;100%;0,35;0,35;66,67%;0,69;1,04;0,35;-;2,08
25;Хавьер Лопез Карбальо;Реал Овьедо;24;184;-;Испания;171;1849;З Л;9,2;49,74%;3,89;52,5%;0,58;-;0,05;-;-;0,1;1,27;0,34;0,05;14,29%;1,36;0,29;0,1;2,04;0,63;30,77%;0,03;0,03;0,19;33,33%;1,85;0,24;-;0,19;0,05;25%;-;-;-;-;0,63;46,43%;5,69;0,15;1,22;-;5,84;3,41;2,43;4,62;1,17;2,04;1,7;0,58;34,29%;0,88;0,19;1,85;1,22;65,79%;0,1;-;-0,31;0%;-;0,15;42,86%;14;76,49%;61,28;46,87;-;-;0,58;0,49;0,1;36,99;46,48;79,58%;28,57%;0,58;2,04;34,29%;1,7;0,58;56,41%;2,14;3,8;2,04;-;4,77
47;Хавьер Морсильо Родриальварес;Атлетико Мадрид;20;-;-;Испания;166;186;ЗП ПЦ;10,16;52,38%;1,94;75%;0,97;-;-;0,48;0%;-;0,97;0,97;-;0%;-;-;-;0,48;0,48;0%;0,07;-;0,48;50%;2,9;-;-;0,48;-;0%;0,48;-;0%;-;-;-;2,9;-;1,45;-;4,35;2,42;1,94;4,84;0,48;1,45;1,45;0,97;66,67%;-;-;5,81;2,42;41,67%;0,08;-;-0,07;0%;-;0,48;0%;9;81,82%;47,9;39,19;-;-;0,48;0,48;-;30,97;33,87;91,43%;-;-;-;33,33%;1,45;0,48;66,67%;0,97;1,45;1,45;-;3,39
14;Хавьер Муньес;Хетафе;31;179;70;Испания;158;630;ЗП ПЦ;5,71;45%;3;42,86%;1,71;-;0,14;0,29;0%;0,14;0,43;1,86;0,86;46,15%;0,71;0,29;-;1;0,14;100%;0,06;0,13;0,57;33,33%;1,43;-;-;0,57;0,29;50%;-;-;-;-;0,57;80%;6,14;0,14;0,86;-;5,57;3,29;2,29;3,14;0,43;1,29;1,43;0,57;40%;0,57;0,14;0,71;0,43;60%;0,03;-;-0,11;44,44%;0,57;1,29;57,14%;13;67,16%;38,71;26;-;-;0,86;0,71;0,14;19,71;28,29;69,7%;0%;-;1,14;50%;0,86;0,43;50%;2;4;1,43;-;1,86
7;Хавьер Пуадо Диаз;Эспаньол;28;177;69;Испания;185;729;АП Л;6,3;27,45%;4,07;36,36%;2,84;0,25;-;0,37;66,67%;0,12;0,74;1,85;1,11;60%;0,37;0,37;-;1,98;1,11;33,33%;0,49;0,12;1,48;52,17%;1,36;0,37;0,25;1,48;0,86;58,33%;0,49;0,25;50%;0,12;0,25;66,67%;8,15;0,62;0,74;-;4,44;1,73;2,72;4,57;1,36;1,48;1,48;0,25;16,67%;0,62;0,37;0,62;-;0%;0,26;1,97;0,46;66,67%;0,25;0,37;31,25%;10;72,79%;34,94;25,43;-;-;0,86;0,86;-;21,36;25,56;83,57%;21,05%;0,49;2,35;60%;0,62;0,37;73,68%;1,73;2,35;0,62;-;1,36
32;Хавьер Родригес Галиано;Сельта;-;-;-;Испания;179;2798;З ПЦ;5,79;53,89%;1,58;69,39%;0,8;-;0,06;0,19;0%;0,06;1,06;0,42;0,1;23,08%;0,61;0,19;0,03;0,45;0,06;0%;0,04;0,04;0,32;40%;1,06;0,19;-;0,32;0,1;30%;0,23;0,03;14,29%;-;0,19;31,58%;4,5;0,29;1,09;-;3,67;2,99;0,68;2,67;0,19;1,09;1,99;0,84;41,94%;0,26;-;1,61;1;62%;0,08;-;-0,21;0%;-;0,1;57,14%;9;87,97%;72,73;63,98;-;-;2,25;2,22;0,03;55,42;61,18;90,59%;0%;-;0,06;50%;1,67;0,84;74,27%;4,09;5,5;1,8;-;4,37
3;Хайро Изкуиердо Гонсалес;Эльче;32;165;64;Испания;-;30;П Ц;3;0%;3;0%;-;-;-;-;-;-;-;-;-;-;-;-;-;-;-;-;-;-;-;-;-;-;-;-;-;-;-;-;-;-;-;-;9;-;-;-;6;3;3;3;-;-;-;-;-;-;-;-;-;-;-;-;-0,09;-;-;-;-;9;80%;45;36;-;-;-;-;-;36;42;85,71%;0%;-;9;-;-;-;-;-;-;3;-;3
18;Херард Мартин;Барселона;24;186;76;Испания;201;2320;З ЛЦ;6,17;70,44%;1,75;71,11%;0,66;-;-;0,08;0%;0,08;0,27;0,27;0,16;57,14%;0,81;0,27;-;0,39;0,16;50%;0,02;0,06;0,31;47,06%;0,62;0,43;-;0,19;0,12;60%;0,12;0,08;66,67%;-;0,5;61,9%;4,73;0,23;1,75;-;3,65;2,75;0,89;1,82;0,16;1,24;2,52;1,75;69,23%;0,23;0,08;1,55;1,16;75%;0,06;-;0,68;50%;0,04;0,08;60%;9;90,35%;90,47;81,74;-;-;3,18;3,06;0,12;70,95;77,74;91,27%;7,69%;0,04;0,5;36,59%;1,59;0,58;78,57%;5,97;7,6;1,44;-;6,4
10;Хессем Хассан;Реал Овьедо;24;175;70;Египет, Алжир;165;2082;АП П;13,66;41,14%;8,9;43,69%;2,29;-;0,17;0,3;0%;0,35;1,08;1,47;0,35;23,53%;0,99;0,3;0,13;6,05;3,8;38,64%;0,09;0,07;0,52;22,64%;0,52;0,26;-;0,78;0,17;22,22%;-;-;-;-;0,52;52,17%;6,74;0,22;0,61;-;7,61;2,25;5,36;8,04;3,41;3,89;0,35;0,09;25%;2,64;1,47;2,16;0,73;34%;0,06;-;-0,8;25%;0,17;0,69;43,57%;14;64,87%;39,25;25,46;-;-;0,73;0,69;0,04;17,94;22,56;79,5%;13,27%;0,56;4,24;57,58%;1,43;0,82;66,67%;1,21;1,82;1,25;-;1,73
12;Хесус Аресо Бланко;Атлетик Бильбао;27;182;81;Испания;187;1645;З П;7,88;65,97%;3,23;59,32%;0,6;-;0,11;0,11;0%;0,49;0,38;0,16;-;0%;2,84;0,44;0,05;1,64;0,88;62,5%;0;0,08;0,16;27,27%;1,04;0,27;-;0,11;-;0%;-;-;-;-;1,04;36,54%;8,21;0,27;1,31;-;5,91;3,67;2,24;2,68;0,88;1,91;2,35;1,86;79,07%;0,77;0,55;1,64;1,31;80%;0,03;-;0,32;0%;-;0,05;46,67%;13;77,32%;56,68;43,82;-;-;0,77;0,71;0,05;33,48;43,5;76,98%;18,52%;0,55;2,95;33,33%;1,15;0,38;55,79%;2,9;5,2;0,77;-;4,27
21;Хесус Вазкез Алькальде;Валенсия;23;172;-;Испания;183;1134;З Л;11,03;48,92%;5,24;54,55%;0,71;-;-;0,08;0%;0,32;0,63;0,63;0,16;25%;0,71;0,4;0,16;2,86;0,79;40%;0,04;0,13;0,4;55,56%;1,35;0,24;-;0,16;-;0%;-;-;-;-;0,4;55,56%;5,95;0,24;1,27;-;4,84;2,22;2,62;5,63;1,19;2,86;1,75;0,95;54,55%;1,67;0,32;2,38;1,03;43,33%;0,06;-;0,29;33,33%;0,16;0,48;58,33%;11;77,98%;51,9;40,48;-;-;0,95;0,79;0,16;30,56;35,87;85,18%;15,79%;0,24;1,51;42,86%;0,56;0,24;72,97%;2,14;2,94;1,35;-;3,33
21;Хиль;Жирона;25;175;60;Испания;176;1644;АП Л;14,73;39,03%;10,07;40,22%;2,79;-;0,16;0,44;0%;0,55;2,03;1,48;0,38;25,93%;1,86;0,6;0,33;4,98;2,79;37,25%;0,17;0,23;0,93;33,33%;1,09;0,33;-;1,09;0,27;25%;0,05;-;0%;-;0,93;50%;13,25;1,04;0,77;-;7,28;2,74;4,54;8,98;3,18;4,05;0,93;0,22;23,53%;1,81;1,04;1,97;0,93;47,22%;0,12;-;-0,12;28,57%;0,11;0,38;36,26%;15;68,33%;48,23;32,96;-;-;0,49;0,38;0,11;24,8;30;82,66%;23,08%;0,49;2,14;30%;0,55;0,16;56,67%;0,93;1,64;1,64;-;1,86
36;Хоакин Мартинез Гауна;Севилья;22;-;-;Испания;179;1481;З Л;9,05;51,68%;5,23;58,14%;1,46;0,12;0,24;0,43;42,86%;0,79;0,97;0,97;0,49;50%;4,07;0,55;0,18;2,01;1,4;47,83%;0,09;0,1;0,67;45,83%;0,73;0,36;0,18;0,49;0,3;62,5%;0,06;0,06;100%;-;1,58;38,81%;7,17;0,49;0,85;-;7,23;3,83;3,4;4,38;0,97;3,04;1,88;0,91;48,39%;1,03;0,67;1,94;0,97;50%;0,09;0,75;0,06;37,5%;0,18;0,49;51,52%;14;68,48%;45,88;31,42;-;-;0,79;0,73;0,06;24,25;33,85;71,63%;8,11%;0,18;2,25;37,93%;1,76;0,67;55,1%;1,64;2,98;1,52;-;3,04
22;Хоан Мохика;Мальорка;33;185;66;Колумбия;184;2972;З Л;7,15;52,12%;3,21;39,62%;0,51;-;0,12;0,06;0%;0,45;0,91;0,51;0,06;11,76%;1,94;0,39;0,06;1,39;0,51;35,29%;0,01;0,12;0,15;29,41%;0,88;0,36;-;0,09;-;0%;0,03;-;0%;-;0,85;43,75%;6,03;0,09;1,48;-;6,48;4,42;2,06;3,42;0,94;1,27;1,18;0,67;56,41%;0,45;0,18;1,33;1,03;77,27%;0,03;-;-0,37;14,29%;0,06;0,42;32,61%;13;77,14%;58,69;45,27;-;-;1,24;1,24;-;37,22;46,76;79,6%;18,42%;0,42;2,3;24,07%;3,27;0,79;63,41%;3,94;6,21;1,76;-;5,39
41;Хорхе Монтес Гарсия;Хетафе;22;-;-;Испания;-;34;П Л;21,18;50%;10,59;50%;2,65;-;-;-;-;-;-;-;-;-;-;-;-;5,29;-;-;-;-;-;0%;2,65;-;-;-;-;-;-;-;-;-;-;-;5,29;-;5,29;-;10,59;-;10,59;10,59;0;5,29;7,94;-;0%;5,29;-;-;-;-;-;-;-0,56;-;-;-;100%;13;72,22%;47,65;34,41;-;-;-;-;-;23,82;26,47;90%;0%;-;5,29;-;-;-;-;-;-;-;-;5,29
14;Хорхе Сабелло Трухильо;Леванте;-;-;-;Испания;162;401;З ЛЦ;6,96;64,52%;2,24;90%;-;-;-;-;-;-;0,67;-;-;-;-;-;-;0,45;0,22;100%;-;0,02;-;-;0,67;0,22;-;-;-;-;-;-;-;-;-;-;0,22;-;1,35;-;2,24;2,24;-;2,47;0;2,02;3,37;1,57;46,67%;0,45;0,22;1,57;1,35;85,71%;-;-;-1,02;-;-;-;100%;6;84,62%;40,85;34,56;-;-;-;-;-;23,79;27,61;86,18%;-;-;-;28,57%;1,57;0,45;46,15%;1,35;2,92;0,67;-;2,47
28;Хорхе Честеро Санчо;Реал Мадрид;20;-;-;Испания;-;16;П ПЦ;16,88;33,33%;-;-;-;-;-;-;-;-;-;-;-;-;-;-;-;-;-;-;-;-;-;-;-;-;-;-;-;-;-;-;-;-;-;-;5,62;-;-;-;5,62;5,62;-;11,25;-;-;-;-;-;-;-;11,25;-;0%;-;-;-1,07;-;-;-;-;23;60%;56,25;33,75;-;-;-;-;-;22,5;33,75;66,67%;-;-;-;-;-;-;-;-;-;-;-;-
2;Хосе Анхель Кармона Наварро;Севилья;24;184;-;Испания;184;2823;З П;9,53;55,18%;4,08;59,38%;0,73;0,03;0,1;0,16;20%;0,26;1,47;0,64;0,1;15%;1,63;0,32;0,1;1,63;0,54;35,29%;0,03;0,06;0,29;39,13%;1,66;0,35;0,03;0,32;0,06;20%;0,03;-;0%;-;0,61;37,25%;5,58;0,29;1,47;-;5,48;3,79;1,69;4,27;1,02;2,42;2,14;1,43;67,16%;0,61;0,19;2,58;1,15;44,44%;0,05;0,97;-0,29;10%;0,03;0,32;37,25%;14;76,27%;60,19;45,91;-;-;1,63;1,53;0,1;35,71;45,18;79,04%;15,38%;0,13;0,83;42,86%;2,01;0,86;58,72%;3,22;5,48;1,28;-;4,81
14;Хосе Гайя;Валенсия;31;172;66;Испания;184;2626;З Л;7,51;60,27%;2,3;47,76%;1,06;0,03;0,1;0,21;16,67%;0,27;0,69;0,45;0,1;23,08%;1,51;0,34;0,1;0,89;0,72;47,62%;0,03;0,07;0,45;41,94%;1,06;0,21;0,03;0,31;0,1;33,33%;0,1;-;0%;-;0,96;63,64%;6,75;0,31;0,99;-;4,01;2,3;1,71;2,98;0,51;1,1;1,37;0,82;60%;0,38;0,34;2,23;1,58;70,77%;0,07;0,94;-0,08;0%;-;0,14;42,31%;10;81,39%;51,37;41,81;-;-;0,79;0,79;-;32,49;38,73;83,89%;12,33%;0,31;2,5;44,19%;1,47;0,65;59,63%;2,23;3,74;0,65;-;3,94
18;Хосе Луис Вайя Луис Гарсиа Вая;Валенсия;27;185;73;Испания;182;2414;ЗП ЛЦ;7,16;59,38%;2,2;59,32%;0,93;0,07;-;0,3;37,5%;0,52;0,52;0,89;0,15;16,67%;2,35;0,45;0,04;0,37;0,11;66,67%;0,14;0,12;0,37;40%;1,12;0,15;0,11;0,37;0,11;30%;0,19;-;0%;-;0,97;41,27%;4,14;0,19;1,75;-;3,09;2,39;0,71;2,91;0,07;1,3;2,05;1,08;52,73%;0,3;0,07;1,98;1,34;67,92%;0,16;1,89;0,06;7,14%;0,04;0,52;80%;12;81,95%;65,28;53,5;-;-;1,79;1,75;0,04;44,85;52,98;84,66%;0%;-;0,3;51,72%;3,24;1,68;64,48%;4,4;6,82;0,71;-;4,73
37;Хосе Луис Перес дель Амо;Хетафе;22;-;-;Испания;-;34;Ф ПЦ;13,24;40%;7,94;33,33%;2,65;-;-;2,65;0%;-;5,29;2,65;-;0%;-;-;-;-;-;-;0,08;-;-;0%;2,65;-;-;2,65;-;0%;2,65;-;0%;-;-;-;7,94;2,65;-;-;5,29;2,65;2,65;7,94;-;2,65;13,24;5,29;40%;-;-;-;-;-;0,03;-;0,03;-;-;-;-;19;41,67%;31,76;13,24;-;-;-;-;-;2,65;10,59;25%;-;-;-;-;-;-;0%;-;2,65;-;-;2,65
12;Хосе Салинас Моран;Эспаньол;25;179;69;Испания, США;171;315;З Л;6,29;50%;3,71;69,23%;0,57;-;-;0,29;0%;0,57;1,14;0,29;0,29;100%;2;0,86;-;1,43;0,86;33,33%;0,1;0,08;0,29;50%;2,29;-;-;0,29;0,29;100%;-;-;-;-;1,14;57,14%;5,71;0,29;0,29;-;4,29;2,86;1,43;3,14;0,57;2,57;2,86;0,86;30%;0,86;0,29;0,86;0,29;33,33%;0,35;-;-0,19;-;-;-;60%;11;76,74%;49,14;37,71;-;-;0,29;-;0,29;30,86;38,86;79,41%;0%;-;0,57;0%;0,57;-;33,33%;0,86;2,57;0,86;-;2
23;Хосе Саломон Рондон Хименес;Реал Овьедо;36;189;85;Венесуэла;155;1113;Ф Ц;11,73;48,28%;9,3;53,04%;3,56;0,16;-;0,65;25%;0,24;1,78;1,94;0,49;25%;0,16;0,16;0,97;1,62;0,73;33,33%;0,28;0,01;1,62;45,45%;0,89;0,24;0,16;1,54;0,49;31,58%;0,65;0,16;25%;0,08;0,16;100%;4,2;1,13;0,73;-;7,36;2,83;4,53;6,06;0,89;4,93;7,04;3,72;52,87%;0,73;0,24;0,32;0,16;50%;0,15;1,76;-0,99;0%;-;0,4;45%;12;61,85%;32,43;20,05;-;-;0,57;0,49;0,08;12,21;17,06;71,56%;-;-;-;66,67%;0,49;0,32;60%;0,97;1,62;1,78;-;1,13
2;Хосе Хименес;Атлетико Мадрид;31;185;80;Уругвай, Испания;194;1285;З ПЦ;9,39;56,72%;3,08;54,55%;2,73;-;0,07;0,56;0%;0,14;0,7;0,91;0,21;23,08%;0,28;0,07;0,07;0,28;0,07;0%;0,18;0,03;1,19;43,59%;1,4;0,14;-;0,91;0,21;23,08%;0,84;0,14;16,67%;-;-;0%;1,05;0,49;1,68;-;2,73;2,1;0,63;4,06;0,14;1,68;5,39;2,8;51,95%;0,14;-;1,75;1,05;60%;0,2;-;0,45;-;-;-;50%;10;86,05%;73,82;63,53;-;-;1,75;1,75;-;50,85;56,38;90,19%;-;-;-;46,67%;2,1;0,98;69,14%;3,92;5,67;0,91;-;6,37
3;Хосеп Мария Чаварриа Перес;Райо Вальекано;28;174;-;Испания;191;2963;З Л;7,41;50,82%;3,25;46,73%;0,7;0,03;0,06;0,09;33,33%;0,33;1,06;0,55;0,09;16,67%;1,82;0,27;0,09;1,52;0,76;24%;0,02;0,11;0,27;39,13%;1;0,27;0,03;0,15;-;0%;-;-;-;-;1,06;58,33%;6,8;0,12;1,18;0,06;5,5;3,28;2,22;3,64;0,97;1,52;1,61;0,61;37,74%;0,55;0,18;1,37;0,91;66,67%;0,04;0,76;0,21;23,08%;0,09;0,39;36%;12;80,34%;61,66;49,54;-;-;1,12;1;0,12;40,28;48,23;83,5%;17,54%;0,3;1,73;33,33%;1,91;0,64;62,16%;2,79;4,5;1,34;0,18;4,77
21;Хуан Антонио Иглесиас Санчес;Хетафе;27;187;79;Испания;172;3500;З П;10,95;53,29%;3,63;48,23%;0,44;0,03;0,05;0,13;40%;0,23;1,8;0,67;0,13;19,23%;3,63;0,18;0,03;1,77;0,59;43,48%;0,04;0,07;0,18;41,18%;1,65;0,23;0,05;0,13;0,08;60%;0,05;-;0%;-;1;27,66%;3,55;0,1;1,39;-;6,2;4,06;2,13;5,12;1;1,75;1,85;0,82;44,44%;0,77;0,26;3,29;2,01;60,94%;0,05;1,39;-0,13;9,52%;0,05;0,54;43,48%;18;64,88%;50,3;32,63;-;-;1,39;1,36;0,03;20,78;32,76;63,42%;20%;0,33;1,67;32,81%;3,29;1,08;48,41%;3,52;7,28;1,08;-;3,63
3;Хуан Круз;Осасуна;33;182;79;Испания;173;730;З ЛЦ;3,33;59,26%;0,99;25%;0,49;-;-;-;-;0,12;0,37;0,12;-;0%;1,97;0,12;-;0,49;-;-;0,06;0,01;-;0%;0,49;0,12;-;0,12;-;0%;-;-;-;-;0,86;43,75%;0,62;-;0,86;-;3,21;2,22;0,99;1,36;0,25;0,25;1,36;0,62;45,45%;0,25;-;0,74;0,49;66,67%;0,52;-;-0,2;-;-;-;50%;6;84,24%;40,68;34,27;-;-;1,11;1,11;-;27,74;32,67;84,91%;40%;0,25;0,62;25%;1,48;0,37;62,96%;2,1;3,33;0,99;-;4,19
16;Хуан Луис Санчез Веласко;Севилья;22;183;68;Испания;185;2126;З П;11,43;53,7%;5,88;52,52%;2,29;-;0,17;0,3;14,29%;0,51;1,95;0,59;0,08;14,29%;1,44;0,34;0,17;2,29;0,93;50%;0,04;0,12;1,06;46,3%;1,06;0,38;0,04;0,47;0,08;18,18%;0,08;0,04;50%;-;1,19;82,35%;9,31;0,63;0,93;-;5,04;2,5;2,54;5,29;1,14;3,09;1,9;0,85;44,44%;1,14;0,47;3,01;1,69;56,34%;0,07;-;-0,31;0%;-;0,13;50%;12;76,82%;51,14;39,29;-;-;1,19;1,19;-;29,84;35,9;83,14%;28,26%;0,55;1,95;60%;1,27;0,76;66,67%;2,03;3,05;0,97;-;3,01
8;Хуан Маркос Фойт;Вильярреал;28;187;69;Аргентина, Испания;193;1012;З ПЦ;4,98;75%;1,25;85,71%;0,36;-;-;0,09;0%;-;0,09;0,18;-;0%;0,8;-;-;0,36;-;-;0,02;0,02;0,18;50%;0,71;0,18;-;0,18;-;0%;0,18;-;0%;-;0,18;22,22%;0,89;0,09;0,98;-;2,49;2,49;-;1,25;0,09;1,07;1,42;0,8;56,25%;0,27;-;1,25;1,16;92,86%;0,11;-;0,68;-;-;-;75%;7;89,64%;63,5;56,92;-;-;1,07;0,98;0,09;45,18;50,34;89,75%;-;-;-;52,94%;3,02;1,6;60,42%;2,58;4,27;0,62;-;6,31
32;Хуан Фернандо Аранго Тортолеро;Жирона;20;-;-;Венесуэла;-;25;АП ЛЦ;10,8;66,67%;10,8;66,67%;-;-;-;-;-;-;-;-;-;-;-;-;-;7,2;7,2;100%;-;-;-;-;3,6;-;-;-;-;-;-;-;-;-;-;-;7,2;-;-;-;3,6;-;3,6;3,6;0;7,2;-;-;-;7,2;7,2;-;-;-;-;-;0,04;-;-;-;100%;4;83,33%;21,6;18;-;-;-;-;-;10,8;10,8;100%;-;-;-;-;-;-;-;-;-;-;-;-
7;Хуанми;Хетафе;33;172;69;Испания;150;221;Ф ЛЦ;8,96;36,36%;5,7;50%;3,67;0,41;-;0,41;100%;0,81;0,41;0,81;0,41;50%;0,81;0,81;1,22;0,81;-;-;0,19;0,1;2,04;55,56%;0,81;0,41;0,41;0,81;0,41;50%;-;-;-;-;0,41;50%;5,7;0,81;0,81;-;4,48;1,63;2,85;5,7;0,41;2,85;5,29;2,04;38,46%;0,41;-;0,81;-;0%;0,23;0,47;-0,58;-;-;-;50%;11;56,45%;25,25;14,25;-;-;-;-;-;10,18;15,07;67,57%;-;-;-;0%;0,41;-;-;-;-;1,22;-;1,22
19;Хулиан Альварес;Атлетико Мадрид;26;170;71;Аргентина, США;185;2034;Ф ЛЦ;8,01;40,88%;5,62;44,09%;3,32;0,35;0,18;1,24;28,57%;1,42;0,8;2,43;1,19;49,09%;4,96;0,93;0,09;2,39;1,64;51,35%;0,35;0,31;2,21;66,67%;0,62;0,71;0,35;1,15;0,75;65,38%;0,09;0,04;50%;-;2,26;45,54%;13,05;1,19;0,62;-;5,31;2,65;2,65;4,73;1,24;2,48;1,11;0,22;20%;1,15;0,84;0,97;0,31;31,82%;0,14;0,98;0,55;34,48%;0,44;1,28;48,15%;13;71,18%;45,13;32,12;-;-;0,97;0,93;0,04;26,59;33,63;79,08%;22,73%;0,22;0,97;76%;1,11;0,84;69,09%;1,68;2,43;1,02;-;1,15
34;Хулио Диаз Дел Ромо;Атлетико Мадрид;21;-;-;Испания, Чили;200;337;З Л;10,15;52,63%;3,47;69,23%;1,34;-;0,27;-;-;0,8;0,8;0,27;-;0%;0,53;0,8;0,27;2,67;1,34;40%;0,01;0,14;1,07;80%;1,07;0,53;-;0,27;-;0%;-;-;-;-;0,53;100%;9,08;0,53;0,27;-;5,61;3,2;2,4;4,81;0,8;2,4;1,87;0,53;28,57%;1,87;0,53;3,2;1,87;58,33%;0,03;-;-0,22;-;-;-;70%;10;82,27%;58,75;48,34;-;-;0,8;0,53;0,27;39,79;45,13;88,17%;33,33%;0,27;0,8;100%;0,27;0,27;42,86%;0,8;1,87;1,07;-;4,01
38;Хьюго Бурцио Гарсиа;Сельта;19;150;39;Испания;-;11;З Ц;8,18;100%;-;-;-;-;-;-;-;-;-;-;-;-;-;-;-;-;-;-;-;-;-;-;-;-;-;-;-;-;-;-;-;-;-;-;-;-;16,36;-;-;-;-;0;-;-;-;-;-;-;-;-;-;-;-;-;0;-;-;-;-;0;100%;49,09;49,09;-;-;-;-;-;40,91;40,91;100%;-;-;-;-;-;-;-;-;-;-;-;24,55
30;Хьюго Гонзалез Гонзалез Сотос;Сельта;23;-;-;Испания;-;11;АП ЛЦ;24,55;33,33%;16,36;50%;-;-;-;-;-;-;-;-;-;-;8,18;-;-;8,18;8,18;0%;-;-;-;-;-;-;-;-;-;-;-;-;-;-;-;0%;16,36;-;-;-;16,36;8,18;8,18;16,36;8,18;8,18;-;-;-;-;-;-;-;-;-;-;-4,09;-;-;-;0%;33;33,33%;49,09;16,36;-;-;-;-;-;8,18;24,55;33,33%;-;-;-;-;-;-;-;-;-;-;-;-
34;Хьюго Гранадос Солозабал;Хетафе;23;-;-;Испания;-;14;ЗП ЛЦ;12,86;0%;-;-;-;-;-;-;-;-;-;-;-;-;-;-;-;-;-;-;-;-;-;-;-;-;-;-;-;-;-;-;-;-;-;-;-;-;-;-;-;-;-;12,86;-;-;-;-;-;-;-;6,43;-;0%;-;-;-;-;-;-;-;13;71,43%;45;32,14;-;-;-;-;-;32,14;32,14;100%;-;-;-;-;-;-;-;-;-;-;-;-
9;Хьюго Дуро Пералес;Валенсия;26;182;70;Испания;160;2164;Ф ЛЦ;9,48;32,89%;6,9;37,35%;4,28;0,42;-;0,96;43,48%;0,42;1,62;1,54;0,71;45,95%;0,12;0,37;0,25;0,79;0,25;16,67%;0,37;0,08;1,95;45,63%;0,91;0,5;0,42;1,54;0,71;45,95%;0,67;0,21;31,25%;0,12;0,04;33,33%;4,82;1,16;0,5;-;5,74;2,5;3,24;6,36;0,67;2,58;6,11;1,95;31,97%;0,12;0,04;0,83;0,21;25%;0,24;0,89;0;-;-;-;15,79%;12;59,15%;29,32;17,34;-;-;0,33;0,33;-;11,65;16,43;70,89%;0%;-;0,08;66,67%;0,25;0,17;46,88%;0,62;1,33;1,29;-;0,91
32;Хьюго Лопес Кортес;Вильярреал;19;-;-;Испания;-;61;П Л;7,38;20%;5,9;25%;1,48;-;-;-;-;-;-;-;-;-;1,48;-;-;1,48;-;-;-;-;-;0%;2,95;-;-;-;-;-;-;-;-;-;-;0%;2,95;-;1,48;-;1,48;-;1,48;5,9;1,48;1,48;1,48;-;0%;-;-;-;-;-;-;-;-0,86;-;-;-;0%;7;58,33%;17,7;10,33;-;-;-;-;-;7,38;8,85;83,33%;0%;-;1,48;-;-;-;-;-;-;1,48;-;1,48
21;Чидера Эджуке;Севилья;28;174;72;Нигерия, Швеция;183;1025;АП П;16,86;52,08%;13,43;52,94%;3,95;0,09;0,09;0,53;16,67%;0,44;1,49;2,11;0,26;12,5%;1,93;0,53;0,18;8,34;4,74;61,11%;0,16;0,2;1,93;48,89%;0,44;0,35;0,09;1,14;0,26;23,08%;-;-;-;-;1,23;63,64%;14,22;0,97;0,79;-;6,41;2,28;4,13;8,08;3,42;7,11;1,49;0,44;29,41%;4,92;2,9;0,61;0,53;85,71%;0,08;1,8;0,32;0%;-;0,97;58,95%;15;70,92%;52,24;37,05;-;-;1,23;1,05;0,18;26,78;32,05;83,56%;5,56%;0,09;1,58;77,78%;1,58;1,23;68%;1,49;2,2;1,32;-;2,63
9;Чиму Авила;Реал Бетис;32;172;81;Аргентина, Испания;162;451;Ф Ц;7,18;38,89%;3,59;38,89%;2,2;0,2;-;0,6;33,33%;1;1,6;1,6;0,4;25%;3,79;1;0,4;0,4;0,2;0%;0,32;0,14;1;45,45%;1,2;0,2;0,2;1,2;0,4;33,33%;0,2;0,2;100%;-;2,2;57,89%;7,98;0,4;0,4;-;4,79;1,8;2,99;4,39;0,4;1,4;3,39;1,6;47,06%;-;-;1,2;0,4;33,33%;0,2;1,58;0,05;0%;-;0,4;0%;13;63,28%;35,32;22,35;-;-;0,4;0,4;-;16,16;23,55;68,64%;25%;0,2;0,8;66,67%;1,2;0,8;33,33%;0,6;1,8;0,4;-;1,2
18;Шарль Пикель;Эспаньол;29;187;76;ДР Конго, Швейцария;161;822;ЗП ЛЦ;8,54;53,85%;4,49;60,98%;1,09;0,11;-;0,66;16,67%;-;0,22;1,09;0,44;40%;0,33;0,22;-;0,66;0,22;100%;0,07;0,02;0,44;40%;1,64;0,11;0,11;0,44;0,33;75%;0,22;0,11;50%;-;-;0%;4,49;0,44;0,99;-;3,72;1,75;1,97;3,94;0,11;2,74;4,05;2,08;51,35%;0,55;0,22;1,42;0,77;53,85%;0,06;0,6;-0,47;16,67%;0,11;0,66;83,33%;10;75,27%;40,73;30,66;-;-;0,77;0,77;-;22,45;27,92;80,39%;0%;-;0,22;100%;0,33;0,33;54,17%;1,42;2,63;0,44;-;2,3
18;Шералдо Беккер;Осасуна;31;180;77;Суринам, Нидерланды;161;199;П П;6,78;20%;4,07;11,11%;2,71;-;-;0,45;0%;-;0,45;1,36;-;0%;0,9;-;0,45;1,81;0,9;0%;0,12;0,01;0,9;33,33%;1,81;-;-;0,9;-;0%;-;-;-;-;0,9;100%;7,69;0,9;0,9;-;8,14;3,17;4,97;5,43;1,81;0,45;1,81;-;0%;-;-;-;-;-;0,09;-;-0,1;0%;-;0,45;0%;14;59,21%;34,37;20,35;-;-;0,9;0,9;-;15,83;23,07;68,63%;12,5%;0,45;3,62;40%;2,26;0,9;100%;0,9;0,9;0,45;-;3,17
3;Эдер Габриель Милитао;Реал Мадрид;28;186;78;Бразилия;216;1247;З ПЦ;7,15;62,63%;2,6;58,33%;3,03;0,14;0,07;0,72;30%;0,43;1,01;1,52;0,65;42,86%;0,36;0,29;-;0,58;0,29;50%;0,18;0,1;1,44;47,62%;1,08;0,65;0,22;1,15;0,43;37,5%;1,08;0,51;46,67%;0,07;-;0%;2,38;0,43;1,15;-;2,67;2,02;0,65;2,67;0,36;1,52;3,25;1,88;57,78%;0,22;0,14;1,37;1,15;84,21%;0,12;1,24;0,75;60%;0,22;0,36;37,5%;9;87,77%;70,8;62,14;-;-;2,45;2,45;-;50,88;56,01;90,85%;-;-;-;42,55%;3,39;1,44;63,29%;3,61;5,7;0,79;-;5,49
49;Эдер Гарсиа Алтуна;Атлетик Бильбао;22;-;-;Испания;-;49;ЗП ПЦ;3,67;100%;1,84;100%;1,84;-;-;-;-;-;-;1,84;-;0%;-;-;-;-;-;-;0,13;-;-;0%;3,67;-;-;1,84;-;0%;-;-;-;-;-;-;1,84;-;-;-;1,84;1,84;-;0;-;1,84;1,84;1,84;100%;-;-;-;-;-;0,07;-;1,16;-;-;-;-;13;75%;51,43;38,57;-;-;-;-;-;33,06;44,08;75%;-;-;-;-;-;-;-;-;-;-;-;3,67
6;Эдуардо Камавинга;Реал Мадрид;23;182;68;Франция, Конго;198;1659;ЗП ЛЦ;9,39;61,85%;3,09;59,65%;0,81;0,05;0,05;0,16;33,33%;0,49;1,74;0,71;0,11;15,38%;1,41;0,54;0,11;1,19;0,43;62,5%;0,06;0,16;0,49;60%;1,9;0,38;0,05;0,16;0,05;33,33%;0,11;0,05;50%;0,05;0,65;46,15%;9,49;0,22;2,22;-;3,74;2,17;1,57;3,58;0,49;1,84;0,98;0,54;55,56%;0,71;0,27;2,82;2,06;73,08%;0,09;1,13;0,49;10%;0,05;0,54;59,09%;9;87,78%;73,67;64,67;-;-;4,01;4,01;-;54,85;59,67;91,91%;50%;0,11;0,22;68,57%;1,9;1,3;79,03%;5,32;6,73;0,98;-;5,05
8;Эдуардо Экспосито Джаен;Эспаньол;29;178;68;Испания;182;2699;ЗП ЛЦ;8,2;54,07%;4,3;57,36%;0,7;0,03;0,23;0,3;11,11%;1,97;1,43;1,47;0,47;31,82%;8,94;1,2;0,07;1,53;0,43;53,85%;0,09;0,41;0,23;33,33%;0,97;0,53;0,03;0,33;0,1;30%;0,03;-;0%;-;3,13;35,07%;6,2;0,2;1,43;-;6,27;4,43;1,83;3,77;0,43;2,47;1,47;0,63;43,18%;1,1;0,23;1,73;0,97;55,77%;0,06;2,61;-0,02;32,35%;0,37;1,13;71,74%;17;67,37%;52,32;35,25;-;-;2,07;2;0,07;28,21;40,52;69,63%;9,72%;0,23;2,4;35,14%;2,47;0,87;57,66%;4,27;7,4;0,83;-;2,87
2;Эктор Беллэрин;Реал Бетис;31;177;74;Испания;196;2004;З П;6,02;54,48%;1,89;52,38%;1,3;0,09;0,13;0,13;66,67%;0,58;0,18;0,31;0,22;71,43%;0,9;0,49;0,09;0,63;0,36;37,5%;0,03;0,16;0,76;58,62%;0,67;0,49;0,09;0,27;0,22;83,33%;0,04;0,04;100%;-;0,63;70%;8,67;0,72;0,9;-;3,95;2,69;1,26;2,74;0,31;0,99;1,3;0,76;58,62%;0,31;0,13;2,11;1,26;59,57%;0,08;0,29;0,16;0%;-;0,04;50%;9;85,76%;64,67;55,46;-;-;1,3;1,3;-;47,2;53,58;88,1%;18,18%;0,18;0,99;65%;0,9;0,58;76,04%;3,28;4,31;1,53;-;3,86
39;Эктор Форт Гарсиа;Эльче;19;185;-;Испания;185;539;З П;11,69;41,43%;6,35;42,11%;2;0,33;0,33;0,67;50%;0,33;0,17;2;0,83;41,67%;0,67;0,33;0,33;3,17;2;41,67%;0,12;0,03;1,34;66,67%;0,83;0,83;0,33;1;0,5;50%;-;-;-;-;0,5;75%;11,19;0,5;1;-;6,18;3,01;3,17;6,85;1,84;2,67;1,84;1;54,55%;1,34;0,83;1,5;1;66,67%;0,06;0,34;-0,47;33,33%;0,33;1;42,11%;13;72,24%;46,92;33,9;-;-;0,33;0,33;-;24,38;29,39;82,95%;25%;0,33;1,34;44,44%;1,5;0,67;41,67%;0,83;2;0,83;-;3,51
14;Эмерик Лапорт;Атлетик Бильбао;32;189;85;Испания, Франция;179;2242;З ЛЦ;5,98;69,13%;1,81;75,56%;1,4;-;0,04;0,44;9,09%;0,16;0,52;0,6;0,24;40%;0,56;0,08;0,04;0,08;-;-;0,09;0,01;0,64;45,71%;0,4;0,12;0,04;0,52;0,24;46,15%;0,44;0,12;27,27%;-;0,12;21,43%;0,84;0,36;1,85;-;2,57;1,97;0,6;1,85;0;1,36;3,61;2,45;67,78%;0,08;-;1,16;0,8;68,97%;0,16;-;0,33;0%;-;0,08;100%;8;88,01%;63,59;55,96;-;-;1,97;1,97;-;44,68;50,1;89,18%;-;-;-;44,16%;3,09;1,36;56,74%;3,21;5,66;0,68;-;6,86
9;Эндрик;Реал Мадрид;19;173;66;Бразилия;-;13;Ф Ц;13,85;50%;13,85;50%;-;-;-;-;-;-;6,92;-;-;-;-;-;-;13,85;13,85;50%;-;-;-;-;-;-;-;-;-;-;-;-;-;-;-;-;-;-;-;-;-;-;-;6,92;6,92;6,92;-;-;-;6,92;6,92;-;-;-;-;-;0,21;-;-;-;50%;7;50%;13,85;6,92;-;-;-;-;-;-;-;-;-;-;-;-;-;-;-;-;-;-;-;-
11;Энрике Барджа Афонсу;Осасуна;29;179;69;Испания;167;597;АП Л;10,85;41,67%;7,54;44%;3,32;0,3;0,45;0,3;100%;0,9;1,66;1,21;0,6;50%;2,86;0,75;0,15;3,17;2,71;33,33%;0,19;0,17;2,11;63,64%;1,66;0,75;0,3;1,06;0,6;57,14%;0,3;0,15;50%;-;0,9;31,58%;10,1;1,06;0,45;-;5,28;1,81;3,47;6,33;2,26;3,32;1,96;1,06;53,85%;0,9;0,9;1,36;0,75;55,56%;0,16;0,64;0,82;0%;-;0,15;28,57%;14;61,89%;36,78;22,76;-;-;-;-;-;15,53;22,61;68,67%;24,49%;1,81;7,39;85,71%;1,06;0,9;40%;0,6;1,51;0,45;-;1,51
7;Энтони Матеус Дос Сантос;Реал Бетис;26;174;63;Бразилия;200;2627;АП П;7,71;44%;4,52;44,7%;3,05;0,27;0,24;1,1;25%;0,93;1,51;3,08;1,2;38,89%;3,22;1,16;0,07;2,33;1,27;40,54%;0,25;0,32;1,54;50,56%;0,69;1,03;0,27;1,58;0,79;50%;-;-;-;-;1,95;60,64%;16,03;1,27;1,16;-;6,27;3,67;2,6;4,32;1,4;2,02;0,69;0,24;35%;0,93;0,51;1,47;0,65;44,19%;0,08;0,93;0,18;27,27%;0,41;1,51;39,71%;14;74,6%;55,3;41,25;-;-;1,06;0,99;0,07;34,57;42,41;81,5%;26,53%;0,45;1,68;52,63%;0,65;0,34;71,23%;1,78;2,5;0,99;-;2,43
24;Эрай Джемерт;Валенсия;28;183;80;Швейцария;175;1460;З ЛЦ;4,68;59,21%;0,92;80%;0,92;0,12;0,06;0,37;33,33%;0,31;0,8;0,68;0,31;45,45%;0,31;0,18;0,06;-;-;-;0,12;0,06;0,55;60%;0,55;0,18;0,12;0,49;0,31;62,5%;0,31;0,12;40%;0,06;0,06;20%;0,8;0,25;0,99;-;3,76;3,08;0,68;1,91;-;0,74;1,91;1,05;54,84%;-;-;1,17;0,68;57,89%;0,18;0,97;0,08;0%;-;0,18;-;9;85,15%;62,26;53,01;-;-;1,23;1,23;-;42,84;49,81;86,01%;100%;0,06;0,06;43,48%;4,25;1,85;52,87%;2,84;5,36;1,05;-;5,24
2;Эрик Бертранд Байи;Реал Овьедо;32;187;77;Кот-д'Ивуар;176;1335;З ПЦ;6,74;71%;2,02;73,33%;0,81;0,07;-;0,27;25%;-;0,47;0,34;0,07;20%;0,4;0,07;-;0,61;0,13;100%;0,04;0,06;0,34;41,67%;0,88;0,13;0,07;0,34;0,07;20%;0,27;0,07;25%;0,07;-;0%;0,4;0,2;0,74;-;2,56;2,36;0,2;1,96;0,2;1,48;4,18;2,97;70,97%;0,4;0,13;0,74;0,61;81,82%;0,11;0,53;-0,65;-;-;-;66,67%;8;85,26%;53,53;45,64;-;-;0,47;0,47;-;32,63;38,29;85,21%;-;-;-;25%;1,62;0,4;38,3%;1,21;3,17;0,81;-;5,19
24;Эрик Гарсия;Барселона;25;182;76;Испания;207;2966;З П;7,53;57,66%;2,31;63,16%;1,61;0,03;0,06;0,21;14,29%;0,24;0,73;0,76;0,24;32%;1,3;0,52;0,03;0,36;0,12;50%;0,11;0,09;0,82;50,94%;1;0,3;0,03;0,52;0,21;41,18%;0,36;0,12;33,33%;-;0,73;55,81%;8,44;0,58;1,97;-;3,37;2,43;0,94;3,19;0,27;1,46;2,4;1,27;53,16%;0,09;0,06;2,03;1,34;65,67%;0,15;3,77;1,01;12,5%;0,03;0,24;25%;9;89,18%;87,24;77,8;-;-;3,85;3,79;0,06;68;73,74;92,22%;9,09%;0,03;0,33;50%;1,76;0,88;83,14%;6,43;7,74;1,18;-;4,98
17;Юрий Берчиче Изета;Атлетик Бильбао;36;181;79;Испания;196;2954;З Л;7,07;58,62%;2,38;55,13%;0,79;-;0,21;0,27;22,22%;0,46;1,07;0,73;0,15;20,83%;1,16;0,4;0,09;0,7;0,4;30,77%;0,02;0,15;0,4;50%;0,79;0,46;0,06;0,21;0,06;28,57%;0,06;-;0%;-;0,64;55,26%;6;0,46;2,56;-;4,42;2,99;1,43;2,92;0,4;1,31;2,8;1,77;63,04%;0,3;0,12;1,43;1,04;72,34%;0,03;-;0,39;17,65%;0,09;0,52;43,48%;11;84,15%;66,3;55,79;-;-;2,53;2,53;-;46,19;53,2;86,83%;20,83%;0,3;1,46;50%;1,52;0,76;77,17%;5,15;6,67;0,88;-;6,34
3;Юсеф Энрикез Лехедим;Депортиво Алавес;20;158;52;Испания;175;1482;З Л;6,74;52,25%;3,89;50%;1,09;-;0,06;0,24;0%;0,43;0,79;0,67;0,18;27,27%;2,49;0,3;-;1,52;0,67;18,18%;0,05;0,12;0,61;55,56%;1,52;0,18;-;0,36;0,18;50%;0,06;0,06;100%;-;1,52;60,98%;7,59;0,18;1,15;-;4,31;3,04;1,28;3,22;1,03;1,94;1,46;0,97;66,67%;0,49;0,12;1,34;0,67;50%;0,07;-;0,11;0%;-;0,3;32%;13;76,32%;53,08;40,51;-;-;1,09;1,03;0,06;33,1;41,96;78,87%;26,47%;0,55;2,06;52,17%;1,4;0,73;60%;2;3,34;1,21;-;3,89
10;Яго Аспас;Сельта;38;176;67;Испания;180;1281;АП ПЦ;6,53;40,86%;3,93;44,64%;2,95;0,35;0,28;1,19;29,41%;1,48;1,19;1,97;0,91;46,43%;4,57;0,91;-;1,62;0,84;41,67%;0,31;0,43;1,55;52,38%;0,35;0,63;0,35;1,19;0,49;41,18%;0,14;-;0%;-;2,11;46,15%;17,35;1,48;0,98;-;8,43;5,83;2,6;3,86;0,77;1,76;0,91;0,28;30,77%;0,84;0,35;1,26;0,42;33,33%;0,16;0,88;0,28;54,55%;0,42;0,77;52,17%;15;72,86%;55,93;40,75;-;-;2,32;2,18;0,14;35,69;45,95;77,68%;38,46%;0,35;0,91;58,06%;2,18;1,26;64,65%;4,5;6,96;1,12;-;1,83
7;Яго Де Сантьяго Алонсо;Эльче;23;177;-;Испания;162;314;П Л;9,46;30,3%;5,73;30%;2,58;-;-;0,57;0%;0,29;0,57;0,57;0,29;50%;0,86;-;0,29;2,87;2,01;42,86%;0,08;0,07;0,57;22,22%;0,86;0,57;-;0,57;0,29;50%;-;-;-;-;0,86;100%;14,9;0,29;0,29;-;6,02;1,43;4,59;6,59;1,72;1,72;2,29;0,57;25%;1,15;0,86;1,43;0,57;40%;0,14;-;-1,48;-;-;-;40%;11;73,15%;42,71;31,24;-;-;0,29;0,29;-;26,37;30,96;85,19%;20%;0,29;1,43;-;-;-;100%;0,57;0,57;0,86;-;1,15
17;Ян Виргили;Мальорка;19;-;-;Испания;171;1933;АП Л;13,69;37,07%;10,29;39,82%;3,26;0,09;0,19;0,51;18,18%;0,88;1,16;1,54;0,79;51,52%;1,58;0,74;0,09;5,59;3,31;43,66%;0,1;0,21;1,54;47,14%;1,07;0,56;0,09;0,74;0,47;62,5%;0,09;0,05;50%;-;0,7;44,12%;9,54;0,33;0,7;-;6,98;2,28;4,7;8,61;3,31;4,1;1,77;0,7;39,47%;2,28;1,44;1,16;0,47;40%;0,07;1,11;-0,55;41,18%;0,33;0,79;40,83%;15;61,05%;37,29;22,77;-;-;0,33;0,19;0,14;15,23;20,39;74,66%;7,14%;0,09;1,3;14,29%;0,33;0,05;52,63%;0,47;0,88;1,54;-;1,63
12;Янгель Клементе Эррера Равело;Реал Сосьедад;28;184;78;Венесуэла;176;704;ЗП ПЦ;12,53;61,22%;6,65;69,23%;0,89;-;-;0,51;0%;0,13;2,68;0,77;0,13;16,67%;0,51;0,13;0,26;1,53;0,13;0%;0,08;0,03;0,26;28,57%;1,79;0,26;-;0,51;-;0%;0,26;-;0%;-;0,26;50%;4,22;0,64;2,3;-;4,73;3,2;1,53;4,86;0,51;4,6;5,88;3,71;63,04%;1,02;-;1,66;0,64;38,46%;0,1;-;-1,34;50%;0,13;0,26;66,67%;13;76,11%;54,59;41,55;-;-;1,28;1,15;0,13;28,64;36,18;79,15%;50%;0,13;0,26;40%;1,28;0,51;63,16%;3,07;4,86;1,41;-;4,47
10;Ясер Еснейдер Асприлла Мартинез;Жирона;22;186;-;Колумбия;178;678;П П;9,16;44,93%;5,84;47,73%;1,99;-;-;0,27;0%;0,8;1,19;1,99;0,66;33,33%;3,58;0,53;0,66;3,85;2,39;50%;0,07;0,19;1,19;60%;1,46;0,27;-;0,66;0,4;60%;-;-;-;-;1,99;55,56%;9,56;0,66;0,93;-;5,84;1,33;4,51;5,04;2,12;2,79;0,8;0,13;16,67%;1,73;1,19;0,93;0,53;57,14%;0,03;-;-0,57;20%;0,27;1,33;44,83%;10;71,48%;36,77;26,28;-;-;0,8;0,53;0,27;18,85;22,96;82,08%;15%;0,4;2,65;91,67%;1,59;1,46;83,33%;1,33;1,59;0,93;0,13;1,99
